Time,LegRFlex,LegRAdd,LegRRot,LegRKnee,LegLFlex,LegLAdd,LegLRot,LegLKnee
0.0,19.766889004816676,42.85581346875746,-1.745067222828909,32.60636034847187,26.222240744901946,52.64770398327977,-4.828218642595626,32.54716895724412
0.004,19.714807630515477,43.105541370001106,-1.743868276638392,32.384124068185734,26.23479526025626,52.589747034394044,-4.826345525918284,32.62625121784487
0.008,19.66752663775582,43.346974376435995,-1.7417586561977778,32.171869234266005,26.249698026614816,52.52796057425749,-4.824328724165596,32.70567200645012
0.012,19.627304103015,43.567431492882974,-1.739493996924513,31.976776525208845,26.267818935687465,52.45835893192343,-4.821386601903967,32.785209100725666
0.016,19.597184216416665,43.76119874942289,-1.7372633550266259,31.806070660419824,26.290476323802228,52.37862890319128,-4.81823045221646,32.8644388422384
0.02,19.577241852285784,43.92376182756888,-1.7372396288648384,31.66332624132229,26.317521929669297,52.28804468922671,-4.815904477507226,32.94300130168962
0.024,19.56394894031163,44.05213121286736,-1.7446180153542263,31.54869669997584,26.346988465041733,52.188608895596715,-4.816379915959064,33.02039587008199
0.028,19.549669080678303,44.14894215894446,-1.7678461599952244,31.45884230461618,26.3747145011576,52.084351652997405,-4.8218516513329615,33.096011903805014
0.032,19.525472204014843,44.2148950540067,-1.8159880704596898,31.38796309365458,26.39689234380683,51.981643274620986,-4.83598926011134,33.17005111901156
0.036000000000000004,19.487494486256683,44.25783072501413,-1.890973967225307,31.330898378109804,26.411631950662596,51.883047617572046,-4.8608709561384105,33.241697141247606
0.04,19.439995076689147,44.285973852389986,-1.984373082254125,31.28375552700946,26.42039732376009,51.78744598545658,-4.896155142803384,33.30998522307638
0.044,19.391733074502284,44.306551014013344,-2.082224421414293,31.245794188548288,26.42751129525675,51.691006481724926,-4.939100139755676,33.373577607829496
0.048,19.350347473280692,44.32627443283515,-2.1717957135586103,31.215131316060816,26.43508763620358,51.587470954789325,-4.983829584164647,33.432792723551
0.052000000000000005,19.319331082107496,44.351031746241325,-2.246488722671587,31.189530281740904,26.445752475366344,51.4763057985104,-5.028209424369967,33.488226409735155
0.056,19.298620341628006,44.38609517617431,-2.304893907433455,31.167261120541706,26.458643926337135,51.3564629278112,-5.069556620379289,33.54062525572459
0.06,19.287343063052784,44.43231815067252,-2.3492341393154925,31.147487200202864,26.4728835076442,51.23034667967817,-5.107849576706476,33.58971273366217
0.064,19.28563521374268,44.489113467857976,-2.3815330386657325,31.13026627988432,26.4893055550157,51.09713684560048,-5.143756706882012,33.63722088287298
0.068,19.29437988687079,44.55411842787523,-2.4035011177436685,31.116671307858027,26.508799874559145,50.96010050911298,-5.1796478425214545,33.68186171154899
0.07200000000000001,19.31521655888902,44.623171024839976,-2.4160812235352043,31.108869483697802,26.53380838463169,50.821090046399995,-5.217846446747659,33.724430855164194
0.076,19.349947020871365,44.69311403307716,-2.41950651295654,31.107738851448488,26.565868628065147,50.680534566693765,-5.260195554944268,33.763685031944476
0.08,19.399655735614814,44.761103746230084,-2.4139817516140156,31.113447408933226,26.607643047279858,50.54118942813359,-5.310142286019889,33.800366143399756
0.084,19.46414387337541,44.824041006349454,-2.39989716366742,31.124355415915264,26.660594613398235,50.40452995916799,-5.36979729995122,33.83447813119311
0.08800000000000001,19.542748315123596,44.8799020622794,-2.377264187534497,31.13854919446353,26.725109878280033,50.27141096926585,-5.439477989375584,33.86668328741796
0.092,19.63425026368862,44.926631164153704,-2.3460678071006598,31.15490441007316,26.801222696114134,50.14383629973782,-5.518811406311099,33.89844082076072
0.096,19.73501751672466,44.95985415215387,-2.3091348755950385,31.17129406861274,26.888084927700476,50.02661838852022,-5.607044540669404,33.93014615097912
0.1,19.846249848540438,44.99289122411267,-2.2619439727146227,31.18772298738108,26.982780991044578,49.923487003017556,-5.702552377829705,33.96124989226107
0.104,19.959138004398667,45.01448540361013,-2.214215728325408,31.200864516885822,27.084337642461787,49.83785643668434,-5.805453574033072,33.99338363207848
0.108,20.07149702299078,45.03179684566904,-2.167296122962272,31.210019247194122,27.188819189662258,49.76871834530433,-5.913781222258496,34.02447634751094
0.112,20.17887295253393,45.043760365135256,-2.125568762274593,31.2134143874161,27.295078088348696,49.714589694654265,-6.027753147791304,34.05577141342851
0.116,20.277939448076733,45.05003375574837,-2.0913546251848167,31.20937303900085,27.400310880588638,49.67474737974135,-6.145185024767966,34.08550984940365
0.12,20.367214117262122,45.051014707393314,-2.0647618473291525,31.196788230395033,27.503596221049467,49.643293318915056,-6.264943967200103,34.112563291537676
0.124,20.447898812118577,45.049151023823995,-2.0436971382038145,31.175325334781384,27.605782997887957,49.61814005055438,-6.386802038161458,34.1355630059012
0.128,20.521690257834948,45.04946581855776,-2.0254564210839576,31.143477543499916,27.70914822949001,49.59777658026876,-6.511728375890783,34.15424127968255
0.132,20.590682118308738,45.05608945958439,-2.0078622869554135,31.10113310260138,27.81627812427215,49.582195830687226,-6.64159009678994,34.168630262144255
0.136,20.656814640548962,45.07249201747006,-1.9892637434123672,31.047521343787945,27.9298815727238,49.57373657344218,-6.779109242121721,34.179176140617884
0.14,20.72223732228496,45.10059800253895,-1.9691204996768068,30.98352871921601,28.05132257056525,49.57179741024155,-6.9253700889629615,34.188306648260664
0.14400000000000002,20.790269524213773,45.1416392690037,-1.9467087736782969,30.913136872307497,28.181753496819486,49.57830974232475,-7.081289442074647,34.19678064550793
0.14800000000000002,20.8651274041787,45.198651709758614,-1.9198982500888158,30.840346377428496,28.321986289240776,49.59502436437607,-7.2465513597677464,34.20631728345378
0.152,20.950751121775,45.274564273696704,-1.8862013722411002,30.770733262894396,28.471530030015217,49.619440145161334,-7.4186466230128385,34.21848895601676
0.156,21.049686270658373,45.37303641937975,-1.84327003875621,30.707029937720367,28.630698719522584,49.65283694223113,-7.59737497720569,34.23246252415826
0.16,21.161986501209597,45.488876503022965,-1.7901951521004926,30.649727976092695,28.7972300106213,49.69138168502511,-7.779446074773716,34.24841609217208
0.16399999999999998,21.285566125816835,45.61989279348167,-1.7271932821586453,30.598094604597023,28.97210613372016,49.73925950597614,-7.966990052316203,34.26355330253853
0.168,21.416581798424076,45.758154298525255,-1.6565656381526088,30.54926298779813,29.152672612465874,49.79516430287911,-8.157172041643317,34.27779885386127
0.172,21.55280297296617,45.89973259064646,-1.5788905134531979,30.501785751992934,29.340397584389176,49.862129796621275,-8.35115649025843,34.290757213465554
0.17600000000000002,21.69340244531807,46.04148300726966,-1.493958006030557,30.454781195249943,29.53714600028882,49.94189045562085,-8.549539645666254,34.303289234568624
0.18,21.836566178034502,46.18155850910142,-1.4011747892375068,30.405622194281218,29.744817346079635,50.03450696604371,-8.752750364836198,34.31646802469365
0.184,21.97885262388608,46.31928648217509,-1.3010994714929751,30.35035449121547,29.96310504400238,50.13811407009839,-8.96008893078298,34.33172869902772
0.188,22.114582129903127,46.45048882095737,-1.1978640563640517,30.28431178728132,30.191745801939792,50.252336218527105,-9.173839935466793,34.34933599835656
0.192,22.238578514690452,46.57141011400086,-1.0978020504683463,30.204538818719428,30.42954216172141,50.37616066898066,-9.396552610963642,34.37108776803437
0.196,22.347934710376173,46.67646946511798,-1.006955173159493,30.11136258432764,30.67523994042778,50.508710932277495,-9.631173691544225,34.395665007539456
0.2,22.442699996025624,46.76351543911052,-0.9289291136739771,30.00750885675031,30.926516540745016,50.647932852425626,-9.877563863792991,34.423293498780396
0.204,22.524900328257214,46.831790747356294,-0.8652209309938558,29.897128511555714,31.181083713086217,50.7917608523079,-10.134374435478136,34.45322379709473
0.208,22.597935033638002,46.882047586218384,-0.814439263876708,29.78435676828633,31.433413108802316,50.93262662133117,-10.395251448781554,34.481562741284165
0.212,22.667137861262486,46.91742038530518,-0.7721143571995768,29.674663330230132,31.68062568588426,51.06602254389751,-10.653530285661656,34.50767521057775
0.21600000000000005,22.738263019992775,46.93986338297742,-0.7318887710620494,29.572014594889442,31.920832464286942,51.18532551479369,-10.902346938279836,34.53096534841326
0.22,22.81640886873847,46.951760805050014,-0.6884644604701409,29.478859438107563,32.15351898467893,51.28628132245827,-11.137848896207268,34.55010279757177
0.224,22.905011207455914,46.95680547394324,-0.6394768739503032,29.396695149906396,32.37966986376957,51.36657797856237,-11.35965829580672,34.56599960692682
0.228,23.003930683264567,46.956243054853424,-0.5862665512219132,29.323911652628958,32.599733698982085,51.424330815559976,-11.569387174421779,34.579410925544884
0.232,23.11279213863228,46.95389369345798,-0.529651921745594,29.25948891761966,32.81358075968701,51.458220586542,-11.767795532803607,34.5918211221875
0.236,23.23018271788353,46.951126429880624,-0.4699005017706687,29.200527596306934,33.020727349920115,51.46746452709267,-11.954042771855539,34.60526462047076
0.24,23.355390495519398,46.949442619526124,-0.4055544488345761,29.145234697158795,33.22164958115519,51.45303689884018,-12.127901609181063,34.62080699931417
0.244,23.487174984826545,46.946357112176365,-0.335255665674391,29.091512289762168,33.417727034221535,51.41629788879389,-12.289010051436094,34.64117964193043
0.248,23.625641641701037,46.94134041190374,-0.2575288550319561,29.0394250934724,33.61131513656326,51.36093900962382,-12.438680773551217,34.668040564651946
0.252,23.771410995204842,46.93213911298874,-0.17151538384366277,28.989880020265115,33.80603372714329,51.29075487446405,-12.579153552154676,34.70343653908172
0.256,23.926090860725598,46.91948584556925,-0.07562525621688651,28.944167653355443,34.0062293431175,51.20933054522537,-12.713614130867148,34.749336968761995
0.26,24.090835845278466,46.90204800234746,0.03042754648849362,28.903645102486887,34.21511976774362,51.119968047381214,-12.84485263062746,34.80729254225413
0.264,24.264257999618152,46.87691532230033,0.14458988849780008,28.868826823166955,34.43392839463739,51.02598039029169,-12.975458503249484,34.87641773172877
0.268,24.4438775853719,46.84046884238624,0.2639503087464617,28.838802746669224,34.66203302076406,50.93001203591386,-13.106477322551529,34.95531959818392
0.272,24.626538730319908,46.789233966645,0.38541104622688716,28.812254355385893,34.89611033148958,50.831719601611006,-13.236086071359562,35.04139966796757
0.276,24.81050843006403,46.720551224754175,0.5071999978056048,28.788939792255345,35.13214992035344,50.728182947332606,-13.36050455160017,35.13237603456646
0.28,24.995594812594675,46.63383590088662,0.6294610261397917,28.768296109074534,35.36658108104134,50.61533460621063,-13.475217558597759,35.22697136585747
0.284,25.183207240854024,46.52720750105249,0.7522481719475183,28.752488019709368,35.59656686260402,50.48839095444581,-13.575786291162277,35.32439881263392
0.28800000000000003,25.376482242543105,46.4054792850107,0.8778354716514268,28.742552472346024,35.82086743004472,50.34456268147425,-13.660326931075803,35.425248646886004
0.292,25.576560631764206,46.272163092665686,1.0042836759502214,28.741343675870255,36.03771883945595,50.1824870493823,-13.727559565894618,35.529645499140244
0.29600000000000004,25.785483884758882,46.131190558512344,1.1311657595696012,28.751288267793388,36.245138816796725,50.00037328964552,-13.776744236670552,35.63878375774613
0.3,26.002893785641795,45.98842878442189,1.2570598746119357,28.772309975195633,36.44070482851379,49.795634585537144,-13.806401466555087,35.75436353115168
0.304,26.226431486124167,45.84441918105882,1.3795966447097712,28.803443412297717,36.622495534565886,49.567253390755646,-13.815996784148382,35.87752272220253
0.308,26.454041723357356,45.70031333227311,1.4986674431750782,28.842259165043565,36.78745162133802,49.31211748307312,-13.802548842953986,36.009695593239854
0.312,26.6827317397701,45.55523719018404,1.6146284315235306,28.88767206037233,36.933712487179996,49.030390560433325,-13.764834541382651,36.15111712625413
0.316,26.90658414134309,45.40082446400648,1.7230934751473295,28.929638965138768,37.05941701406939,48.721887979075305,-13.70037257786819,36.30164008216672
0.32,27.125809441859076,45.240399268775356,1.8296926584164936,28.97111458176804,37.16539578930117,48.389904929304194,-13.608931530381911,36.46154590246942
0.324,27.33611219355901,45.0683134818081,1.9333101108071322,29.007255506615934,37.25356480390226,48.040121393512415,-13.490629961235772,36.630784559170955
0.328,27.53668371796965,44.884164081468015,2.0376430062731736,29.035865089676687,37.32606637634666,47.67771476730231,-13.345626773525005,36.80900164938133
0.332,27.72801969626791,44.68781467745351,2.1453025563742845,29.056917391469028,37.38566241144131,47.30765360432993,-13.17537682777939,36.994029370012825
0.336,27.913060864015733,44.4826330985575,2.2597227687523356,29.071225360605382,37.43559009595555,46.932133825010396,-12.982021816347418,37.1854217765165
0.34,28.096011273350797,44.27383000356916,2.3829683336391474,29.080818318214288,37.479846265991114,46.552995850939794,-12.769739171244158,37.38361246421455
0.344,28.279378199577256,44.06499125421782,2.5141991576896574,29.086945892829437,37.5222642205551,46.1723988143578,-12.543429974520922,37.59006237558575
0.348,28.464876062265105,43.85974792296257,2.65171975380879,29.090544954139848,37.56667956642476,45.792712235167095,-12.30880543330215,37.80623729883507
0.35200000000000004,28.654254065881407,43.65929867653786,2.793366801607648,29.092780067755086,37.616964240347464,45.41805758971696,-12.072282384798005,38.03244476523901
0.35600000000000004,28.849966464437074,43.46389485488274,2.9373355497845526,29.095948342262133,37.67567087977051,45.05066502070997,-11.838435157309801,38.26801402595723
0.36,29.0554612695324,43.275208222354514,3.0828063776467407,29.104034049130647,37.74327666078081,44.68987577879279,-11.608918482818279,38.51329256142534
0.364,29.27149323265284,43.09238964821173,3.2282265330042654,29.11951958552394,37.81969428121695,44.33956946036261,-11.386334218772332,38.766163723500206
0.368,29.497858213265427,42.91484981526422,3.373007562913406,29.145328631724308,37.89999391332356,43.99404316564335,-11.16583842321533,39.02493838793017
0.3720000000000001,29.732721471715344,42.738830755795114,3.5167125339720497,29.181699535259842,37.98257297012415,43.65676431420367,-10.947212684977977,39.28736414985375
0.376,29.974891386923762,42.5605950616873,3.6594120893039563,29.22848228296776,38.06624368913717,43.32507931772255,-10.728495088540638,39.55220935323812
0.38,30.2236658202307,42.37629202949366,3.8010593074939076,29.28508550233247,38.151351703044476,42.997302493131244,-10.509600910895402,39.8183572730013
0.384,30.476588347173724,42.18130944150787,3.9400565161894723,29.348768873344753,38.23946824799417,42.67397506549825,-10.292526709053847,40.0847636129861
0.388,30.731736908141702,41.97414175715615,4.075895662629229,29.419377090303996,38.331583767615044,42.35583633397331,-10.079254238464317,40.349839020503644
0.392,30.98764716225303,41.75246239275676,4.207477701099659,29.494888054952618,38.42968767217428,42.04617981108919,-9.873809579482147,40.61089504949448
0.396,31.2434976093635,41.515427870531774,4.335426551167089,29.573517740641922,38.53652479912976,41.74709922607289,-9.67977957616146,40.8652693858987
0.4,31.501125052449794,41.26478689516517,4.46233803085226,29.655982329630643,38.65590552839147,41.46317541420043,-9.50237856910707,41.109341232740455
0.404,31.75940981570128,40.9977570282185,4.587176723180275,29.74082229994548,38.79180834165787,41.1994136384067,-9.346815019937509,41.33906100743272
0.408,32.01799323800044,40.71084627906004,4.708495838017419,29.829631272166782,38.946092627444244,40.95738954435373,-9.214718224576885,41.55206659058523
0.412,32.27760230690903,40.398558071280135,4.823712032019473,29.924745129918286,39.12998382224059,40.75422755780131,-9.123414036087958,41.740923467903
0.416,32.54156612491706,40.058892596960895,4.932633213310835,30.03089998094763,39.34154589622541,40.58873292450489,-9.069552582803205,41.903801241471875
0.42,32.81213896288099,39.68972220126345,5.034573200429133,30.153393202016673,39.58543369462556,40.471856895308896,-9.061726483843994,42.035085992974324
0.424,33.09147344918799,39.29272431013889,5.130710501507472,30.29533843256672,39.86212545657393,40.40969282033792,-9.104183411361019,42.131279590020235
0.428,33.37930963359554,38.86872589634579,5.220557877857436,30.457794863816638,40.1702477448331,40.40332186352394,-9.197810370115365,42.18878744794363
0.4320000000000001,33.67575102540796,38.42003459840434,5.303961422488438,30.64203544179514,40.50741161988943,40.44935926477645,-9.341970444663243,42.207082844966145
0.436,33.980109849211985,37.94814110755477,5.380004488413641,30.847512831542353,40.870255609489995,40.54044478318842,-9.53336275651905,42.18729144854788
0.44,34.292165536689815,37.45446521226726,5.447439022741307,31.073018791867707,41.254803531803866,40.66430452282259,-9.766015090722373,42.13455636367874
0.444,34.612096962206955,36.942208175191304,5.506185519737648,31.316569263284098,41.65822993147111,40.80870691620426,-10.033880424637951,42.05725807051479
0.448,34.9400355265185,36.413881819861814,5.555389610447328,31.576838833726185,42.07659988682184,40.96157743227063,-10.329549534300321,41.964877081206225
0.452,35.27522297657315,35.87070074536463,5.593631202513709,31.853089472239386,42.504289135703885,41.110995915634085,-10.643406399394765,41.86710529006798
0.456,35.61620345904086,35.31135102862302,5.618301266958627,32.14492881487541,42.935531239028926,41.24731720084114,-10.965877876986712,41.772886480097
0.46,35.96238056429711,34.734524955933,5.628309852599768,32.45318781963235,43.36433872736879,41.36139373340146,-11.286215182370173,41.69048388037083
0.464,36.3130023215611,34.136573947732124,5.6216833528945225,32.77776876543596,43.78479595142517,41.442948469416905,-11.593078277187276,41.62691138077942
0.468,36.6697553401285,33.51926467652012,5.599436455475348,33.12005948727283,44.19485826095672,41.48830070533013,-11.87972165942161,41.58908710879859
0.472,37.034050632626744,32.88550840698996,5.562528143412042,33.480583031225336,44.59220428633707,41.493136419945046,-12.14024527616856,41.58191133944044
0.476,37.40792430210109,32.24054791116156,5.512723204123214,33.86127119843914,44.97685376080446,41.457490305800974,-12.372576909319397,41.60907417022982
0.48,37.79338024643428,31.591563259218642,5.453123823045802,34.26367868696676,45.35123858647636,41.38476578912789,-12.57768281212085,41.67320452214216
0.484,38.192413956948464,30.94501030689006,5.387421642036232,34.68772502716008,45.718378639058436,41.27799417696961,-12.757789029739898,41.77417080968367
0.488,38.6058833446072,30.306039535119996,5.319187388622009,35.13143211678393,46.082729360209974,41.14265542918806,-12.917515270756997,41.90744179751913
0.4920000000000001,39.03346221639647,29.680052084355637,5.252098760564015,35.59130512649495,46.447843748990344,40.983198608515025,-13.060664785638384,42.06870534184947
0.496,39.47279027717141,29.065653736930898,5.186212695016003,36.064071400835964,46.812924838231204,40.80058617745705,-13.187575003190734,42.247415666261
0.5,39.92614561391364,28.476435810370422,5.128943565955528,36.54568349712906,47.17859470427036,40.59600665696857,-13.298611610945677,42.4363919901307
0.504,40.39193867751658,27.90491665204513,5.07783346836729,37.0353676134837,47.5445074152497,40.37036344122828,-13.393858510167481,42.62747888228161
0.508,40.8724421646599,27.35729268397816,5.036829024312884,37.532264787920376,47.910557583369496,40.122850593137784,-13.472052886474396,42.81654175759172
0.512,41.36834332623827,26.83544694083375,5.007321193411207,38.03641510397887,48.276983393349596,39.85197209664883,-13.530529778761256,43.003432295579756
0.516,41.87874101535135,26.33874897164542,4.989163420160988,38.54675409254725,48.64426344740574,39.554270923509286,-13.563788839264149,43.19146753147162
0.52,42.40278469853477,25.866452267735866,4.982280424920366,39.061280005832415,49.01538994831207,39.22613558445747,-13.567651803065889,43.38819348984975
0.524,42.939095861775535,25.41701831524516,4.98748096540602,39.57531044820941,49.3968049606024,38.86577165367213,-13.539140719534336,43.6032124673247
0.528,43.4862483003346,24.987596931716844,5.005099199505502,40.0844386136447,49.79608969139135,38.47251753026437,-13.476685444707218,43.848255219723555
0.532,44.042891832400514,24.574068569724336,5.03490484436388,40.58564656206523,50.222209965469396,38.051445107576946,-13.382941043246007,44.13364134278518
0.536,44.60873176070477,24.1733550244326,5.075823495842885,41.078732682011854,50.68184493002665,37.60772343744705,-13.260957927705958,44.46908579789533
0.54,45.18311465806214,23.783412903509088,5.126000165524621,41.565935119110215,51.178553309840474,37.14768194517405,-13.115481575643424,44.859977574763555
0.544,45.76519091418937,23.405566994335235,5.183066631027677,42.050040657143484,51.70947738018868,36.67441785828602,-12.95088225730893,45.306776970204496
0.5479999999999999,46.354749996517164,23.04386211580279,5.245807414080231,42.534197959583416,52.2676011680801,36.18973656241978,-12.771974126843501,45.80458552250421
0.552,46.952692704442924,22.70076257830366,5.312456733429762,43.021072615915685,52.847112626914324,35.69639138792414,-12.585928291008283,46.34495613067413
0.556,47.56156075595091,22.379160105519393,5.383386697475713,43.51272736651881,53.444420695206574,35.198743524426824,-12.40024957230265,46.91785121849106
0.56,48.1827286256989,22.078000977740167,5.457757458028388,44.009643211830785,54.05596480175876,34.70106422692606,-12.2199699103047,47.51288246121619
0.564,48.81624686147655,21.79581827917379,5.53471809344699,44.51079879445852,54.67985056879163,34.20934758432729,-12.050465620808321,48.12086891671629
0.568,49.45998062816618,21.527029131009513,5.611142031694657,45.01430837075331,55.313390816415186,33.727396986647996,-11.893481605598899,48.734923629010325
0.5720000000000001,50.10984718230603,21.26580593189086,5.683153222447068,45.51733141320519,55.95496029845698,33.261228089859515,-11.751711026328325,49.34959317453814
0.5760000000000001,50.760481101983316,21.00633230892547,5.7464983416473245,46.01870434508064,56.597249489505806,32.81001990543545,-11.61955254110613,49.96136730123099
0.58,51.40660701847426,20.744473953092932,5.797643727206596,46.518324642403385,57.235497096755005,32.377606611257264,-11.497080134468957,50.56462851525068
0.584,52.04582334687552,20.477727654439608,5.834010300984915,47.017699185003096,57.865446956925744,31.9645642436993,-11.381923240789098,51.155853584033906
0.588,52.67745600693003,20.20605073871918,5.85515700932803,47.518618733140976,58.48503191072574,31.571370709148297,-11.273198702009571,51.73151522064661
0.5920000000000001,53.30243928143423,19.928342138257715,5.860327772242539,48.0232758252256,59.09348464455323,31.19737224840694,-11.170264456983794,52.289568877354824
0.596,53.92305654744395,19.644953516127828,5.8501758736161005,48.53426767046238,59.69073655032498,30.84124375923295,-11.072323428097837,52.82889018585364
0.6,54.54210814811386,19.35598212706569,5.825807751261,49.05552473519417,60.2767497362034,30.50096764418019,-10.977779213073546,53.35050973285868
0.604,55.16435005682842,19.06205010188606,5.789349994425096,49.59134365922485,60.852623802747075,30.175415161012488,-10.885676065696547,53.85593838244298
0.608,55.79355465737833,18.76314107668528,5.742192917712749,50.14593083003503,61.42051309683097,29.863114536625513,-10.794853806705344,54.34931269785062
0.612,56.432405653967564,18.459049325818075,5.684058098489373,50.72302425258705,61.98355319851638,29.563818162878952,-10.70475204156883,54.8348404368089
0.616,57.08109466899422,18.149160007137258,5.616442692294354,51.32185923752502,62.54630545028448,29.276100396257092,-10.61439708307195,55.31941485849281
0.62,57.736496242016266,17.831923091750152,5.539513661794497,51.9379420367021,63.111196485019654,28.997427375673748,-10.522615135849355,55.80624145459827
0.624,58.39466543879637,17.508051775243707,5.455322458899534,52.56413643266965,63.679097119163444,28.72583414275566,-10.429352954732552,56.295735148530326
0.628,59.05215368133183,17.178453074628624,5.365856510149663,53.1943740796019,64.2499373976027,28.460914160731413,-10.335561146409566,56.78728663938211
0.632,59.70638258322067,16.844421761718262,5.273078397735008,53.824274245553866,64.82282993277981,28.20368416214762,-10.242729436836997,57.28001427428865
0.636,60.35571395928216,16.50779904354373,5.178850105105384,54.45254686703783,65.39459483019071,27.953845133159245,-10.150400279192839,57.770979819404644
0.64,61.00042611181248,16.17075526844283,5.0851106126894505,55.08068180014481,65.96381765504368,27.71414281080079,-10.0599582443268,58.260172013708186
0.644,61.64170913545525,15.834974781546483,4.994594315352201,55.71069808670893,66.53085309870526,27.486376295522795,-9.97088923312201,58.74885231751784
0.648,62.28211182675825,15.501337325912404,4.909927717394052,56.345111147541886,67.09740521596976,27.272708962918106,-9.882191244381211,59.23859023092553
0.652,62.92448207117718,15.171991610249655,4.834453557142844,56.984686925970095,67.66459567634638,27.072482250712007,-9.792301207275186,59.73029611312874
0.6559999999999999,63.570431237426895,14.849976786552645,4.77002083863641,57.629236373436186,68.23263375336067,26.88246381465098,-9.700087338808245,60.22374598394635
0.66,64.21991929169339,14.53906950441418,4.717637076603634,58.27514181812829,68.80111087885682,26.698348794357475,-9.604656344157354,60.71861220079576
0.664,64.87048215522353,14.2408505892592,4.67627105807674,58.918077346620464,69.36942474806042,26.515873123657627,-9.504033870850664,61.21528285784568
0.6679999999999999,65.51864218356464,13.9572627039256,4.645775000025956,59.55237175168471,69.93710170506515,26.33287123543295,-9.396996830728115,61.714745280724635
0.672,66.1584538129249,13.686225490264052,4.623630129925282,60.17070602494491,70.50345960206447,26.148531645068573,-9.281713185615118,62.217881106017465
0.6759999999999999,66.7845384246323,13.426566167586381,4.608467148521559,60.765538005137884,71.06762927345223,25.962974978943482,-9.157289704538078,62.72418627864941
0.68,67.39166325822538,13.176391852005484,4.59817588455335,61.32959264977171,71.6292871547607,25.775894705574757,-9.023083628756208,63.23419119817827
0.684,67.97665600114848,12.93454324334735,4.59079103374159,61.8590613372673,72.18777693056816,25.58623419965379,-8.878107578509088,63.747817935263
0.688,68.53889604649375,12.70056796211164,4.584163890615967,62.3535733347796,72.74413061729216,25.3946562282269,-8.723363676571818,64.26630315868893
0.6920000000000001,69.08193514878747,12.47446608123363,4.5767133368528725,62.81839779242494,73.29966454707916,25.202337024633643,-8.560182865891434,64.79016116113976
0.696,69.61472943089043,12.257507050144115,4.567795171241687,63.265734766856006,73.85550675229634,25.010872926474857,-8.390550765171609,65.31856929891148
0.7,70.15170293815707,12.051946208037762,4.558128147718977,63.71446409858914,74.41246359902107,24.822241177261716,-8.217296389714498,65.84963143042042
0.7040000000000001,70.70881409400434,11.860814766230732,4.549746905825007,64.18489454210244,74.97021528102142,24.635354259667405,-8.04097695908407,66.381789162998
0.708,71.29715748804185,11.686744534115656,4.543613421312813,64.69238462847031,75.5281711767407,24.450106328152966,-7.864661114854078,66.91198685250284
0.7120000000000001,71.92009677356705,11.531258596032593,4.539464014031838,65.24403875840429,76.08393900255699,24.263744675156747,-7.689133581687239,67.43840539841388
0.716,72.57484950814957,11.39446308404349,4.535879267383971,65.83997732096927,76.63398040627398,24.074298613843297,-7.5154101461936476,67.95780888433845
0.72,73.25535647754432,11.275624031726709,4.531958594096641,66.47487073611062,77.17433855845503,23.87992321586469,-7.343338860004894,68.46732414801023
0.7240000000000001,73.95345911285366,11.172071929915917,4.525585766464213,67.14103704624759,77.70237840196991,23.680574167295116,-7.17271604093331,68.9649587148626
0.728,74.66245387601263,11.082425614262602,4.516553349356382,67.82940997966735,78.21775327253195,23.47723646637591,-7.003401166690868,69.4503046745906
0.732,75.37578042958245,11.002313471920669,4.503624980676522,68.530908758327,78.72289626865496,23.272797670648274,-6.835975605832628,69.92532170612411
0.736,76.0875803754357,10.92895536142403,4.485720915831613,69.23677666757014,79.22286270259389,23.070866042012454,-6.671633322958849,70.3945318057065
0.74,76.7910196330587,10.858789992385642,4.46128550663958,69.93626907177662,79.7234279493349,22.87508324262118,-6.511892725127983,70.86330839844082
0.7440000000000001,77.4791821836323,10.789456814284597,4.429278246177578,70.61984737154499,80.23047761102139,22.688017390354176,-6.357660551213889,71.33892792159406
0.748,78.14691850516716,10.720496550444514,4.390377302079725,71.27958493658348,80.74815910084193,22.511409179982625,-6.209712616091881,71.825896572219
0.752,78.79182585290953,10.651505082497009,4.345908343657815,71.9109364232518,81.27860954864674,22.3450194111706,-6.067947421951708,72.32701998828028
0.7559999999999999,79.41452720324247,10.582671088599815,4.299067088655208,72.51146587668403,81.82229454329251,22.18881718100159,-5.932349312503109,72.84206513039379
0.76,80.01942356631393,10.513541099832333,4.252437335368934,73.0849974587121,82.37905901933448,22.042893326469017,-5.802704070927273,73.36991330486326
0.764,80.61404225797469,10.444218160729466,4.209267605689243,73.63877442224354,82.94867299452555,21.907494272730734,-5.678701743627764,73.90950475411353
0.768,81.2083026877537,10.374395266205944,4.171656648195734,74.1838792946659,83.5300477117848,21.78322271596766,-5.559756066090992,74.45858614519506
0.772,81.81009336375554,10.304038495533767,4.1399672526920455,74.72971684424697,84.12379600529503,21.67009220432852,-5.445392451425273,75.01808263028224
0.7759999999999999,82.42462638195661,10.233083557467964,4.113680834031027,75.28284445747043,84.7297911881403,21.567467600149154,-5.3351897474940815,75.58712878225859
0.78,83.0540618021246,10.162144119312266,4.0912973714504774,75.84674889777745,85.34732177224896,21.473482621477775,-5.228105635421145,76.16492775205889
0.784,83.69938005780821,10.093609151102184,4.071593229240644,76.42454347301977,85.97420203176969,21.384947668266896,-5.123669160825019,76.74979233790653
0.7879999999999999,84.36039269435899,10.031720563196604,4.054415308944332,77.01781158499121,86.60674841206205,21.297688206788994,-5.02043624582298,77.33847035193686
0.792,85.03639986922643,9.980877835471958,4.040149858593478,77.62682838782776,87.24121354372447,21.208118268559357,-4.918224938429483,77.92733166456335
0.7959999999999999,85.7253740292567,9.943741486605589,4.028876114318749,78.25009251355519,87.87465674218404,21.114957260364797,-4.816167638946517,78.5136619551224
0.8,86.42430242415197,9.920387798946905,4.0217120840090965,78.8845051790122,88.50458005876904,21.019069064342798,-4.7151730774157885,79.09424916894855
0.804,87.12866372671186,9.910245066540591,4.018310262164614,79.52578606373643,89.12934145442931,20.92182270019579,-4.613787773181156,79.668066398271
0.8079999999999999,87.83446227195233,9.912730463960546,4.018663219895415,80.16921192246926,89.74885421341163,20.823891862795307,-4.512405106354739,80.2344379209555
0.812,88.53996052170525,9.927873595701891,4.022745797908772,80.81226766193542,90.36522935112991,20.725759373966863,-4.411886795031952,80.79505036556135
0.816,89.24483941489389,9.954834399171736,4.029864780493602,81.45410974570444,90.98120668092187,20.628689516078918,-4.313943477333878,81.35106267519613
0.82,89.94901792536898,9.990946687281074,4.038949749137247,82.09383651934708,91.60004677793485,20.535133331893753,-4.221097733060417,81.90406437255497
0.8240000000000001,90.6518973720168,10.032174583542917,4.048746144926828,82.73089209498951,92.22479489439677,20.44893882217761,-4.1346475842794135,82.455907997805
0.828,91.35264439241504,10.074159550428256,4.057968462350935,83.36370261576901,92.85750704126077,20.374519622965714,-4.0570656753605405,83.00641953525836
0.8320000000000001,92.04987833349541,10.11336964677061,4.066050045170033,83.9902791792756,93.49747532603845,20.31318127748766,-3.987174975384693,83.5549183627993
0.836,92.74224182837953,10.148375495460055,4.072393636711824,84.60672300276244,94.14244241504387,20.26538559363376,-3.9247546243923153,84.09840224429163
0.84,93.42957772601248,10.178884472656105,4.077278863006517,85.21228205808362,94.78873598955423,20.229670037439977,-3.8687594527280194,84.63401172955992
0.8440000000000001,94.11143407992921,10.20397276571354,4.080590448814599,85.80637307132079,95.43029248272403,20.2031823192414,-3.8156045549109,85.1575332407625
0.848,94.7891993589969,10.222432377920441,4.085566735847369,86.39126279706386,96.06008662030796,20.18418823049877,-3.761790609289735,85.66290459346219
0.852,95.46467069267351,10.23209435280268,4.093794330948951,86.96896752891922,96.6738491876698,20.172332969330313,-3.7038176587100287,86.1467083618293
0.856,96.14052099295023,10.231595549159117,4.10627307749035,87.54142432942733,97.27253043850274,20.169144804322443,-3.6422051592623785,86.60847263936938
0.86,96.81965501519464,10.220432078546963,4.121122229555698,88.1112140352826,97.86090635162691,20.17628122128261,-3.578292684515824,87.0529733336718
0.8640000000000001,97.50541231171482,10.198857322406495,4.1364188260822266,88.67980973043561,98.44843536908704,20.197207654382527,-3.517424835429737,87.48800833762058
0.868,98.20000103443103,10.166722429409003,4.148610754289985,89.24777085029804,99.04372021089868,20.233407167932214,-3.462595503709032,87.92079406617508
0.872,98.90366687851699,10.125725017638684,4.159162439628062,89.81384527804667,99.65106309123269,20.284242574210413,-3.4151685019712863,88.35647681810046
0.8759999999999999,99.61470236875783,10.07716986930029,4.169853280273472,90.37609305337052,100.26724679583131,20.343682977537256,-3.37105467568659,88.79372506281621
0.88,100.33140415405714,10.023045403863733,4.1835541853284335,90.9337462174881,100.88698655265799,20.40555855049621,-3.325352295298738,89.2299580795402
0.884,101.05263866482349,9.964897377412635,4.2015258321951645,91.4862568475668,101.5058736952024,20.465822333827056,-3.275147986318982,89.66224220477633
0.888,101.779070721548,9.904974086849927,4.2239905770292,92.03491810493011,102.12210856796786,20.52219002309464,-3.2197265628251444,90.0896598165653
0.892,102.51241342142652,9.84612826141999,4.250668178594748,92.5822953646003,102.73425832419929,20.57290140530019,-3.158489002374433,90.5102764675371
0.8959999999999999,103.2533413049759,9.791422807670944,4.281383834237927,93.1304400285305,103.34247040119672,20.61580667366481,-3.09305582683524,90.92354401208752
0.9,103.99873091022997,9.743194772706309,4.314306367966419,93.67791824883777,103.94496548069844,20.6487913272311,-3.023351520419831,91.32805398989787
0.904,104.74137034298194,9.703899410991935,4.3502750089255,94.21983709839265,104.53843918001147,20.670218816261684,-2.949387865111769,91.72115853048655
0.908,105.47277638513408,9.675423563752437,4.3887412412751345,94.7489518339572,105.11950485560749,20.679071484376657,-2.870485799379052,92.09991132705174
0.912,106.18824879503403,9.659238000065402,4.431347788141069,95.2602916007291,105.68534806870262,20.67533750632894,-2.7860583897040447,92.4605284981531
0.916,106.88713848237,9.655336413141772,4.479744566960975,95.75137375621622,106.23526835547376,20.66044627243294,-2.6967774684638064,92.80079963682985
0.92,107.57190360333395,9.663026315191132,4.536631057665027,96.2232307020713,106.7695652635829,20.636976625652203,-2.6026206168687915,93.12017926365075
0.924,108.24476974069825,9.677639734423737,4.603514372244065,96.67627756526444,107.28828333783822,20.609421944664646,-2.502846903770881,93.41980016618915
0.928,108.90750389898095,9.690824652557545,4.681002764021083,97.11479171748027,107.79222414340414,20.584695249721207,-2.3972692567328924,93.70151777448326
0.932,109.56223624901652,9.689429729095698,4.768466496354774,97.54259859102645,108.28207317018843,20.57056851052843,-2.284492066825959,93.96705457821704
0.936,110.21013205152882,9.6592040212992,4.864900896946182,97.96410968290867,108.75902823248458,20.574584892239734,-2.1639386907426448,94.21813820672803
0.94,110.85281555729014,9.593010894433602,4.969402188910488,98.38320144431182,109.22395041195016,20.599581821513723,-2.0353724300346756,94.45526444597843
0.944,111.49175751203343,9.494054459826849,5.080191914561951,98.80103468265042,109.68020676081483,20.643184578921264,-1.9016287222186021,94.68101344819365
0.948,112.12753142984596,9.371006002341124,5.193948432176382,99.21664423174015,110.13150509407357,20.700654923521036,-1.7664112617894427,94.89722663595697
0.952,112.75939814238629,9.232014928362668,5.307080053814568,99.62744373894452,110.58384101529492,20.769418676965188,-1.637380652830032,95.1077451982826
0.956,113.38558891970906,9.083442515808583,5.413994919202691,100.02951999582147,111.04298290558303,20.849426160892527,-1.5211880800515842,95.31594139427825
0.96,114.00425483190656,8.931800551067155,5.511596443516924,100.41930612192523,111.51359131367771,20.940282007929707,-1.4247727802589882,95.52483740259777
0.964,114.61244599569628,8.78451969481878,5.6012202525126344,100.79389937498671,111.994241275135,21.038106193089657,-1.3487014784788605,95.73383042496191
0.968,115.20720138993032,8.64780076851707,5.684782342294198,101.15241129387302,112.47897722923095,21.13617438987326,-1.2906352070792537,95.94083135079873
0.972,115.78519039915813,8.524180371169404,5.7660901352709715,101.49428598281754,112.96073104408738,21.229075591289437,-1.246133529229327,96.1423490478232
0.976,116.34426768058432,8.414468456974168,5.847757047997393,101.8190289860979,113.43376721893227,21.31356438425385,-1.212092196527497,96.33540973205363
0.98,116.88310188608737,8.319994888337565,5.932211428236502,102.12638480726581,113.89347001764126,21.387994542472644,-1.1864764513364419,96.51716973768724
0.984,117.39983414764455,8.242967886260193,6.020863478001565,102.4152173246295,114.33563635669812,21.45120013738618,-1.1677839128225735,96.68475120309861
0.988,117.89283489702045,8.184151777479622,6.114810716300766,102.68431771979112,114.75618246582677,21.502454430647955,-1.1536599212457836,96.8372096266152
0.992,118.36221127391362,8.141670434684558,6.215513615874155,102.93552245647892,115.15168871542785,21.54034441009903,-1.1396197197391347,96.973989494272
0.996,118.80770850119403,8.11176634003936,6.324382920195162,103.17037773486616,115.52082717480911,21.56523667734146,-1.1245593353733807,97.09529816555938
1.0,119.22934246143679,8.090741585017712,6.440967510475226,103.39073688959306,115.86213304217098,21.576470277560393,-1.1048407091465142,97.20212290738476
1.004,119.6260497700329,8.076514812114706,6.56609452313376,103.59670355125284,116.17553099186001,21.57370767771964,-1.0795032037868697,97.2961015876499
1.008,119.99641004329287,8.069012867566517,6.698481835474987,103.78666194117667,116.46283572744134,21.557617143468164,-1.0509857577843444,97.37801863164684
1.012,120.3389854594556,8.069306547263727,6.835329645841993,103.95763532618783,116.72820032147209,21.532285424637884,-1.0259315827371986,97.44893207068866
1.016,120.65246442282076,8.078966641085477,6.973534855446082,104.10590204167562,116.9753995246371,21.503173209115094,-1.012626938202387,97.5076598282985
1.02,120.93535668684096,8.099205514889645,7.110644972269647,104.22782136651789,117.20741443871952,21.474255966721955,-1.0187056400199752,97.55318576824622
1.024,121.18594476497825,8.13037912578522,7.244061729641256,104.32205205563675,117.42458745567194,21.447892566590813,-1.0469983368757376,97.5856008365796
1.028,121.40316865552036,8.17045171416358,7.372945676368539,104.38915653517535,117.62810979376373,21.42200080382914,-1.1029493791197964,97.60143690562133
1.032,121.58655761333291,8.214020361619442,7.498049839916012,104.43289335527362,117.81277624246427,21.399114078937828,-1.1779297920971088,97.60345229637093
1.036,121.73761969860848,8.253094785741716,7.621867238788747,104.45914956800387,117.97486724484268,21.379890748425378,-1.266127415266375,97.58999754900263
1.04,121.85797073099273,8.280352931022009,7.749530189877593,104.47448645880168,118.10889971642209,21.366368727300863,-1.3569619425230008,97.56033871370073
1.044,121.94719629245554,8.291833833172422,7.8846206634775236,104.48217101650324,118.21123500411525,21.358307357443373,-1.4421536087279658,97.51435115541967
1.048,122.00291905890698,8.286600007741509,8.029352953893655,104.48331711343273,118.27693023050509,21.35484250519631,-1.512776893890166,97.45304941736524
1.052,122.02367923939603,8.265761603215894,8.183962281629128,104.48088540212301,118.30080204456169,21.354623800864555,-1.5627962639061064,97.37654700419738
1.056,122.00823260938529,8.231156799785056,8.347726826227348,104.47987032976395,118.27570764643134,21.35667949624716,-1.5855506406326654,97.28438473275783
1.06,121.95391533336604,8.184842440894126,8.51889900080465,104.48236934497001,118.19624032970808,21.36119588851346,-1.5786555638379711,97.17736039728891
1.064,121.85634703415046,8.128952868509241,8.694384790407176,104.48632400715057,118.05760894851196,21.367921558069085,-1.539380946251757,97.05651260142528
1.068,121.71185485499127,8.065575221706945,8.871441862856448,104.486561218971,117.85842504200653,21.376006571401614,-1.4676269180488157,96.92320772115045
1.072,121.51991971261442,7.996285440415097,9.046698358694211,104.47724732812779,117.60218757796076,21.383548641733483,-1.366104308082464,96.77929957067569
1.0759999999999998,121.28221788326982,7.924108473055881,9.21785367522622,104.45286436648708,117.29602247929131,21.388483171186216,-1.2387150986519881,96.62461142387399
1.08,121.00268556423366,7.853114673393474,9.382381461907904,104.4073085371415,116.95068291009473,21.387047317538148,-1.0929077290868423,96.46118450184643
1.084,120.68742366612658,7.788012029204099,9.537221232496991,104.33696288439025,116.57847017584784,21.37653743656422,-0.9368932788083095,96.28947976527103
1.088,120.34446982105393,7.73191486418802,9.680609717054365,104.23926205725083,116.19074099072566,21.355186486210982,-0.7770879390246823,96.10807971117485
1.092,119.98288972760737,7.684680486704345,9.812204196631088,104.1150853052396,115.79770282845584,21.322583778381524,-0.6216534233825529,95.92335819051604
1.096,119.61295564710701,7.640927308035064,9.93343017559417,103.96720518050923,115.40583004080341,21.28115244263888,-0.4701020052444853,95.7270423479974
1.1,119.24535488163271,7.591609904190988,10.04820730130342,103.80158647351078,115.01938527332217,21.233748157621218,-0.3222309125874524,95.51933625957601
1.104,118.88974893035989,7.5267052785613515,10.162405827407621,103.62336639003078,114.64082086876837,21.182461562607145,-0.17515150780511188,95.2969791729456
1.108,118.55229674419631,7.440534500966793,10.281331576848052,103.433896497566,114.2699490078045,21.12785216417045,-0.024837598843408512,95.05567178271477
1.112,118.23655854531779,7.332731102955741,10.407650460538544,103.23064387810035,113.90747970737938,21.06821761014114,0.13030008470319812,94.79057935277592
1.116,117.94369625608911,7.208863052010272,10.544269030865475,103.0065433202741,113.55326803277292,21.001038616235256,0.2907210531042485,94.49798156159795
1.12,117.67505838058678,7.077716286768264,10.692147950750408,102.75123334212867,113.20899376993523,20.923620552277423,0.4552743482679866,94.17625720749034
1.124,117.43190790892956,6.948153323744381,10.850473779189866,102.4531330522847,112.87771928915303,20.8344257154985,0.6208592830606804,93.82598982713598
1.128,117.21578233275986,6.82561750857463,11.018099971949985,102.09857506725639,112.56401806304075,20.73364320239031,0.7856194446973044,93.44942621019688
1.132,117.0275567298887,6.712162790737406,11.192294541909513,101.67561933003482,112.27361725431923,20.62244986526564,0.9477889746815517,93.05251326166871
1.136,116.86788316413791,6.606877585715837,11.36915224296774,101.1739200181675,112.01287793547566,20.502340191579286,1.1075040846996573,92.64391757018157
1.14,116.73649702469032,6.50865100794553,11.541228135591671,100.58566960652965,111.78853340179802,20.3757732143153,1.264377608363563,92.2379990833219
1.144,116.63093615936295,6.416879928012309,11.697494324585449,99.90643958643017,111.60774623592164,20.243446936076708,1.4190169935530947,91.85387809075873
1.148,116.54651559052415,6.332812079488464,11.827553910546802,99.13593025535695,111.47310395019798,20.105922470989377,1.5726364000354562,91.51095942090589
1.152,116.47458830173184,6.258988354004857,11.921019003654566,98.27900983991209,111.37877454536151,19.962034618454584,1.7311828853298767,91.22594696867114
1.156,116.40007560950036,6.199810549598271,11.967063600500616,97.34536827941143,111.31028155765534,19.80896068318489,1.9027080196476753,91.01271796173017
1.16,116.3011881497788,6.157659368246776,11.953107188071275,96.34940094765933,111.24464715980821,19.643206844120307,2.0979776788691256,90.88212330626725
1.164,116.14795350076311,6.1299256288725426,11.863773569737651,95.30921691482214,111.15042292859063,19.46169050242052,2.329788439787935,90.83904251814229
1.168,115.90438664024788,6.110435592419266,11.684625179061928,94.24487634044955,110.98964762799643,19.26211924784103,2.6101936018154395,90.88011827325555
1.172,115.53052484249693,6.091784000517215,11.400566394383238,93.17257098524779,110.72333539565871,19.0429342465782,2.9464528894757804,90.99347290241363
1.176,114.98617101130336,6.066211618784194,10.997302017997574,92.09882189366199,110.3192811591938,18.803004336204925,3.33395014732748,91.16048219536222
1.18,114.23683364996349,6.0261373340936855,10.462719625570145,91.01791753109349,109.75925343104431,18.54016331972424,3.7540834967042462,91.3586077900098
1.1840000000000002,113.26071938474395,5.9660023826129525,9.7926897888423,89.9157440163295,109.03772926746811,18.2503006778743,4.183394696979008,91.56056871323578
1.188,112.05838073713544,5.882217063906352,9.00162030586239,88.7791750110757,108.15952402062689,17.92714273001097,4.603626316163394,91.73701010169113
1.192,110.65790522662036,5.772913293997747,8.124192004414203,87.60437561305844,107.13989585426353,17.564170625777223,5.0091316571410385,91.85921322006385
1.196,109.10902170651103,5.638302072929787,7.209356255198225,86.39446228824326,106.00561583861067,17.157426203057735,5.401796781490588,91.90509196727973
1.2,107.47141727808014,5.481512637361579,6.307543777885052,85.15432250468356,104.79300292829352,16.70806054513116,5.783566395580937,91.86005828796985
1.204,105.80135300292547,5.308852791536439,5.461936416231425,83.8839847376184,103.54209170089797,16.22288603985532,6.151461858266618,91.71644777116066
1.208,104.1433979429959,5.12754074140475,4.70356322778774,82.58209649675418,102.28626378452537,15.712351183026502,6.501670902239865,91.47326864789004
1.212,102.52796780263586,4.942745397785222,4.053026838580554,81.24932220088945,101.04819868635668,15.189994578823594,6.830006373690772,91.13208466025873
1.216,100.97209777166388,4.758907815995162,3.5230262614335492,79.88850599818825,99.83768522684989,14.668463065446161,7.134599659716552,90.69457680820291
1.22,99.48197660036494,4.578759868423387,3.1177631992282735,78.5047919757147,98.65635615256276,14.160137022640356,7.412283305017171,90.16417097401218
1.224,98.0550812345699,4.404454332237052,2.8351240588899715,77.10395167209643,97.5007667798727,13.676061679891765,7.659136227871142,89.5448278213319
1.228,96.68483566309682,4.237897148221407,2.6686272065539405,75.69221492649329,96.36711434119712,13.226255438399123,7.868101705140388,88.8439724810721
1.232,95.36391320565812,4.081956237445815,2.611108385149222,74.27455305708784,95.25349516176775,12.818916302250102,8.031875632038819,88.07045908162856
1.236,94.08556761842402,3.9420055830129526,2.656230992193878,72.85573623097493,94.16052407722377,12.459144847203216,8.143276507352889,87.2331067053669
1.24,92.8455328848187,3.82619382567065,2.7972826562871704,71.44153801752682,93.09083610264885,12.149344066804781,8.196530009108958,86.3407946784404
1.244,91.64063348976887,3.7445413188231393,3.027865244413356,70.0375776853718,92.05022641402168,11.889794994269845,8.18772492549748,85.40323699203154
1.248,90.47004528567756,3.706802501762644,3.337645871505523,68.65129596707868,91.0467451135361,11.67867799875863,8.113469238960363,84.43134033832833
1.252,89.33489080391789,3.7221048254280524,3.715979193392603,67.29037148071755,90.09111905303553,11.514188395773223,7.968481592491359,83.43909063768547
1.256,88.23759916694067,3.7966188715143847,4.147850462734026,65.96200621561394,89.19471325318816,11.393974588515473,7.745938060567896,82.44270759430988
1.26,87.18260381352466,3.9339789295829095,4.618485188973086,64.67530388808542,88.370056122418,11.316389265736262,7.438714527250225,81.46030507055357
1.264,86.17466322466393,4.133635583699824,5.111754512449148,63.43420435427931,87.62909154244144,11.280183145212435,7.040895544581886,80.50961024072976
1.268,85.21911189081739,4.391475984154974,5.612891612580044,62.24193312238857,86.98059019151344,11.284760952588421,6.5490299084141785,79.60390121248788
1.272,84.32039583232567,4.70163744690264,6.111886009965557,61.10102499148713,86.42802572492491,11.329219257057687,5.964853672130922,78.74914175538956
1.276,83.48186481459824,5.058173239948978,6.6049039902918,60.011957641619425,85.96854554413727,11.411204012692071,5.296499423906243,77.94534361482637
1.28,82.70602344323363,5.455362017014794,7.093425688962708,58.97567142650228,85.59281311867551,11.526659565380722,4.558566564332441,77.1865208179879
1.284,81.99587998384551,5.8902428733084315,7.584960713365825,57.993084291364305,85.28783515714896,11.668949178360856,3.770175783472901,76.46313758509598
1.288,81.35481151019496,6.361929227594834,8.09068045829213,57.06514538544759,85.03855188485342,11.82992881616827,2.9503649208183536,75.76457468817185
1.2919999999999998,80.78633089491477,6.869266365549371,8.620566735749723,56.191947201694134,84.82965251442471,12.001515128584836,2.1187650210854208,75.0789463442243
1.296,80.29189863340609,7.410830469100658,9.183539680207444,55.37338751271532,84.64596675551951,12.177131788730808,1.2933355285757981,74.39574738188732
1.3,79.87145289850446,7.981672753043555,9.784285366715094,54.60762471345322,84.47304749613369,12.352775190215747,0.49012402926975446,73.70471239876012
1.304,79.52381416542086,8.574004324660216,10.422848946525011,53.89169984210218,84.30117910161565,12.52817328890434,-0.2799703149485286,72.9992018427492
1.308,79.24670762064004,9.17718103931756,11.095449621650536,53.22192154015172,84.12486517383164,12.70561012566091,-1.0124699318209112,72.2716809071625
1.3119999999999998,79.0361585657735,9.778852583169204,11.794819932638616,52.593095478133165,83.94191792027156,12.889657505541631,-1.7075822682058108,71.5189357863319
1.3159999999999998,78.88583600837077,10.366458364391184,12.513206898691621,51.99795830321335,83.75532176518209,13.085624541821874,-2.372475423288853,70.73951781711477
1.32,78.78879097947268,10.926659465452888,13.241688171614857,51.42611254248969,83.57189361444925,13.300485254942526,-3.0155005804941184,69.93774954443334
1.324,78.73643324029871,11.446212491168378,13.971191414395564,50.86762066073663,83.40070525467245,13.539459974374592,-3.64600280050176,69.11674738022732
1.328,78.71986248761577,11.913598699144298,14.6932564739822,50.31342050635804,83.25133759432656,13.804297253408555,-4.269858136592897,68.28097052876538
1.332,78.73176731786708,12.320226150260154,15.401550620757208,49.756901375903155,83.13139180898146,14.092537958944245,-4.88781988019476,67.43466021943026
1.336,78.76825073258668,12.660970415890944,16.09356614320987,49.19450615721572,83.04505080126297,14.398918007085552,-5.494675846362777,66.58099437777894
1.34,78.82916345013778,12.934762528949244,16.770129785054312,48.62725851929942,82.99223942517212,14.71748170002343,-6.0826846926805604,65.72153221826413
1.344,78.91686820470005,13.144001358362544,17.433897619556575,48.05994316106271,82.96812513539705,15.042826179801873,-6.640449030214189,64.85379744692688
1.348,79.03334527624008,13.295412988943637,18.086833854810433,47.49871663184952,82.96561004936594,15.372057457735918,-7.1635062178946,63.97425581022901
1.352,79.17789520008061,13.396807849028006,18.726799675263525,46.94942606178209,82.97559496850003,15.703930113798487,-7.651618773852303,63.078790923265345
1.356,79.34837934483866,13.456025630261845,19.34857627697796,46.41708292897997,82.9893585686756,16.036826664381273,-8.105884519459611,62.16453846245616
1.36,79.542404028975,13.479492535071401,19.94561049376209,45.90580175678362,82.99918937224942,16.368025518561623,-8.527073326274323,61.230331417192644
1.364,79.75759118010535,13.474769765531482,20.512518000390415,45.41946299583271,83.00102615534544,16.696188373919888,-8.918956074506443,60.27943024515384
1.368,79.99033658073839,13.451161079693923,21.04489342483999,44.96044182927603,82.99174688229138,17.02019100926206,-9.285872054008829,59.317412183669994
1.372,80.23577399594285,13.420426979418162,21.5407909954189,44.5288512702032,82.9696922289533,17.340401457360553,-9.635033331554748,58.35163155450287
1.376,80.48672432685733,13.393941709037742,21.99808720052532,44.122676020538194,82.93226559507875,17.657895570408833,-9.973241806028051,57.38910124162631
1.38,80.7352370658152,13.38608815004258,22.421450714844163,43.73703116384867,82.87439397395228,17.97391962332349,-10.303478802407675,56.43437559102563
1.384,80.97293228967196,13.409776693920508,22.81517421503546,43.3670845227208,82.78865203312662,18.28884023411619,-10.625942588764715,55.489633817610326
1.388,81.1901907423959,13.477068826597216,23.184241159225124,43.00225542437709,82.66866858258064,18.60286808491723,-10.943543000924556,54.55536428635525
1.392,81.37792685651165,13.595669098140926,23.53227436197182,42.631589538160455,82.50988068545912,18.915453264598355,-11.261805370727615,53.63103685699704
1.396,81.52774225268458,13.768136651438688,23.861034893167137,42.24235401252982,82.31160657112892,19.22487027481501,-11.588672929676255,52.71541234141879
1.4,81.63387693587974,13.991784086311231,24.172284403865056,41.8221376152386,82.0775371108076,19.529232656904085,-11.934164189210485,51.80783569433953
1.404,81.69273204276865,14.258439639448776,24.46547770930236,41.36092923827488,81.81513491689189,19.828129338397176,-12.309034345295375,50.90686458648855
1.408,81.70354410612427,14.558467354770086,24.74667139590852,40.85126156128954,81.5342696773522,20.12392967517338,-12.721703381302165,50.011544086568755
1.412,81.66846166972545,14.87933806294228,25.0222687265227,40.290262382159234,81.24826539565773,20.422480679750706,-13.180068151458102,49.122670090235765
1.416,81.59381122491706,15.208186168986296,25.3014918649769,39.67946434707373,80.971387831809,20.72809294865962,-13.687058783032684,48.242164205826064
1.42,81.48966904883653,15.5333298331046,25.59476726327247,39.02326350072963,80.72019540602115,21.043876651542732,-14.246445269743639,47.373372335551736
1.4240000000000002,81.36899259678049,15.84445569404582,25.911300049725593,38.329841965388454,80.5121863060688,21.371527638608228,-14.862633611768644,46.52113238167435
1.4280000000000002,81.24897828252529,16.133971127972668,26.264447970666065,37.609635634959076,80.36295336230162,21.710521524648456,-15.537034418810777,45.68947929671628
1.432,81.14952955838018,16.396742231188625,26.668952330016108,36.875863940980004,80.28390383060209,22.0592241610093,-16.27149859293357,44.87714367046252
1.436,81.090840131166,16.629856383706585,27.139909001755615,36.14334891163212,80.27871749903277,22.412492162685748,-17.06119958930168,44.07729538168786
1.44,81.089992031658,16.832338138990533,27.689488166337004,35.425374391666296,80.34382756959506,22.76336141823818,-17.89750717476814,43.27798462937855
1.444,81.15927157406847,17.003283784150607,28.325222581080318,34.73460159726996,80.47387850550767,23.10573879135772,-18.771226538264504,42.47062234571379
1.4480000000000002,81.30493530912825,17.14054305059806,29.04630294166916,34.082207472672714,80.66438801215376,23.434902679865683,-19.673170187368946,41.65300869564007
1.452,81.52966532964317,17.241421415251924,29.848669850987054,33.47914168252773,80.91354929742381,23.74782175450404,-20.59790884040518,40.83060375086452
1.456,81.83164974404482,17.301808290574165,30.719048008584792,32.93537866696285,81.21911478866906,24.04172540902632,-21.539417431714757,40.010747994072815
1.46,82.20590908615185,17.31864612089721,31.643567405573865,32.458719333783975,81.57729269369712,24.313387405808886,-22.491309831133446,39.20175977704096
1.464,82.64214497170873,17.287798277929845,32.59865644106634,32.05485393497749,81.98080861296079,24.560309976602912,-23.44685459320047,38.40838169556112
1.4680000000000002,83.12615321616259,17.207661121409103,33.56044561426144,31.724859183157847,82.4162580409217,24.778032315994864,-24.390026381913223,37.633395672353394
1.472,83.64153154467773,17.079913343660667,34.506670284524404,31.464192879847694,82.87102217487396,24.967639353312425,-25.313576826818935,36.874898621655454
1.476,84.17106736450748,16.9091583878568,35.41542956428441,31.265051715936185,83.3331654133461,25.129267709366996,-26.207968827723096,36.134592944393816
1.48,84.69902707476638,16.703367490644577,36.27251089164337,31.115649168466536,83.79744332324067,25.265740304229272,-27.072620758112176,35.41922892699167
1.484,85.21272822244966,16.47122369009787,37.070830298080274,31.00350525941391,84.26609793252793,25.38109011850728,-27.915438870489435,34.74086390139779
1.4880000000000002,85.70368471376715,16.21998286318183,37.81017967592024,30.917669535221844,84.7457974384001,25.478438315413342,-28.747592618524173,34.11329478215
1.492,86.16866311661981,15.954751338650569,38.49533419111684,30.85006459073102,85.24302270770904,25.559099172853788,-29.577566657289758,33.54783208050201
1.496,86.60781481837645,15.679520392269916,39.13299994865722,30.79654247785942,85.76102910660225,25.622997083168954,-30.40829624457436,33.049917781595276
1.5,87.02213426167651,15.398160190539905,39.730953124351714,30.752102043886445,86.29792065213871,25.66929184594154,-31.23717821027827,32.61937827343205
1.504,87.41327927438718,15.114857446298666,40.296551086916374,30.712063715921513,86.8483312527932,25.6983916304756,-32.06014776704353,32.24972262756716
1.508,87.78377954704538,14.834627705935333,40.8376020535268,30.670900159997153,87.40520054683603,25.712030029091142,-32.87509083032196,31.929950915117004
1.5119999999999998,88.13721373480374,14.56294085495968,41.36155319307688,30.6253008877791,87.96115254844322,25.712577536222444,-33.68295589597287,31.646054056211007
1.516,88.47934254816285,14.306047774691004,41.875059514984535,30.57298026337535,88.51030566961605,25.70197152659042,-34.48701055977601,31.386622648658367
1.52,88.8171925005007,14.069923107531617,42.384958583871985,30.512105894444918,89.04912677908582,25.68079693004166,-35.29040417450226,31.14607582625451
1.524,89.15849788840632,13.858373441914296,42.89344904388493,30.44241612424793,89.57397734677988,25.646878181698728,-36.09258552699336,30.922298133152598
1.528,89.51087888160954,13.672346211591654,43.40216699899124,30.36359350279543,90.08195532149008,25.595675443181864,-36.88969391816795,30.71456739113757
1.5319999999999998,89.88097993321566,13.508676638328941,43.909098519800956,30.276612558532907,90.57033977138742,25.519709508614792,-37.67332412340847,30.52304212460874
1.536,90.27401754962264,13.361809251030815,44.41164207730222,30.182759629229178,91.0368626769081,25.41153134118644,-38.43381837766241,30.348290827631473
1.54,90.69307189663296,13.22542412549454,44.90428212374587,30.08312728146827,91.47850118823969,25.261793222431244,-39.155329288972034,30.19436739905718
1.544,91.13987987735625,13.095484251208354,45.38408146364038,29.979142205398553,91.88861092868414,25.06350552568724,-39.81424640739651,30.067914955181664
1.548,91.61416426492934,12.970682555484961,45.847395690963026,29.87120840006761,92.26203552780505,24.813766680358157,-40.393961303919966,29.974914077586945
1.5519999999999998,92.11427052177548,12.850796510520446,46.288783077039355,29.760159795204096,92.59168219069588,24.511906023018643,-40.87931188842834,29.916118970586492
1.556,92.63903963877449,12.736444150475469,46.70255359528551,29.648099903244034,92.87468858922297,24.160100444924986,-41.268351998954344,29.88810803642828
1.56,93.18684239208304,12.62831547969147,47.08375605715902,29.53783493862239,93.10915087717339,23.76297874167193,-41.56554962312256,29.883197318627936
1.564,93.75435300299765,12.52588323127193,47.42554900587315,29.432502762635902,93.29786128714295,23.328121541904093,-41.78706640455028,29.89032281780315
1.568,94.33702176662248,12.427362340461043,47.72390400722475,29.334918472875678,93.44662153600794,22.865564657991815,-41.95662499298759,29.896004265973374
1.5719999999999998,94.9299496974166,12.330104982342483,47.97581494808663,29.24877329944831,93.56117629006278,22.385377995588552,-42.09810150065858,29.884493656608456
1.5759999999999998,95.53099743100479,12.230740767747514,48.18630451177921,29.17937596875274,93.64585076602017,21.895808346335883,-42.22570883781366,29.8437298899869
1.58,96.13582360834808,12.126915145232097,48.358731224304684,29.129190251192693,93.70402186795287,21.40255564903477,-42.34045487852399,29.77091390599407
1.584,96.74098627420138,12.017503227872227,48.50105547702057,29.09818967802408,93.73867124257418,20.909492633118397,-42.43546076159606,29.669986684954065
1.588,97.342848252472,11.902415712877135,48.619843031085765,29.08822002853864,93.75366630223733,20.41929457607255,-42.49953691281824,29.551530923697307
1.592,97.93781061628496,11.781572223200309,48.724430935607494,29.096743189984288,93.75458274907056,19.934012854285154,-42.52512142286063,29.4277519036385
1.596,98.52175508413727,11.654448850262048,48.820095875234244,29.121244069676738,93.74849126054583,19.455783445834186,-42.512828648570334,29.30812590246066
1.6,99.09001672803494,11.520176758014848,48.91254401144525,29.15780482855801,93.74457827847111,18.989591238075676,-42.47833290161781,29.195593323800193
1.604,99.6372107181142,11.378047596448864,49.00524523211625,29.202832101048287,93.75304347768653,18.542546786050195,-42.44589402243935,29.08797246234006
1.608,100.15724801084365,11.227324627856692,49.10529615708524,29.25157328766251,93.78606388836738,18.12309086781222,-42.44665894004068,28.984010836219138
1.612,100.64541939951052,11.067341058261004,49.21952830611294,29.302328356516508,93.85407744762279,17.739210374210757,-42.5057844060891,28.884182628178753
1.616,101.09653848261743,10.897750468383178,49.35174691095378,29.352228699403046,93.96859097755404,17.397575128977955,-42.65287405940189,28.79117981746985
1.62,101.50669917268765,10.718701548746562,49.503591486236864,29.398950827496986,94.13887417500952,17.102546247471658,-42.91158724290922,28.709404543253044
1.624,101.87335181291989,10.5303007890032,49.67491966931252,29.440670703629834,94.37028105564671,16.855198894302745,-43.29761684160204,28.640783714160698
1.628,102.1962500242098,10.33214153406545,49.864596382626374,29.47756048261242,94.66172728611855,16.653092914520688,-43.81009052612962,28.58318374631577
1.632,102.47647435304457,10.123061742476308,50.07221605397817,29.508512211841452,95.00083731090739,16.48725212395885,-44.412659724286534,28.529735967159294
1.636,102.7166750223137,9.901352961897066,50.296825602572646,29.534506053884442,95.36738605478118,16.344708749974686,-45.038628704391925,28.474252489408975
1.64,102.91872360939391,9.665272918586073,50.5349958949007,29.55344398390753,95.73964286073456,16.213081652129915,-45.613352045421216,28.41282035570504
1.644,103.0854259282117,9.414476115256283,50.78349508724169,29.5649514953924,96.10296721783887,16.085363829983894,-46.08863915508367,28.343932533445972
1.648,103.21831377319603,9.149581590789076,51.03427815421835,29.568516090401012,96.45386130746998,15.960577538077501,-46.45198389994668,28.270360805286767
1.652,103.32067225331105,8.871318020077295,51.27976207416623,29.566736040023184,96.7975706164146,15.841276495956839,-46.72326808286104,28.195920724777977
1.656,103.39647689222792,8.579819465997653,51.510136046808945,29.563596402747496,97.14429517834431,15.731052859662014,-46.94272398477036,28.12460326901147
1.66,103.45048207456334,8.275207702927695,51.72179815295205,29.561782931485784,97.50474948042721,15.632344029377405,-47.15446030717591,28.060208370861364
1.664,103.4874371444959,7.95869140619971,51.90872700464879,29.564752306929066,97.88530902713283,15.544686344047062,-47.387254389196144,28.00493193969184
1.668,103.50979018271732,7.630998261054396,52.05557628742447,29.57386682863172,98.28811342680456,15.465556309695096,-47.65485333844688,27.96033390735297
1.672,103.52467420646741,7.294132534788352,52.175327415808134,29.5915284627546,98.71437665241903,15.391298750338686,-47.97138888364743,27.92534588332995
1.676,103.53724848904405,6.950349062645604,52.26180007898016,29.61771722669328,99.16358823279592,15.317478866418718,-48.35436357870356,27.894711049411843
1.68,103.5539586206513,6.602402462515173,52.31851898486963,29.65330779270447,99.63351088577028,15.238688229656976,-48.82216042424047,27.859780915130912
1.6840000000000002,103.57929112970477,6.255408697385374,52.34205731525399,29.6964384102702,100.11861845947125,15.148992916277761,-49.38427295518155,27.811554551197908
1.6880000000000002,103.6183154462901,5.91111287690741,52.34741467759196,29.74637945359852,100.61088289827873,15.042059349486879,-50.024102694520685,27.747886993859918
1.692,103.67317856003721,5.572903243643152,52.33974568824756,29.80135008373297,101.09971217633249,14.912448793981294,-50.69963981303918,27.674757081057393
1.696,103.74505407284427,5.24294889252277,52.32339281983445,29.860775296398845,101.5741270187157,14.756319325207492,-51.36459252343969,27.597703573380535
1.7,103.83509926390761,4.923154959186744,52.308216265505415,29.922415800440287,102.02529258702236,14.571850571978143,-51.98227626593026,27.521392031319838
1.704,103.94430987198089,4.615990086160862,52.298798299650805,29.985913190806798,102.44803372990933,14.358518852107194,-52.53212563632883,27.449928731240885
1.7080000000000002,104.07239102825827,4.324322225897495,52.2990911278216,30.048347944525354,102.83933435239254,14.116671581122098,-53.00382768173109,27.386660739510972
1.712,104.21923310860043,4.050768751657236,52.31037713757444,30.106582518967855,103.19920945768058,13.846881058407916,-53.398083033084674,27.33405021282444
1.716,104.38411255956079,3.7967145156478264,52.333773705834105,30.158212815235963,103.5298441532733,13.550229916606726,-53.721384182771835,27.294475418162673
1.72,104.56517650609862,3.562117651288495,52.369295021068126,30.200903635494658,103.8334607244895,13.228464180567835,-53.98298376027383,27.267200809432996
1.724,104.75995736840002,3.345940725077503,52.4162496058811,30.232854469952446,104.11191709839099,12.883827567632965,-54.192926865051135,27.249739022091198
1.7280000000000002,104.9669869740118,3.1472219395294667,52.47364487836343,30.255095725922324,104.36722422032928,12.518360425037558,-54.3624902600764,27.239703321445912
1.732,105.18452965322241,2.964897187302884,52.53973859204299,30.269109218033737,104.60059874119682,12.13431278913687,-54.50095276782262,27.23452581384924
1.736,105.41116328110179,2.7980188892384383,52.610802229932894,30.276302140502807,104.81381368657087,11.733894227274597,-54.617869314821846,27.231184370950107
1.74,105.64524572287726,2.6452824900946372,52.6827485888241,30.278743473906136,105.0086365031055,11.32047895898095,-54.719208034756434,27.231616642900086
1.744,105.88498696732978,2.5052836044845903,52.7513485541066,30.277849229080417,105.32628918615785,10.87586163868892,-55.54660991677757,27.232370097971785
1.7480000000000002,106.1289075523375,2.3761590868653757,52.81514835375794,30.275480025045663,105.35536216987363,10.465159712139915,-54.90586257237065,27.23746300849772
1.7519999999999998,106.37434415473103,2.256956363470974,52.86915679343039,30.273166982297028,105.51232530933575,10.029976512666611,-54.99771024144505,27.244514497151002
1.756,106.61884404814532,2.1460574767158356,52.911987770036106,30.270746440744922,105.66210564396017,9.595038252187075,-55.085631771716436,27.257033223812748
1.76,106.85926311974168,2.042475129149872,52.940633435089644,30.268523867220896,105.807568958301,9.164300868245734,-55.16832706320363,27.27547322908615
1.764,107.09300419358611,1.9456334131434956,52.95267907112107,30.26696448906135,105.9517876294597,8.74085499940661,-55.24875139255316,27.300344214402003
1.768,107.31790696800607,1.8542616045582927,52.94853849308331,30.267024889025652,106.09697780058572,8.327065417306649,-55.32867094524653,27.332001750906944
1.7719999999999998,107.53193765556149,1.7674184556941106,52.92661385978668,30.2695506250218,106.24585868138374,7.924433305915532,-55.412424332546856,27.371077808034993
1.776,107.73359825901511,1.6839037659309661,52.88333281876333,30.275581023459374,106.4007004344102,7.53376047084376,-55.50130762352387,27.416937992220916
1.78,107.92113228081347,1.6020663807982267,52.81597595266461,30.28661258182279,106.56454660963598,7.156020199598522,-55.595159884788295,27.470127031106053
1.784,108.09301874126497,1.5208461755814318,52.719878025131,30.30376450026126,106.74000250190558,6.792167379091425,-55.69408164016106,27.52900813701817
1.788,108.24875053259119,1.4391839910169908,52.593402929687755,30.329311810216563,106.928532322966,6.442933293609431,-55.79684597782927,27.59240590319187
1.7919999999999998,108.38770526517857,1.3565297273808528,52.433739255536416,30.36508351957449,107.13059091358494,6.109135368039218,-55.90273812401736,27.65790164437991
1.796,108.5109663388777,1.2728332592888036,52.24468030175633,30.412669493429203,107.34559390233441,5.791393812552944,-56.01087322292794,27.722521146708182
1.8,108.6196213717946,1.1870461549373197,52.027217216992156,30.475256117560843,107.5731675904656,5.4907928207856616,-56.11909717663277,27.784626423516762
1.804,108.71460110076602,1.0977133173292397,51.78804191215571,30.5542947665363,107.81299545983667,5.207516395702328,-56.226133501997374,27.842667922741306
1.808,108.79751499351855,1.0042276057706652,51.52922142627781,30.651472943062938,108.06471924493397,4.943001070769754,-56.32819492854262,27.896036895202723
1.812,108.8701372987993,0.9066850137077171,51.253034964126535,30.767533345997045,108.32747382586973,4.697531771273215,-56.41945327303323,27.944572196011933
1.816,108.93453745555472,0.8048036372539429,50.96363955143767,30.90145567979326,108.59990151658856,4.469642193291393,-56.500422071194066,27.987803527438086
1.82,108.99349188567231,0.6988456922681495,50.661263947187074,31.052465391721906,108.87959260943398,4.2580772408299135,-56.564892591071846,28.025479567510345
1.824,109.04991282323323,0.5874871770369442,50.352515816315396,31.21789955221515,109.16431006026438,4.059706090303721,-56.61227000719588,28.057197836867093
1.828,109.10607989685535,0.46960126280651254,50.043766026662055,31.394480731048674,109.4518638269047,3.8709973763880696,-56.64082717077673,28.083298250079512
1.832,109.1632295685677,0.3437877254258879,49.74225349633616,31.57823665650137,109.74105638546652,3.68922747085095,-56.64610255931601,28.104230044075514
1.836,109.22103279686344,0.2088793751207094,49.45315164183762,31.760990469822023,110.03159344600823,3.5115518112611475,-56.62567050761424,28.120961094791888
1.84,109.27939641534958,0.06322866575425526,49.18498732777781,31.93800556206893,110.32396108980495,3.3356236293189316,-56.57691127932618,28.13478045777268
1.844,109.3372766870406,-0.09408238586745404,48.942698727614854,32.10230347888298,110.6184994720204,3.159592013488324,-56.498886128259976,28.146654220253698
1.848,109.39539691261326,-0.2632590827118394,48.73082845112558,32.25087128026396,110.91531564360484,2.981337709285893,-56.39217662940822,28.158109150252983
1.852,109.4553597934627,-0.44280655438697797,48.549462565308424,32.38151286512227,111.2132030981108,2.7995639845361957,-56.25257623988155,28.17078651838541
1.856,109.519475461521,-0.6303928123754884,48.39737576092212,32.494397891507404,111.51125500969347,2.6116212737330264,-56.08416690782766,28.187456853328616
1.86,109.58928336891549,-0.8227020278971247,48.27205989914984,32.590220009339475,111.80928187572854,2.416621070320962,-55.88717741353722,28.211849101739936
1.864,109.66490958936541,-1.0168572975034342,48.17146659263998,32.67034718156823,112.1075978250799,2.2144503165935148,-55.66758870931576,28.24749846443842
1.868,109.74496825056616,-1.2098945058180124,48.09033989486342,32.735635470692735,112.40668346766645,2.0069393442490027,-55.43085702524298,28.297120089537092
1.872,109.82928142267032,-1.399799968367883,48.027015736745824,32.78886267694704,112.70565695932281,1.7959002415462764,-55.17651551370456,28.36284614423666
1.876,109.91692149662205,-1.5838706277505046,47.97933773734573,32.8291266390761,113.00278667805817,1.5830381396136977,-54.90385628436357,28.4440407407338
1.88,110.00835069273109,-1.7590864632899734,47.941475681075964,32.85666865203635,113.2946147010903,1.3695873805407903,-54.607569295259374,28.537660185361272
1.884,110.1043576258035,-1.922768202285552,47.91029861657542,32.871298592156826,113.57814955205703,1.1559925308251056,-54.28701292956326,28.641735254354963
1.888,110.20627033335688,-2.073351025670607,47.88372673093729,32.87541622655602,113.85164357185565,0.9423509710385147,-53.94593346757583,28.753710267326802
1.892,110.31414894668568,-2.210893039708308,47.85867600948431,32.86991202396059,114.11389174394007,0.7283867618137838,-53.59282242468802,28.87021486022079
1.896,110.42812484087231,-2.336829329493997,47.832831568072,32.858551305130376,114.36308977199293,0.514117816926254,-53.23879816368095,28.982072738058115
1.9,110.54836646001667,-2.453069384913232,47.803724688184374,32.84574895947788,114.59837576635867,0.2991613150422587,-52.89868854703183,29.080616562933944
1.904,110.67527902697856,-2.561200350270437,47.76787757953443,32.835474639225794,114.82053397123003,0.08302494673540434,-52.58685497566034,29.162008572448254
1.908,110.80919593953071,-2.662136528706497,47.72307646165254,32.83077609120297,115.03096660939387,-0.13423476519356073,-52.31298124341383,29.226181327418846
1.912,110.94838867620867,-2.75551361527054,47.667666415733535,32.83071009930137,115.23149057062903,-0.3499460987600724,-52.07318924102725,29.276051399109786
1.916,111.0929260558778,-2.8417528839748134,47.599607506883046,32.83805550489016,115.42540965957521,-0.5621691889160263,-51.86438635294765,29.31797306797993
1.92,111.23938823260315,-2.92080612757843,47.51901261325094,32.84957459801835,115.61515749374864,-0.768988426652292,-51.681524826893614,29.357462949248184
1.924,111.38574144627887,-2.994383081190817,47.430689904431375,32.86653901956516,115.80442500437987,-0.9697935736244335,-51.5259932309613,29.401842403438
1.928,111.52937762184486,-3.0638321758758953,47.339716721542835,32.888479964691996,115.99615733142987,-1.1633173757186428,-51.397053173812736,29.455017155928786
1.932,111.66774392369621,-3.1315878801232664,47.25577614497427,32.91476510104362,116.19217355370698,-1.3478871350326036,-51.28867572641438,29.517482979819118
1.936,111.79732361840044,-3.1998704996661704,47.18742670276544,32.94290541187886,116.39371582997393,-1.5206044820691502,-51.18874351000515,29.585811910087983
1.94,111.91515494839214,-3.271557495489433,47.14199485794061,32.970330240474006,116.60201453271236,-1.6777337284643052,-51.07943371837671,29.654179480822854
1.944,112.01927751365946,-3.348999050164172,47.120891515295895,32.99437975612871,116.81791925104456,-1.816214031958533,-50.94363080393158,29.7166950355083
1.948,112.11226604593857,-3.4326555665670786,47.11846802502674,33.01846261229851,117.04111458106422,-1.9357435660421363,-50.77293736247771,29.768558507225514
1.952,112.19878049736974,-3.520798921433174,47.12156496432138,33.04646516139777,117.26999930368412,-2.038729842747434,-50.57016618175894,29.80720484897719
1.956,112.28324622738387,-3.6112689579381,47.1202971029407,33.0827162655585,117.50258003382395,-2.129240401074785,-50.34549245621492,29.832009526978087
1.96,112.36851840051189,-3.7019169755094357,47.10815920292033,33.12860099604875,117.73770621399936,-2.2093889465062437,-50.103608717532715,29.84375676289506
1.964,112.45534727982061,-3.7913750500190178,47.085375142142404,33.18349396435189,117.97399652357252,-2.2788352853281713,-49.844281344390325,29.845430233219663
1.968,112.543835659564,-3.878296565859118,47.05162489936628,33.245958174721686,118.21023677418053,-2.335902694428754,-49.56555560876777,29.841737428291157
1.972,112.63347741192159,-3.9619667396418117,47.009543426485095,33.31474869931672,118.44553070118769,-2.3794846959022737,-49.26946104990231,29.838012670434278
1.976,112.72255457703142,-4.0421612469210535,46.95931489281626,33.386464967738235,118.67918784312646,-2.410842501062858,-48.9645678835871,29.840084598020074
1.98,112.81013740399709,-4.119277830513909,46.90485034821328,33.45996853850159,118.91123254883696,-2.4323555453870678,-48.66127791775854,29.853176989496358
1.984,112.89470743641573,-4.194408296273302,46.84880142976158,33.532510232463814,119.14216879999385,-2.446861701646853,-48.369773033483035,29.881107627789966
1.988,112.9761293526062,-4.268641291673731,46.791385560019094,33.602669483853795,119.37204236288285,-2.4570727244112267,-48.095772887684596,29.924370507254395
1.992,113.05404832148344,-4.343177366736275,46.73236624417479,33.66787713436242,119.60072663572363,-2.465052325356717,-47.841684708206415,29.981357891967175
1.996,113.12919832814663,-4.41783945044281,46.669482705367344,33.7286218489899,119.8269972778816,-2.470909797165599,-47.603273238159254,30.047578958290238
2.0,113.20215707186011,-4.491079357617274,46.597229297582615,33.78445881173008,120.04967862921559,-2.4727572503870157,-47.37173184829545,30.118607604027744
2.004,113.2728116872895,-4.560798470688244,46.51159200769377,33.83465295876576,120.26772203272992,-2.468947362950149,-47.14145751047529,30.190657816248724
2.008,113.34206913753474,-4.6252538557740275,46.408415634299075,33.880429944235274,120.4812697963538,-2.4588764930770193,-46.91215003360697,30.26350972346002
2.012,113.41010004540784,-4.683767641725404,46.28633857437132,33.921823132471545,120.69033155133877,-2.4425149198833416,-46.686408349906735,30.33655848590917
2.016,113.47775868488435,-4.736163426149991,46.14473813258207,33.96081379945149,120.89480023661226,-2.4195088827763365,-46.46666365443609,30.410011111099877
2.02,113.54618118710647,-4.7831343601534915,45.9860380840283,34.00069569871403,121.09433593717026,-2.390232782371765,-46.257181472957086,30.48258816651036
2.024,113.61707071276444,-4.824876051744224,45.80982418780862,34.046609028813045,121.28864040069942,-2.3552116816817517,-46.06163637550091,30.553977810606757
2.028,113.69208328954987,-4.862742883175216,45.617565226025725,34.10499863337311,121.47841118992947,-2.3153846064212766,-45.88411134614454,30.625586068713734
2.032,113.77246145669874,-4.8974190328756935,45.40918524716809,34.17936422981012,121.66396392735294,-2.2707572489121315,-45.72763493149271,30.697998678934425
2.036,113.85774992905714,-4.929401550772519,45.185483865604105,34.26934310438902,121.84549257295801,-2.2189138795901004,-45.58638133967636,30.77135424611751
2.04,113.94734120274846,-4.958634254054118,44.950174968248874,34.37414512074301,122.02203424902356,-2.1588057660813185,-45.4586848714536,30.844587171722637
2.044,114.03891019719606,-4.985780825319201,44.708956875255346,34.49180705096152,122.19332801339449,-2.087740428067173,-45.33370244694315,30.917700722673853
2.048,114.12930183645925,-5.011690096018564,44.46797263680924,34.62223634881121,122.35888402711146,-2.004715780134367,-45.20826209353675,30.991372506492404
2.052,114.21600874489584,-5.037346252102978,44.22959906873495,34.76626045945533,122.5199019216661,-1.9071061068337158,-45.07407979668503,31.067099109713908
2.056,114.29610313970284,-5.063423769208731,43.997564843356336,34.92187579636314,122.67843630041952,-1.7945428029862922,-44.931165680744,31.149059269727037
2.06,114.36868377678327,-5.087789619473094,43.76721247777079,35.08595497228862,122.83711936608698,-1.6658497981498577,-44.777623524591284,31.242559463458605
2.064,114.4333464760674,-5.108647002952645,43.535433016928295,35.25416774338804,122.99794722860887,-1.5190745429824164,-44.60785902506016,31.35057830368327
2.068,114.48953418808466,-5.125382976897373,43.30104545979481,35.42263949397802,123.16180725841983,-1.3509284505142398,-44.41576611900512,31.47394109981728
2.072,114.53686583959949,-5.138312358878492,43.06397157215897,35.59085698502691,123.32771446365257,-1.1601263188225381,-44.20273248334915,31.610492573556257
2.076,114.57571722531706,-5.147450601446737,42.82351735804675,35.7595595698668,123.49455178672055,-0.9466995553624705,-43.97289435486585,31.759122506304827
2.08,114.60732228201091,-5.151640130696498,42.57797862612718,35.929271364035735,123.66056124441323,-0.7125734686072513,-43.73212752317987,31.917934365723713
2.084,114.63334198756529,-5.150743262178461,42.327685974843874,36.10022822272013,123.82489882978223,-0.4603424092973018,-43.48256105616809,32.08605013588561
2.088,114.65636441070313,-5.145746658545405,42.07468888580168,36.27176119072154,123.98608304853951,-0.19302646840657078,-43.22199297310978,32.25965867493567
2.092,114.6799719487894,-5.137885434960583,41.82252384216431,36.44297544791107,124.14270052532474,0.08116140309161712,-42.95697814159157,32.43697873002787
2.096,114.70819930365579,-5.12637562629743,41.57346111250075,36.614062467336616,124.29243299033502,0.356770929675622,-42.68400043321764,32.61778126813046
2.1,114.74431013239153,-5.109419777210409,41.32700846432012,36.784443619997994,124.43377024930861,0.6244939919482317,-42.41387333337051,32.80441647964632
2.104,114.78996326795124,-5.087298845740445,41.08320384115572,36.95577590921209,124.5656796597645,0.8791275793797639,-42.1523496441087,32.996669271369434
2.108,114.84368949802027,-5.0633333638317195,40.84553097869829,37.126769016686815,124.68759726363209,1.1200900646892606,-41.90066776641203,33.19030895787938
2.112,114.90296790558389,-5.04078202417993,40.61612670621531,37.296448084010315,124.79924695575166,1.348848288108162,-41.65752618653161,33.38095369971756
2.116,114.96489397062409,-5.020737880537664,40.395437919667984,37.46218485226809,124.90158638000395,1.5666231163658406,-41.42178793298237,33.56733071051207
2.12,115.02602695470306,-5.001475517970271,40.18038544713118,37.61973724361552,124.99736396652484,1.7752732884622768,-41.190643977359976,33.7534912407818
2.124,115.08338109167016,-4.979959361477041,39.96759325216652,37.76527584772958,125.0889131608627,1.97618978760608,-40.95961590071297,33.943218397987394
2.128,115.13725410848006,-4.952991875341804,39.750476610070535,37.897763030622905,125.14198631716775,2.1491180818954656,-40.7845338564811,34.035099333274474
2.132,115.19271248837238,-4.919013703468479,39.52220510020117,38.02106798369465,125.18491403453913,2.316811944228123,-40.5918356248285,34.11167029560558
2.136,115.25716411051633,-4.876446093268794,39.27078977672206,38.14295643747174,125.24756204403782,2.4995669077927327,-40.31572543391539,34.26430055203267
2.14,115.3361890074661,-4.82549420863335,38.989549307958775,38.27022421789729,125.29972434790008,2.6724901092027586,-40.0290797290612,34.417535443489484
2.144,115.4303036529423,-4.767456948692906,38.680896855050385,38.40968676154254,125.33949458445453,2.8394817213153303,-39.73387266274525,34.56685818437957
2.148,115.53637309424873,-4.7030994782689675,38.35081585310058,38.56430388393533,125.36671952253924,3.005451213509875,-39.437204447781575,34.708103578474216
2.152,115.64735490339596,-4.634710122877724,38.01430977317593,38.732803043085106,125.38266150663732,3.1750870862308767,-39.14789227646623,34.84005995829961
2.156,115.75494982664186,-4.563852121341032,37.687377315575446,38.90994345575424,125.38911096191075,3.3506897326536005,-38.874491956769766,34.962960805778415
2.16,115.85100668861122,-4.491834337355019,37.38363246997825,39.08698000940964,125.38779702874974,3.533488882422047,-38.61922050798684,35.078956075610925
2.164,115.930109317561,-4.419615885109072,37.10875107768507,39.25569257926046,125.38048151635225,3.72127536103221,-38.38398657258285,35.19063939159244
2.168,115.98945939536341,-4.347839035733986,36.8613867277993,39.40881963860001,125.3682106973371,3.9113008701941068,-38.16571946594366,35.30012655174138
2.172,116.02925302202267,-4.277530011010311,36.63728591431789,39.54173995191367,125.35138008002336,4.099874995682889,-37.960425312339595,35.407731170182814
2.176,116.05320757480916,-4.209596131147141,36.43380325280101,39.654264638020074,125.32812995353767,4.283792327372546,-37.7608790307987,35.512291537519914
2.18,116.06592456805583,-4.14529552551204,36.24965891371487,39.74845378101795,125.29747334660586,4.460635523074004,-37.560893763182065,35.61244574001378
2.184,116.07096207707659,-4.085156178657843,36.08766020061147,39.82881864427521,125.25896481656305,4.63000409104618,-37.35598258433462,35.708158362600905
2.188,116.07150137164663,-4.029019026868786,35.94605381439152,39.899349475537534,125.2135605934935,4.793095343927188,-37.144768883199205,35.800057554079636
2.192,116.06920122002187,-3.975465492981959,35.822506838376704,39.964089091889996,125.16311582923065,4.953285054307153,-36.9246402995626,35.890603579448666
2.196,116.06504268773944,-3.92344356294152,35.71013543150955,40.02606608480169,125.11035025875401,5.112721714898313,-36.697191505368195,35.98265793717472
