time,Nosex,Nosey,Neckx,Necky,RSholderx,RSholdery,RElbowx,RElbowy,RWristx,RWristy,LSholderx,LSholdery,LElbowx,LElbowy,LWristx,LWristy,MidHipx,MidHipy,RHipx,RHipy,RKneex,RKneey,RAnklex,RAnkley,LHipx,LHipy,LKneex,LKneey,LAnklex,LAnkley,REyex,REyey,LEyex,LEyey,REarx,REary,LEarx,LEary,LBigToex,LBigToey,LSmallToex,LSmallToey,LHeelx,LHeely,RBigToex,RBigToey,RSmallToex,RSmallToey,RHeelx,RHeely
1.0,428.758979287198,106.40040668313367,419.6950080985065,120.34094654078268,409.2548336920974,116.94590884808622,392.1626558530845,142.2977223939804,390.9751162671733,163.03924268060078,435.81332283498136,122.64262025740011,428.9146507634756,142.26188158124424,427.6598575296338,160.98647728388,409.372939822165,159.38497004963924,400.1622811876552,158.26689093571522,395.59267021623197,189.3990456866184,385.4165753120339,218.31458339215794,418.5759838423838,160.4867128930707,414.13225874719467,189.3497440253566,401.4838100982554,215.95216557329326,427.57703247547533,103.00997943838794,433.4407938974699,105.30599894755352,419.54228110363226,103.07312698322849,436.89815783302953,106.4869167782102,410.632658375995,222.8961331729063,410.62275138642406,219.39249656927237,397.99969176949804,217.04741680228145,392.36736300229944,226.45642293741452,389.9869952937179,226.45449207837152,384.2826649654488,220.6911577370777
1.0,428.77713395594697,106.64044021385236,419.61428682546205,120.21131860103905,408.9454631394706,117.27525421934789,392.2355312284699,142.50686819958267,391.20338373754277,163.70755706348214,435.33663311382173,122.25841324896348,429.0202698717243,142.0514285169941,427.7974562169625,160.50678848867702,409.32646423660964,159.4842199362449,400.17205871937136,158.55796286623163,395.17022965143,189.53776523980804,385.5902043054349,218.34337630362546,418.4664558333996,160.4207863581605,414.6868507298544,189.2261126798921,402.0935282149572,215.881966991201,427.51429832969296,103.29398907757924,433.23194917783815,105.34730778372605,419.39695592497026,102.93574393566128,436.897117132441,106.36026135756431,411.3175244972788,223.18307124590552,411.3090014389886,219.62336338622464,398.578056077265,216.97362096148487,392.40381202176644,226.73345168919872,389.8693513170522,226.70278273227214,384.47990152400996,220.7170711431564
2.0,428.86860585039125,106.90840684216691,419.5633396967279,120.11345675581744,408.6817000729727,117.62137970727998,392.32817426000844,142.72594220206497,391.46143211178037,164.3882938324904,434.8977757742612,121.88772798890062,429.1587147553476,141.7597283430352,428.0342535039892,159.83830565111302,409.30258479696437,159.58776462145846,400.2108003377123,158.85026771092157,394.77216606206525,189.71074282103578,385.7375259543355,218.40774493796508,418.3852540324308,160.37222083775214,415.253154765147,189.1322554378254,402.7497960387988,215.83825574582792,427.5170229563434,103.57568794741886,433.0785385920811,105.39618153167672,419.3025750982085,102.82807836608525,436.937460737836,106.23664778983111,412.08193079316726,223.4766048172483,412.0796084586354,219.88470652740503,399.1964909686944,216.95361756392714,392.4358244722064,227.03252140633992,389.758630718966,226.97545825884097,384.6530641967879,220.77952059929405
3.0,429.0643888026612,107.20906134324709,419.5595705935698,120.07716739584889,408.4871631480513,118.00014621485035,392.4500335176785,142.9585958465584,391.7603766738656,165.08172899883596,434.528381640217,121.55712359717188,429.337062459951,141.37615942862215,428.39604627436654,158.9509825138839,409.3137269459893,159.68644081523053,400.2911295571732,159.13036064421976,394.4194018092939,189.92338457066268,385.8447236468988,218.51885529359174,418.3485055483245,160.33862386525266,415.833529979578,189.0800601848588,403.48047351919234,215.838270635651,427.6121779423753,103.84673895108767,433.02146514228843,105.45487203688623,419.28242999904063,102.77813643966036,437.04072854835437,106.12236593921858,412.9671044735065,223.77639582339108,412.9763949166931,220.1896654493339,399.8642719094691,217.01299713304792,392.4634190807398,227.36044949758843,389.65782338814336,227.282331308271,384.7875990594254,220.89733375036803
4.0,429.4003622072578,107.55149625980891,419.62384171662075,120.1198692485532,408.3843875141228,118.42184817963927,392.609435668186,143.20507616455498,392.10977148466856,165.77894752130092,434.2585518589908,121.28432710700673,429.5658880164016,140.89439141841152,428.90886553282985,157.81992219765687,409.37469628200284,159.78438483419995,400.4274291654753,159.39574793391392,394.1374160590115,190.17951179730082,385.9063296549393,218.67904007714387,418.37039439965923,160.32634292713507,416.42405823761146,189.0837493358032,404.3050399529407,215.89756919460112,427.8330423542833,104.10705146071479,433.10950449614603,105.52877120730116,419.3647301151678,102.80262479725725,437.231344100029,106.02526166318896,414.00431205973337,224.08282944416098,414.0292788236657,220.545658142548,400.5891194827158,217.1708850138869,392.4862363624687,227.71867722280817,389.56672693725443,227.62599421442073,384.8699207412028,221.07205157392107
5.0,429.91340334232257,107.94685891220034,419.7803338651279,120.24410522590394,408.3956644382929,118.88830996987197,392.8163863907775,143.46109825687662,392.517555421009,166.4615433920144,434.11632816198113,121.07580164261098,429.86117085478213,140.31519326496027,429.59615886290817,156.4304947868798,409.5020860631413,159.89614252264207,400.635220645999,159.6527107351162,393.9528771634831,190.48034821585307,385.92391672557386,218.88195207668198,418.46545123708205,160.35002206206568,417.015023869662,189.15805924390764,405.230761370136,216.02684610932621,428.2161125398393,104.36426119392591,433.3909017144629,105.62550031488405,419.5805117221096,102.90346611822021,437.53568243760947,105.95353117843831,415.20808989984596,224.3963985150772,415.2510743710318,220.95527116343294,401.376436576043,217.43877162715867,392.5033470584773,228.10025738090388,389.48214292803016,227.9979331320935,384.8902088592168,221.288572197392
6.0,430.6359300131836,108.40517290660149,420.05541781296085,120.43771315927516,408.54315864382573,119.39025117399359,393.08451668461447,143.71820878198946,392.99067362106115,167.105627060582,434.1280108217069,120.92604169061433,430.24413367158735,139.64997398646636,430.4747053029934,154.78581867194168,409.7122108973841,160.04327720078243,400.9300368816756,159.91474558069405,393.888698798656,190.82426328712015,385.9062251438257,219.11626305624557,418.6482775372232,160.43252335073868,417.595709942331,189.31496241323697,406.2481317306591,216.2293576264493,428.79643939789474,104.63269896290969,433.90279977035595,105.75427150396062,419.9596557374597,103.0702491543578,437.9799083652138,105.91325731992198,416.56883508739617,224.71706855768264,416.6306000836071,221.41784928330003,402.2275056314231,217.8191566185304,392.5131905918176,228.489419464998,389.3996816689364,228.37926081560394,384.8498476277365,221.5225169771472
7.0,431.5887221212188,108.93063291748865,420.4748170238927,120.67778412212786,408.8470862622583,119.90708208023446,393.4294829334556,143.96562473912238,393.53420356806464,167.68699306692838,434.31639262825547,120.82181451326741,430.73726348034313,138.9250577376449,431.5492412155487,152.91619685112747,410.01902229669173,160.24967875028224,401.3257427626667,160.19941639716384,393.9615961097838,191.20669291569757,385.86791702877076,219.36866459899815,418.9306961259297,160.6008530631841,418.1597292186326,189.56087831292774,407.3277206450405,216.49996030772334,429.6007573178942,104.92812674198906,434.6630080026998,105.92332207791735,420.5269359786601,103.28543605019861,438.5859256915122,105.90671034016708,418.0491306861251,225.04301204792623,418.1288949145224,221.92804427210862,403.13617768557543,218.30405306970917,392.5145811753667,228.86425763171695,389.3160415538409,228.74508834595494,384.7633791359005,221.74844753548692
8.0,432.7743986730415,109.5142182333617,421.06042303865553,120.93849310241642,409.3234547270394,120.41139863232911,393.86483059950126,144.19207329830647,394.14896360957476,168.1849647298056,434.6967794886524,120.75138405104073,431.3580780403362,138.1866462051869,432.805800224917,150.89198816798495,410.43355297777856,160.5332247659171,401.83282279335816,160.52135741003627,394.18303124647844,191.61970410467765,385.8263431511131,219.62337275482548,419.32042280421445,160.87570301252555,418.7071883907023,189.89536196084788,408.4249853055846,216.82583271871243,430.63981859518833,105.255462023199,435.6671144236181,106.13176221868949,421.29900020141264,103.52752323356758,439.36717755781285,105.93220998414948,419.58991858338834,225.3702828473824,419.68515643324935,222.47345406053788,404.08526623628995,218.87443997019315,392.5103855868751,229.20147156220068,389.2333429692103,229.06992702885705,384.65226353178997,221.94412363317113
9.0,434.1740185896142,110.12917823391058,421.8281046733856,121.1991213700083,409.9822632658649,120.87664510905608,394.39941180495106,144.38617080311658,394.8296351905947,168.58403238048282,435.27498144789286,120.71286119453917,432.11324092877624,137.50624555730187,434.20368925814205,148.8401378075381,410.9632360257171,160.897565051312,402.45700119701695,160.88463172496404,394.56021157153566,192.04963791185747,385.8011783697458,219.86135350042102,419.8215918822117,161.26142543210412,419.24321538407236,190.31079201915642,409.49115209804967,217.18834514130918,431.90296880932567,105.60126671081157,436.8924527291878,106.36450528915604,422.28160073383674,103.77439934508125,440.3264564361068,105.98539892997988,421.12238678666154,225.69352258631588,421.2283694794591,223.03407396865526,405.04427930446957,219.50060225992036,392.51124797111197,229.4811277393285,389.162906546927,229.33258754850849,384.54111871495127,222.09314551456984
10.0,435.7479139204464,110.73545761606451,422.7848223041921,121.44864129126745,410.8244319336366,121.28368550279744,395.0367557803042,144.53594079745662,395.5633549558065,168.8734399979752,436.04820414183257,120.71745570142814,432.993334193327,136.98662736557677,435.6661344439534,146.962763005361,411.60987782548517,161.33102872678504,403.1970075129344,161.28034641866952,395.09493190643644,192.47508051959213,385.81574245886867,220.0616379880318,420.4344303273465,161.74500156853878,419.77494469458134,190.79368005583046,410.48133059070665,217.56607362865677,433.35752228216126,105.94063354403548,438.3056842768654,106.59835647419379,423.46592703876433,104.00864332145582,441.4550131285326,106.06174702594892,422.5767674010964,226.0062496919392,422.6858973555079,223.5842067210265,405.9711664709694,220.14447238370013,392.53449078161503,229.68792575215193,389.1226054700723,229.51756595196485,384.4584669659733,222.18621377479568
11.0,437.4425754582249,111.29304375407612,423.92400386610126,121.6859458281656,411.8390244118909,121.62380111714464,395.7736878558364,144.6296164060314,396.3289436554877,169.04697179028904,437.00611869503973,120.78600884551412,433.97091640585336,136.75520051630858,437.0797699670518,145.53560065791112,412.36783053473323,161.81425533873488,404.0415297483498,161.69272426960893,395.7812985929456,192.87339927646596,385.89494855895066,220.20766482377817,421.1541810840377,162.30507600468,420.31017454984067,191.32925329605828,411.3591115622749,217.93967066932285,434.95457580694034,106.2493464583197,439.8682439961888,106.81182820343676,424.8256552344024,104.22165317130627,442.7325292236132,106.15891813670642,423.89016169948513,226.30135074053797,423.99166022751945,224.0980767068473,406.82147031328407,220.76745455651346,392.5997094638027,229.81241554090394,389.130403093751,229.61638835103474,384.43533729536585,222.22275887252226
12.0,439.1990309109078,111.77691978408016,425.22122267001134,121.91634814053968,413.00290213254584,121.89890967122152,396.598187847914,144.65939716980466,397.100148130727,169.10401930385578,438.12945602777484,120.93759910998715,435.0096434053716,136.91525677605128,438.32320660403417,144.8374761545629,413.2224676041935,162.32787663088175,404.9674946241276,162.10655955696407,396.6039161002714,193.23116691114345,386.06240818851535,220.29824695536036,421.969871482085,162.92028012751433,420.85822567588013,191.9043984354021,412.1012234273277,218.29558589468314,436.6371930252416,106.51175333279922,441.53618390096386,106.99228008561579,426.3179318993529,104.41405860645902,444.1289367376573,106.27761485941053,425.0159303558828,226.57223145309436,425.097009799276,224.5560888861436,407.560925858828,221.33972254354018,392.7258090092788,229.85759207146333,389.2009046368212,229.6338618462803,384.50309617805016,222.21570734057153
13.0,440.95392048568124,112.18216212698114,426.6338254831508,122.14707168774177,414.2797122071941,122.12065035756741,397.4886934375796,144.62718387355451,397.85185854026844,169.04985011248687,439.3872380487125,121.1781472984603,436.08089977633813,137.47772364120982,439.31455170394065,145.03119503259114,414.14845289351985,162.85272067601153,405.94078609171754,162.5079428758936,397.53820090935653,193.54509867517936,386.34084948042465,220.35245499634686,422.86234021364805,163.56832846836073,421.4296999856575,192.50417876510917,412.7008400604033,218.624969316771,438.3432100517462,106.72387460715557,443.25680840749516,107.14035399708467,427.88790083512777,104.59252415038767,445.6073917537587,106.42117086415891,425.9290411390859,226.81292982103253,425.97722795462846,224.94648034732103,408.17217794283954,221.84155608589776,392.9299045607054,229.8443661700705,389.34474307051215,229.59219436821277,384.69403789329056,222.19286719111605
14.0,442.6390764863087,112.51555342247183,428.1079247508314,122.3843910929492,415.6195109243763,122.3060932479415,398.41715163900983,144.54640038314963,398.56407708735935,168.89408860701454,440.73709536924184,121.5002644629128,437.17057746348377,138.35606278103063,440.0361422955782,146.10070440663432,415.1115578893199,163.36764507842045,406.9212560504848,162.8822330638831,398.555110660125,193.81620520339047,386.7540268860894,220.40136477288755,423.8041931660134,164.2231469620374,422.0339717399371,193.10971247491503,413.1663945125681,218.9205320750138,440.0057830830777,106.89130615401073,444.970977729105,107.2680179546428,429.4750115976917,104.76509064696545,447.1269380592194,106.59470019626448,426.6245727196796,227.01724582142748,426.62974423401556,225.26355604145346,408.65365698291043,222.2590919150977,393.2268759920677,229.8051524994497,389.5701204749517,229.5237238005328,385.04182993961257,222.18879758683815
15.0,444.1897146330956,112.78448599840628,429.5889252604889,122.63130083786837,416.9651392535327,122.46948847351209,399.3554031344516,144.43671417855995,399.22280960734764,168.65000640185986,442.1289547136715,121.8889833142753,438.27235606827594,139.42914977390882,440.5250031082196,147.88004031428994,416.075818024801,163.85005499792206,407.8717421496307,163.2138324902308,399.6282664201989,194.04686706382776,387.3266952203013,220.47511799469845,424.7634664343791,164.85561011351598,422.67648982577794,193.70133486028138,413.51651372323727,219.17521993689374,441.5586784641725,107.02376846367736,446.6220797964269,107.39093453305962,431.0182880928804,104.9376855502758,448.6445697405294,106.80405249449147,427.1119106830918,227.17911283475343,427.06857185484705,225.50637270381338,409.01552033588007,222.5827303324082,393.63000266709145,229.76983270546503,389.88806583153024,229.45807282707997,385.5788775795652,222.2339846495932
16.0,445.5546697469418,112.99447669627189,431.0263830195337,122.88573970281365,418.2629063987628,122.61860253648639,400.2801583444552,144.31761646616556,399.81855406307517,168.33665730870518,443.50862760189244,122.32373813884419,439.3797323882175,140.59055248019556,440.85096142720835,150.11924301048117,417.0103997390477,164.27917813498996,408.76483862449356,163.48888551009813,400.73716666758844,194.24250252566182,388.0808711690189,220.5975482352044,425.70745299551515,165.43689462630218,423.35640114891123,194.26012359917115,413.7753868415308,219.38220878951248,442.9435522619603,107.13176349247557,448.1608052882768,107.52325114459569,432.45822048089497,105.11279705666712,450.1169917815891,107.05453951611771,427.4089764301691,227.29477288041323,427.31933002878935,225.67796689933013,409.27596842986793,222.80777081152533,394.15143745790715,229.7605830489229,390.3160311772939,229.41871260671988,386.33140431339905,222.3509320113548
17.0,446.6995388972646,113.15252192978765,432.3734967370545,123.14202755232004,419.4693929958371,122.75826444193721,401.1735633418161,144.2060535743389,400.34299082375185,167.98166329351153,444.82212539674606,122.78045125602921,440.48177053325264,141.75667146439207,441.0952991098842,152.5501595502475,417.89269528912683,164.64280298675268,409.5839442157995,163.70201937491842,401.865116635151,194.413555578489,389.0276647142305,220.7893255722349,426.60636695983544,165.9462368826749,424.0649816935927,194.76844823808736,413.97061074515517,219.53574345186772,444.11639070253807,107.22569589023026,449.54329995192927,107.6767314269392,433.7400009135049,105.2897052089477,451.5023942984102,107.34939367710386,427.53954443832936,227.36523484142708,427.41535174493976,225.78459828693897,409.4584924748024,222.93466562713581,394.7990842596385,229.79964297081432,390.8722231309699,229.43092304277351,387.31257939585703,222.55700146126077
18.0,447.6053505523984,113.26921624888179,433.58845470349223,123.39437654755052,420.55108794172304,122.89249008697841,402.02067564622894,144.1172541796352,400.7866515572784,167.62293329085705,446.0216544304664,123.23655695151302,441.5593777277639,142.86591151820076,441.3316614889199,154.94449211962632,418.7090070303177,164.94331570186625,410.32150325458616,163.86187533334117,402.9953004559064,194.57397822073764,390.1583201361341,221.07020073355906,427.4382393489267,166.3785097057219,424.7864586696141,195.21394354343616,414.13117343511624,219.63286619832488,445.05243026966735,107.31511494626196,450.73111194785815,107.86078295497985,434.8206791381586,105.46525776593161,452.7625619399192,107.68792437983177,427.53247756987685,227.3975475162304,427.39416154553646,225.8360023182486,409.5898774759154,222.9689462400268,395.5698297882585,229.91579211113128,391.56374369062814,229.52634514822108,388.51413823507676,222.86617667255274
19.0,448.2677321048401,113.35855284350649,434.63854393314955,123.63881775136066,421.47985196512633,123.02405605961036,402.80555045780636,144.06700851128238,401.13874952498344,167.30801293023063,447.07003592850623,123.67420586878586,442.5837568503657,143.88197213956374,441.6124615215266,157.1495915997294,419.45352037587656,165.19874820923408,410.9772088195998,163.99169830468918,404.1072368551795,194.7398947077168,391.4419851073096,221.4536373174714,428.1915538904242,166.74478791930883,425.50185218049285,195.5937915583176,414.2853287309787,219.67551220618319,445.74611610449125,107.40954591147073,451.695525242084,108.08230086562419,435.67415372393896,105.63525976325414,453.86562752731464,108.06335471264921,427.4211693086652,227.40487321112747,427.29509674915255,225.84612184306312,409.6987387229032,222.921324784055,396.4440740465919,230.1379971309878,392.3797072277899,229.7341474513444,389.9018049842425,223.28363911060453
20.0,448.6949779388896,113.43534054531213,435.5042082889773,123.87197119785877,422.2314007225021,123.15514228539844,403.51141390492626,144.07213824608334,401.39203212276084,167.08313331403573,447.94385756852574,124.0795574846304,443.52275135173073,144.79041404139676,441.96358189185713,159.08841887719663,420.1271649566643,165.43665339365336,411.55683844967916,164.12377020100894,405.1759075959449,194.92997759421164,392.83137803131115,221.93919161786397,428.86511990540055,167.06477233647487,426.19600488846095,195.91515058361708,414.45977138088085,219.6740490971135,446.20573858321313,107.51976998684594,452.42009958559805,108.344787402126,436.2906491355597,105.79641897215042,454.78911587041,108.46106793231338,427.2434909615676,227.40570936187885,427.1582905352061,225.83320509213678,409.81441469558735,222.80897674928897,397.38649012787727,230.48150279878672,393.294154048513,230.0672249692251,391.4204025523633,223.80015349229038
21.0,448.9056928344709,113.51333791794048,436.18108877249375,124.08922654339854,422.79083397540904,123.28736618368585,404.12887842998896,144.14747936148694,401.55433498590145,166.97536239759808,448.6349174551638,124.4405586214987,444.352091613563,145.58671121655178,442.3849309592319,160.7362616858006,420.73743435925485,165.68073594285664,412.0717653861012,164.28694381127224,406.17430519688565,195.16092857155726,394.26850356472664,222.5102069169035,429.4673103209771,167.35366711961018,426.8647359311169,196.1901212152081,414.67892193063295,219.65009061207274,446.4487246582292,107.65697582660273,452.8999534765001,108.6477337038732,436.67367656480775,105.94778333141626,455.52161412702696,108.85946863478891,427.0424784859755,227.42208747651603,427.0241970742751,225.81911369761858,409.9660241880969,222.65635339089872,398.3525594742526,230.9381138144838,394.2718844635414,230.5151734106513,393.0040359837253,224.3949100843416
22.0,448.9309331672822,113.60564347208899,436.678450676868,124.28614239780131,423.15840001547997,123.42185459371474,404.6599085381359,144.3047379755019,401.65209337773877,166.9909719786888,449.14692013343364,124.74721422838532,445.06187204559035,146.26838666844426,442.85390657347284,162.0992551197069,421.29811465613534,165.94196993654023,412.5384445878822,164.4979060260591,407.07634817616713,195.4406237022769,395.6869509002893,223.13677633546266,430.0141928476529,167.61535259996987,427.5167954650168,196.42838345919134,414.9652200007446,219.63316154748097,446.5018755805113,107.83087090402945,453.14331868388007,108.98624683998516,436.83817030092155,106.09118662872831,456.06197165586406,109.2349957626953,426.86696071598055,227.47776621788833,426.93443819761575,225.82775433685325,410.18202924997166,222.49270944257523,399.29624094104344,231.47641926944243,395.26989251870043,231.04612735661593,394.58164921656083,225.04147371262118
23.0,448.8147199751828,113.72088421643303,437.01514108638156,124.46163108555984,423.34744364585686,123.5609591939083,405.1088936197828,144.55417349191575,401.7154608531125,167.1304258919446,449.49298614027845,124.9954540395526,445.6563333491874,146.8361124291097,443.3337626977036,163.20144907378508,421.8273135646319,166.22212346937428,412.97613150453276,164.7625391517886,407.8603253086512,195.7679903606641,397.01818008899033,223.78185519785796,430.5265693884929,167.84931668948775,428.1705186736815,196.63553286501417,415.3412258425975,219.65323061247284,446.40159481775066,108.0470453280474,453.1738059352712,109.34989093537274,436.81019522617174,106.23012896125046,456.4182863460385,109.56982539288965,426.7702137334944,227.59693538591168,426.9331410597942,225.883557689351,410.49061372930936,222.34776625507752,400.1759287434415,232.05193822689995,396.2378758815978,231.61535937239782,396.0806573151638,225.7115479280924
24.0,448.60718415801165,113.85944511830753,437.21630230306994,124.61868555628953,423.3788493205271,123.70883470144561,405.4732174404949,144.9034636502149,401.76180548020056,167.3964349149276,449.6987913280975,125.18926051074227,446.1513707414169,147.29510247841137,443.7869738576265,164.07499488199431,422.3426681935131,166.51933873452572,413.4022136412498,165.0780909968676,408.5140978458214,196.13630176364214,398.2044459301252,224.40909863029307,431.02583115923727,168.0588716491895,428.84880980063974,196.8171121107328,415.82844768342966,219.73642217401195,446.19015297023066,108.30725541802965,453.029000261417,109.72723894827163,436.62562050732765,106.3681922548214,456.60965635415585,109.86025993623481,426.80517795282077,227.802718623398,427.06523992714733,226.01081764443754,410.9190578797606,222.24910928875778,400.95851791442067,232.6214911686422,397.1250738127461,232.17707724204647,397.4366107670197,226.37836370553157
25.0,448.3592282858055,114.01919190648007,437.31228590297053,124.76206457274154,423.28060313957525,123.86931525171761,405.74254310962,145.35470916764834,401.79093121207296,167.79392098958178,449.80421733715787,125.33781982507928,446.57224704084655,147.65245047611606,444.186875008986,164.753282838331,422.8567602881174,166.82714528663874,413.82721274922625,165.432807841565,409.0373802743954,196.5334440527354,399.2090758253802,224.990005836547,431.5295351042413,168.24939037373747,429.5740036190428,196.98029149830444,416.44166127859563,219.90694248645454,445.91260277322743,108.61540376287564,452.7584407488404,110.11616315711535,436.32815970589843,106.50917276544223,456.6681375574001,110.12156917688046,427.0185570097478,228.11728426490077,427.3714314340173,226.2336954445838,411.4908517279219,222.22434117517687,401.6222397024352,233.15302788435469,397.8915451654453,232.69430909139737,398.6044353785014,227.01991956653592
26.0,448.12277879666004,114.20135924041212,437.33853006867855,124.89608475133116,423.0923518548861,124.04376356312467,405.9074502400806,145.90125839851197,401.7923835367614,168.32738218509922,449.85739189811346,125.45293308229034,446.9507502666987,147.91796330874112,444.52189328888335,165.27011880410683,423.3758078659232,167.13553756930443,414.2526095848236,165.81116784303387,409.43959730339617,196.94305629202395,400.01797355001634,225.50739018077385,432.04917864703214,168.42575316211716,430.36254622466487,197.13427143642465,417.18618290139136,220.193423960745,445.61720385193263,108.97889332324047,452.4228656589613,110.52368038642727,435.9700630350489,106.65768765963021,456.6362051612921,110.38048815204414,427.4488127866182,228.56442977981825,427.88433938667015,226.57672495063784,412.22298159697425,222.30772531783492,402.1589344380968,233.62746968489827,398.51562304455507,233.14340382284496,399.5619735987517,227.62003444088518
27.0,447.9508891095096,114.4081336424783,437.3351689433334,125.02458871794659,422.86928216468937,124.23094393634595,405.9748216790764,146.52275775231828,401.7647945072264,168.98863746965148,449.9067275300998,125.54937368552503,447.32125896323174,148.1100656890297,444.7946704573066,165.66151195936484,423.9005917430664,167.44108781552984,414.67410579845375,166.20481059681603,409.73757321943833,197.34981588622765,400.6353797913934,225.95431828805823,432.59007803549923,168.59806373188155,431.2194109205703,197.29460397392185,418.0607712664967,220.6335053668447,445.357277734899,109.40089660483389,452.0917053223083,110.95374758053549,435.61406124132554,106.81852932991993,456.56172931586707,110.65961670034528,428.12767488965574,229.17031316865612,428.6282702431966,227.0645939085222,413.1248020443249,222.54512768573667,402.57443628485294,234.03594602303085,398.9941460131714,233.5134410779067,400.30617156909426,228.167324254824
28.0,447.89615713036596,114.63969828641372,437.34610930869695,125.15144819927993,422.6790329834493,124.4273137220979,405.97641467282847,147.18436405487702,401.7288323264725,169.74856810853504,449.9992204000118,125.64392538105467,447.71830711094145,148.2553245446176,445.02107341249996,165.96326497900742,424.4296160565079,167.7526816062695,415.0892362546226,166.6162210988934,409.95406253346414,197.7439868289042,401.0783687689684,226.33086911219488,433.15336583441785,168.7852089283178,432.1343481403369,197.48629156818646,419.0607106016376,221.2693518796423,445.1925352892629,109.87646625992922,451.8389218514511,111.40196257303367,435.3314759318508,106.99546620522655,456.4950524688247,110.97209876329754,429.0783806994963,229.95895003000078,429.6185003681083,227.71995576015806,414.1973236176961,222.9899696660685,402.88454506940195,234.376325827177,399.3383120732128,233.80346211308137,400.8480393441864,228.65447091382748
29.0,448.0091407268842,114.89499057388409,437.4167126104513,125.28004675122446,422.589647852688,124.62672675047847,405.9617775949273,147.84622883723722,401.71702165557537,170.56915812534788,450.1825309559454,125.75188051454545,448.17635875313886,148.37930842613582,445.2296998459622,166.20625010338557,424.96493864270064,168.08324986674225,415.5039778151778,167.05036975019135,410.1159741455151,198.12210029878923,401.37215003486557,226.6414230716356,433.74167768103956,169.007500308089,433.08370627715635,197.73961450316608,420.1782724604434,222.13386699700123,445.18693192117973,110.39630733264977,451.73930868697676,111.86041117275026,435.19436628986887,107.19012928183545,456.4875567291532,111.32540040868032,430.307722617304,230.94431707034738,430.85667204521775,228.55960058287022,415.43180938590143,223.68772654992893,403.1075616990452,234.65074449344678,399.5678414434338,234.01977945411167,401.20861967973485,229.0779414910037
30.0,448.3357960718779,115.17217909475903,437.58976718982365,125.41236075194843,422.6567098430289,124.82118624782741,405.98235739841704,148.4759661775843,401.7577469895852,171.41802086710857,450.5030194126006,125.88407445729054,448.72825035337974,148.49944738043564,445.46059866108925,166.4151249414984,425.5162804034411,168.440348554785,415.9334489502756,167.50622838630633,410.2520935896051,198.486115189222,401.54658454647193,226.8934707368652,434.3641186352837,169.2780636893463,434.0367255148048,198.08195316714946,421.40057265048887,223.23490933251793,445.39993937831935,110.94748259240436,451.86202124184655,112.31968194533125,435.26437885432244,107.40081507225379,456.58884006175265,111.71951713471091,431.795570310568,232.12211843569935,432.3238148725415,229.5889009161926,416.8060856410168,224.65561458266808,403.2586011241293,234.86513507821329,399.7050623300894,234.17391832064067,401.41537374275686,229.43761979753225
31.0,448.91306949559504,115.46831783698259,437.90155849097147,125.5481371715473,422.9172539252132,125.00261535572814,406.0762310197042,149.05351302883312,401.8698921036465,172.26888830064803,450.99992412271433,126.0460400206413,449.40055033987886,148.62566930379555,445.7618412034677,166.61129512931555,426.0990792771732,168.82414686305273,416.39711698269207,167.97510867987646,410.3906268448677,198.84168616134795,401.6338116161147,227.0968742651609,435.03503513477875,169.60103221630584,434.9631908076761,198.53141366926414,422.7050177412956,224.54650772420976,445.8755354369664,111.51058508606273,452.25980104280353,112.76705069578175,435.58433511398545,107.6221228766566,456.84204646713044,112.14432457290017,433.489478915382,233.4650100596127,433.9759232008586,230.79615291905182,418.2812681313068,225.87069184083308,403.34992201180415,235.03020996755856,399.7715327136716,234.28110618825227,401.4993409371459,229.73684991127595
32.0,449.76408247424064,115.78104565900226,438.3803567963299,125.68509755302502,423.3890686905182,125.16408490880538,406.2622874990296,149.56966588288833,402.0634479086798,173.09754851463376,451.7001505383801,126.23972439761405,450.2077351392104,148.76755262952125,446.18109305767047,166.81933560882973,426.7296974084206,169.22639038727422,416.9138209183423,168.44097671792625,410.55852029302923,199.1954753950014,401.66679934350475,227.26300923943947,435.76977434707317,169.97166409378053,435.8421344739494,199.09361018604878,424.0557219468515,226.01254376856616,446.6376640596288,112.06265061337035,452.9609034896761,113.18849788227321,436.17592140147923,107.84712236607238,457.2797017164144,112.58417117977214,435.3116102515698,234.92623265710378,435.7472267809265,232.1515521433552,419.8049728303854,227.27400772457634,403.3972583028673,235.16183353174839,399.7886320356985,234.35915629153976,401.4933712043622,229.9823831297282
33.0,450.893757419553,116.110737590431,439.04659632319584,125.82170838581011,424.0740617930194,125.30067437891866,406.550719998056,150.02283963159437,402.3439188862126,173.88038431972763,452.61499257464965,126.4670915562546,451.1476028518701,148.94193336442834,446.7551576930548,167.07135934129897,427.4219842447676,169.6313990130785,417.4992452865702,168.8839636335939,410.7829389422997,199.55410138858474,401.6785718542584,227.40474984731998,436.58061046838526,170.37780834659972,436.66798638230085,199.76096055310128,425.40418830152544,227.55770807751233,447.6914050634666,112.58326258417992,453.96755574111984,113.57349310123115,437.0409854245316,108.07057606458186,457.9219865761578,113.02284363697451,437.1728744764483,236.44754521840616,437.55819191502906,233.61018371625894,421.317619159329,228.7839565767268,403.42665468824055,235.28022640517395,399.78028052207713,234.42762507862844,401.43123830743525,230.18425940097154
34.0,452.28724773885125,116.45982474879466,439.91197721483,125.95989923427618,424.9649435984628,125.40950054148298,406.959487268885,150.4120187957369,402.7200470720942,174.59132972867826,453.7401981029527,126.73133968899113,452.20282909326517,149.17013894742362,447.5069245436522,167.40017026223242,428.18617386916657,170.02283245965708,418.1652145739769,169.2882817893212,411.0920740525521,199.92469174453998,401.701857399139,227.53671942753869,437.47440246683016,170.80584150994764,437.44945486590376,200.51510271439702,426.69507840203534,229.09786651029984,449.023255031399,113.05645393248649,455.2580975921505,113.91720076043603,438.1646189859346,108.29052734182503,458.77613667582295,113.44492224569522,438.98394628503485,237.96371228977486,439.3231598634283,235.11604398157166,422.7563524349846,230.3087891964772,403.47459439701163,235.40892638888778,399.7743161948775,234.50716199117107,401.3475071376936,230.35557279227248
35.0,453.913839840112,116.8314642147155,440.97721071157855,126.10406393345484,426.0487167305066,125.48882412133906,407.51437273313525,150.73128506390088,403.20551434429007,175.20083505017794,455.0598585057241,127.0341710440146,453.35306391300406,149.46531471934384,448.4499460235245,167.82577613609254,429.03010489881837,170.38982364274813,418.9201481131777,169.64659482468247,411.51391867136215,200.3154140676293,401.7689012446257,227.674180664925,438.4541414871311,171.24572742896618,438.20332330262994,201.33243626107318,427.87642522836506,230.55309066214792,450.6009714628374,113.4717406564223,456.7929175746133,114.22029530025596,439.52052990758386,108.50875849556671,459.83565652528955,113.83707858339204,440.6649082471206,239.40878586960304,440.96090948646037,236.60920099351924,424.0624086141275,231.76100682842159,403.5817260977118,235.57385212262287,399.80075981951677,234.61892121925018,401.2779617482401,230.5104035230869
36.0,455.73066712133175,117.22967534051591,442.22925867997026,126.2595450044257,427.3032469638508,125.53940920778996,408.2328848115561,150.97450954972015,403.81011541860556,175.68257577316737,456.54986503597155,127.37439722931953,454.58880305009455,149.82586146155512,449.5911841132531,168.34996066911748,429.9589370116198,170.72887338915692,419.7683714173392,169.95877521047854,412.07383959918974,200.73487024701154,401.9111686377312,227.83099926075369,439.51994785960574,171.69110806492785,438.94842454699426,202.18841805603046,428.9096764904931,231.86189407682718,452.37455373820933,113.82651108460121,458.52215769738,114.48809075681751,441.0750826421261,108.73124795206373,461.0803975091918,114.18980032914969,442.15581456241966,240.7267057766618,442.40771874852015,238.0326972160137,425.19280968994934,233.0732762252671,403.78638586868135,235.8022343998531,399.88845429070443,234.78384855780425,401.2597124916282,230.66034150158504
37.0,457.68213357578594,117.65871490626611,443.63928229489454,126.43317475699291,428.69352265014595,125.56765632074575,409.1134703236422,151.14269740863358,404.530606110588,176.0209657104908,458.1783164509264,127.74889467487878,455.91244848131475,150.23916168906987,450.9280900701001,168.96042250095618,430.97107124676114,171.0416279094177,420.7076474271095,170.22819632476467,412.79141429692146,201.188645565154,402.1586492813902,228.0202350036446,440.66606189377075,172.1355337070859,439.7008619560852,203.0558606699285,429.77442192947785,232.98630600248592,454.27801607645966,114.12610704721627,460.38894263044966,114.7288613234364,442.78593518590543,108.96867785062584,462.4783178090885,114.49797192475825,443.4216743062607,241.87743241006345,443.62527935608074,239.33511277933883,426.12641665970443,234.20460333573266,404.12142310688176,236.1212379269297,400.06310168579006,235.02222835520925,401.329509924043,230.81541860159055
38.0,459.7001104859123,118.12112755620825,445.1647548400981,126.63368214173315,430.17270081927967,125.58626967524712,410.1376208290881,151.24543095168391,405.34991300917386,176.2146561602663,459.90522368988064,128.15326856899907,457.32728825226167,150.68588924916406,452.44267512350484,169.63586128090887,432.0533955440252,171.33129902030956,421.726042989222,170.45877832306775,413.6763402663615,201.6771897552864,402.53857588425154,228.25882740534453,441.8765806194539,172.5701741977442,440.46998514993885,203.9034474148924,430.4681936997385,233.9092073502654,456.2346013285148,114.38115136785983,462.32964217636084,114.95180817438717,444.5992756291226,109.23584646167153,463.9884330498404,114.76021193202449,444.45008771351667,242.8379645800435,444.60120012320607,240.47561714865324,426.8619437472561,235.13670576241697,404.61358700641875,236.5561813501306,400.3475738394672,235.35443296058423,401.5210176722439,230.99153287736226
39.0,461.70632510363527,118.61605083065677,446.75588585069005,126.87249411328727,431.6849413983589,125.61241589485957,411.2762943505238,151.29906082781335,406.24155356614546,176.27829049500954,461.6834321173418,128.58496165844704,458.8269546556763,151.14450387533094,454.0973877129885,170.34997579363431,433.1791166808802,171.605285385364,422.7987523368081,170.65778116931799,414.7241906580466,202.1998603437547,403.07344721763286,228.57043339597683,443.1233705862836,172.99017853346896,441.2565448582571,204.7022853839874,431.0037410412443,234.63078875810692,458.1632893614821,114.60318158084198,464.27590847977854,115.16521942623987,446.451298475457,109.54824090076937,465.56398961556016,114.97768650757887,445.246614654934,243.60236135859145,445.3446819927623,241.432017651168,427.41304287606823,235.86890901213053,405.2830975913032,237.1281443171133,400.76217929349593,235.8016590073356,401.86352020863495,231.21621777489625
40.0,463.6174547789362,119.13725040020944,448.36067671220945,127.16322566225578,433.1697284357636,125.6648192172496,412.4932275554643,151.32418121084413,407.17554963357907,176.2409245138762,463.4610451367501,129.0455736361649,460.3913608689876,151.59662944271795,455.8386414865316,171.07592958063617,434.31162891674745,171.87957250617595,423.88924942453025,170.84052992973287,415.9151694693813,202.75876598545474,403.77813855175265,228.98197861805204,444.3705793590838,173.40173908557878,442.0523207721711,205.4341743343042,431.4032861487785,235.16431365517968,459.98285867919043,114.80008414701047,466.1577605151461,115.37477589318983,448.27323444150244,109.91619489277875,467.15514993537204,115.15304843410753,445.83018384570875,244.17931174518324,445.87969134782116,242.2014470148689,427.8026997781258,236.41328758532197,406.1420655078494,237.85064549435717,401.3230738368459,236.38335676103145,402.38086507157936,231.527228824304
41.0,465.3535792806216,119.66992614087329,449.92517358407054,127.516000426378,434.56964977073625,125.76016938938353,413.74526708640855,151.34339739538424,408.12539040811095,176.14106466878826,465.1845559036249,129.53432768240765,461.9864183169654,152.0280268461812,457.60561299538244,171.7892320450188,435.41411490058897,172.17506405060735,424.95760679568,171.02936158796865,417.21706844844573,203.35488018128208,404.6558324287913,229.51795486508055,445.5848209848424,173.8184629978759,442.83967156485335,206.0936522403466,431.6907165872719,235.53119332035368,461.6172877996705,114.97440533425456,467.90547672174125,115.5819361867098,449.9956052192587,110.33868220347902,468.7111956631745,115.28970937714242,446.22753878981007,244.58737015385861,446.23719110046966,242.79330578579646,428.05741018832873,236.78962441176554,407.18996437732267,238.72526684444824,402.0386011295278,237.11123684151286,403.0877696240195,231.9664213858395
42.0,466.8452397061817,120.18853580788719,451.3924875267638,127.93140631142414,435.8372479193249,125.91041575470385,414.98366471953665,151.37993666894494,409.073024144115,176.02194202265105,466.8009042095515,130.03976916059406,463.5670135719829,152.4274119964897,459.3351831788832,172.46938285964245,436.4569159959599,172.51162927478128,425.969213746524,171.24941650228777,418.5887851775857,203.98172480625587,405.6942977683029,230.19496363657746,446.7420546928706,174.25446471306503,443.5932424498001,206.6851261230816,431.8868594260549,235.7569465116819,463.0045698023586,115.12502225369808,469.4514266576701,115.7829005245725,451.5505529334773,110.80048113865578,470.1826151517891,115.39142764388434,446.46816649742664,244.85060467606857,446.44839573068924,243.22350136443856,428.20308822543853,237.02127360937342,408.40611211008616,239.7373183614238,402.9039835176233,237.98334024495983,403.985394594685,232.5697018738308
43.0,468.0402031467171,120.66102282251123,452.70688173284896,128.39997395050702,436.9370947052094,126.12146742976175,416.15831967380075,151.4558335523999,410.0088788634486,175.92615358653285,468.2588338309325,130.54211425796788,465.08459521217134,152.7875717861475,460.96403012737295,173.1031983926173,437.4185359297281,172.90622488272317,426.8976914945594,171.52548662810716,419.9824836857869,204.62683000858036,406.8658096629763,231.01537179963202,447.8271248591186,174.72168053951313,444.2865868925772,207.21846742795788,432.0093194186294,235.86843172166334,464.1046653159895,115.25012571211768,470.7372308624443,115.96975680825564,452.8770201867571,111.27710917430679,471.5234501099569,115.46218539823678,446.5821735516933,244.99553431526107,446.54196185641933,243.51253491973625,428.2640847967708,237.13283603396377,409.7467299417718,240.85475672644233,403.89706754085563,238.98069343006566,405.05929449020323,233.35437183528313
44.0,468.9119593601891,121.06008783960911,453.822828594041,128.90393775188872,437.84507419628096,126.39212571883333,417.22484042130407,151.58937655087144,410.9275582346656,175.88772646790218,469.5120669410129,131.02137728405793,466.494966497238,153.105649823944,462.43587791816526,173.68518106626976,438.28430957080263,173.3702010197618,427.72441329068187,171.87811010193934,421.3453686677709,205.2794168194185,408.1302516563023,231.96274247608216,448.8295511356766,175.22598099347465,444.9011363226213,207.70465326280745,432.0730532001385,235.89211455568952,464.90231717338514,115.35001451570928,471.72451335153664,116.13440566125912,453.92933058602944,111.74388153396518,472.6942676717522,115.5063269958394,446.5999107009775,245.04906519772322,446.5448585549243,243.68420112237183,428.26354578679513,237.14993730566795,411.15101186128874,242.03206778565462,404.9768400586335,240.06616316746656,406.2776244309943,234.3112396372327
45.0,469.46218487304526,121.37210718836678,454.7114475418451,129.4181121416982,438.5472974976008,126.71313476091112,418.1509941823503,151.79224740056014,411.82246104520067,175.92570420228566,470.5247269619906,131.46062275893635,467.76122131167386,153.38046420163803,463.7110378591883,174.21068384597783,439.04510150488534,173.90461520959724,428.43753462440054,172.31871318620807,422.62196233750115,205.9347036218439,409.43890175070896,233.00170359234755,449.73887256147253,175.76145536930747,445.43126575444995,208.15239139637754,432.09102079523,235.8531234427703,465.4049076838197,115.42852755442547,472.3988927356535,116.27263302477968,454.68256240674015,112.18002634013982,473.66609355466363,115.52892884477293,446.5515658775322,245.03728405951776,446.4836332640326,243.76379240915452,428.22340211143415,237.0993060076817,412.5506493223918,243.2171873430325,406.0854227216886,241.1863057534992,407.58972517443937,235.40466183467117
46.0,469.7125721981361,121.5974621384516,455.36091107538147,129.91377335471657,439.03989332442626,127.06792043711823,418.91852651505627,152.06793532149322,412.6837065037781,176.04603886931017,471.27613060000334,131.84673058901612,468.8530852586498,153.61122717557302,464.76952140901545,174.6694019093366,439.69567875940874,174.4994201625794,429.0307237407873,172.8474718215372,423.75925749505046,206.59277170812967,410.7397776976716,234.08394060468234,450.54210975154604,176.31201931527698,445.8835274268086,208.56669303500735,432.0779984018433,235.77489398674126,465.63748795915274,115.49290392104201,472.7659004980988,116.38566537329221,455.1322359826947,112.56851116804268,474.4246309838928,115.5362192025197,446.4670184911562,244.98499743437014,446.38490278403754,243.77671822624393,428.16442162098843,237.00740402346852,413.8801197740568,244.35964321789095,407.1580857213009,242.2812702269113,408.932336285101,236.57842764788927
47.0,469.69466134183,121.74663011781418,455.77416409355635,130.36729682306694,439.32866382450766,127.43776406447094,419.52164562692064,152.41401668169615,413.501673332773,176.25316935785085,471.7619179396919,132.1731689035104,469.74614360331134,153.79989413688864,465.6076042294053,175.04628155954364,440.23289296783577,175.13711882621106,429.5017110268163,173.45491800822765,424.7140441422022,207.25527132349197,411.9832243101361,235.1594974817097,451.22451472333,176.86044467811018,446.2738292295422,208.94877158603092,432.05578640869544,235.67928879818513,465.6361469539518,115.55311485195476,472.84593219867355,116.47923109650496,455.2907038231757,112.89767769201855,474.9720975378036,115.53556382869195,446.3761868476743,244.91579056124465,446.2758086639398,243.74784939968606,428.1066095979766,236.89906905379416,415.08656017380775,245.4171061234125,408.1389211124083,243.2998555144854,410.2421475403195,237.76670370517587
48.0,469.44777713940294,121.83687555941025,455.9656474931489,130.76779699820608,439.4264634707717,127.81154927976954,419.9650583249645,152.82826989264677,414.27571349332703,176.56311530545963,471.99113708223615,132.44155643000772,470.4223790166402,153.95330571657027,466.23228622394663,175.32833259328686,440.65420113185763,175.79547836583333,429.8511707114446,174.12397000756144,425.4574747710746,207.9221074284977,413.12533225090954,236.1856853717367,451.77275318145394,177.39300810090722,446.62559630835966,209.29557179008145,432.054310776672,235.58709108594314,465.44294021075365,115.62180541043422,472.6714613263911,116.56223846554053,455.18258219638085,113.16377637608076,475.324868137383,115.53467334654071,446.3090170368018,244.85234626537908,446.184605380198,243.70135194532583,428.0696603630586,236.79812784548423,416.13415393188063,246.3584589618174,408.99023943309203,244.20777056210815,411.4648333062563,238.9061138627107
49.0,469.0216569691727,121.89160224867206,455.9571052192429,131.11857486558065,439.3504082619981,128.1921478341593,420.26057132680484,153.3148148430276,415.0155662556926,177.0067293708739,471.9820071930235,132.66030813549833,470.8722392749845,154.08340712545672,466.6562149466927,175.5131096875652,440.9585964509683,176.45039140107673,430.0834994834996,174.83244395167256,425.97553130305596,208.590817282505,414.1317567284065,237.13175230476767,452.1795415234762,177.89869958726632,446.9677645949491,209.60008543696844,432.1095483621719,235.5187114849252,465.10474747848343,115.71536972709664,472.2862934289864,116.64820193610853,454.84189237487965,113.37122949707485,475.50882943401626,115.54027515363212,446.2943945964667,244.81686509640429,446.1407236839119,243.66082018545254,428.0733400043037,236.72974444258432,417.0033472507761,247.16679507483101,409.6929014205534,244.9883150391246,412.5599756963686,239.94607891132787
50.0,468.47648572990045,121.94167135212159,455.775058913249,131.43303342280203,439.1226178163899,128.59248905718877,420.42216648544473,153.8836620630788,415.7213739354418,177.61533945066083,471.76109962933157,132.84255136145788,471.09772884279084,154.20821098779513,466.89507290755546,175.61465504847462,441.15048354629533,177.08287076272867,430.2090124525067,175.55947459566497,426.26826251811616,209.25869708524579,414.9823120274701,237.98327420328712,452.4476362222045,178.37171034492553,447.330966053378,209.85474096363828,432.2607177260793,235.49488143954056,464.6745471312051,115.85446815879445,471.7465648605475,116.75771995856985,454.3122861809163,113.53164282335008,475.55520860185834,115.55664288864604,446.3589016110229,244.8314659902795,446.17321026798527,243.64954677834746,428.13768096413514,236.721630761961,417.68891810486525,247.8420731079231,410.2437953475964,245.64156481014786,413.50499502886004,240.85667529119286
51.0,467.88104326271906,122.02264201481366,455.4513385944694,131.7282799962551,438.7728218638648,129.02666289344964,420.46483434709023,154.5425620618027,416.3694565675215,178.39721388029062,471.36693634543167,133.00389708735244,471.1149109124409,154.3529059402942,466.967446930497,175.663706268587,441.2427779513599,177.68391549124615,430.24488401342484,176.29054669141104,426.34960631597664,209.92380976140578,415.67219996137595,238.74267982524512,452.5915939661746,178.8146363720755,447.74326357272304,210.05620635775858,432.5448778569026,235.53709094856686,464.213128220923,116.0611257139524,471.1222472443485,116.91602711175486,453.64888785482657,113.66262879299862,475.4976543865354,115.58408809502751,446.526276987453,244.9183783538963,446.308363253619,243.69074279475223,428.2827996654484,236.80182703600784,418.19761217418466,248.39824099918167,410.6522451229538,246.18064454094,414.29563710034444,241.629540968368
52.0,467.30740249773066,122.16400532573408,455.02378180136026,132.018968564681,438.3378377202115,129.50357850977286,420.4076553237529,155.2893932320226,416.93096014719276,179.3307792312042,470.8519959457384,133.15938974317447,470.9542483120573,154.54665164935037,466.89565282890464,175.70095053033793,441.2554078099991,178.25141076929793,430.21361982607715,177.01421463199452,426.24681065415064,210.5837127511134,416.2088750206045,239.42336274521426,452.6367272734821,179.23598784612528,448.22673382743653,210.20886162244003,432.99085058572524,235.66817005702484,463.7871066779097,116.35220194407903,470.4939793550263,117.14557486868938,452.91816106948585,113.7837841275067,475.3698575214336,115.61854313139705,446.8173782862187,245.09976189788463,446.5688893345965,243.80755405798436,428.5282660143889,236.996567078381,418.54497708995655,248.85594070367696,410.934880669724,246.6246514965256,414.94157404118454,242.27160684071865
53.0,466.81997030880325,122.37876977074501,454.5357727854492,132.3128653294463,437.85816300409545,130.02261000797728,420.27455374926046,156.10835149372153,417.39250369184117,180.37838953638618,470.27907678765587,133.32108257544726,470.65764619939375,154.81593158004063,466.7073769047547,175.76683624800899,441.21015634686086,178.78561641264923,430.13895223462555,177.7177130524438,425.998222506244,211.23419490085075,416.6073071912758,240.04171119577742,452.61410822097474,179.64629139410354,448.79417608424063,210.32809097745306,433.6153905806657,235.91348306644346,463.45851935366613,116.73338957333847,469.9408112936369,117.45944648805026,452.19338067919375,113.9102568736036,475.20259057495736,115.65410948050442,447.2504361713806,245.39702738713174,446.9738415460069,244.02273453765275,428.89192263917545,237.33225590406195,418.75197414448877,249.23608735515964,411.11100749556056,246.9924169044893,415.45936172262356,242.79711354927113
54.0,466.4675096459875,122.66286866067352,454.0364864567626,132.60914377988163,437.3762320317954,130.57006673479532,420.09252068750766,156.9676980879393,417.75521068070594,181.4974133914779,469.71530553075877,133.4978000738264,470.2719276701429,155.18019977147918,466.43669925197725,175.89467611375633,441.12822382791694,179.2886637473435,430.04229032587904,178.38857474943347,425.65020645752804,211.86758725750687,416.88582057533307,240.61024760536824,452.55472945191053,180.05652945684912,449.4464157359851,210.44123890392638,434.42082114683126,236.30045123838835,463.27313306669964,117.19795774954919,469.52679634213604,117.8585990654692,451.5490689080185,114.04964397677875,475.02070974697654,115.68665116089298,447.84036875876075,245.82943684072498,447.53760084776843,244.35774044281658,429.3879754771415,237.83760937057883,418.84229755427515,249.55632785831372,411.19991932106154,247.2990906833636,415.8664605082808,243.22108786879434
55.0,466.28482452655646,123.00003602906943,453.58049726108743,132.90042085761857,436.93607725649804,131.12080111341768,419.89087653767723,157.82403873648784,418.02861474489856,182.64234738806005,469.2264806450471,133.69545798965802,469.84328295738993,155.64971425316057,466.1220288736301,176.1083945113705,441.0342155143486,179.76426478813917,429.94430721554295,179.01690309553962,425.2539552042548,212.47117486162276,417.0635276090878,241.13399615838568,452.489049088359,180.47560267446562,450.1723864219678,210.58069390875303,435.3951372878388,236.85345450768685,463.2594530871279,117.72917948477513,469.29778392365756,118.33219819281075,451.0570181036046,114.20320511375455,474.8420164489985,115.71454612378633,448.5960011299937,246.4117290890632,448.2683482546195,244.83046780682153,430.0247715828344,238.53930333282338,418.8407466141351,249.83025957998532,411.2195138462544,247.55544543639078,416.17889334370125,243.55635303525048
56.0,466.2979071077046,123.36682444181234,453.22371368837315,133.1769616992653,436.58136654639395,131.64614310989865,419.7003330829756,158.63389430803642,418.2290859616158,183.7669184100668,468.8712945006919,133.91625833889248,469.4189007955538,156.2211741365326,465.80294201152486,176.4214601107796,440.9593884342286,180.21498631278868,429.86873711008144,179.59361082497063,424.86194213085463,213.02951282159532,417.1597486299256,241.61053330706318,452.4489506413067,180.90666717459587,450.9503547123588,210.77537669249116,436.515135210964,237.5859753780103,463.4342796785886,118.30337380869099,469.2853646980658,118.86055153008851,450.7800896477287,114.36753539639358,474.678045754764,115.73739938792642,449.5156114256627,247.15066412967585,449.16544766401455,245.45100127020177,430.8031745254796,239.45200069198177,418.77195349303844,250.0682139433659,411.1855490114515,247.76821141295002,416.4118860753389,243.8139818494998
57.0,466.5268655067815,123.73833054784482,453.0168638675609,133.4294244019474,436.35255034183643,132.12179170681333,419.5505992413952,159.36199967523868,418.3792983247837,184.82646226794103,468.69670383093535,134.157769300995,469.0516631864899,156.87321610142212,465.5201350921821,176.83414967721546,440.93743283041204,180.64038381349852,429.8418758862171,180.1085443727059,424.5242337469811,213.52858090824702,417.19367133883947,242.03090046176442,452.46435250827705,181.34715086238978,451.7480804364433,211.04904722791517,437.7493908116228,238.49418887597966,463.80650010625203,118.89207036839314,469.51007841955237,119.41810301512753,450.7643868011712,114.5361153723847,474.53538535668,115.75530571251961,450.582340407389,248.0410764713752,450.2151364093456,246.21696100138038,431.7149298821129,240.5691456837563,418.6587833069117,250.27731269518267,411.1119046505713,247.93922124075735,416.58067926045203,244.0028675990237
58.0,466.9874674671937,124.09203096174696,452.99939673259854,133.65017580912317,436.28446983489295,132.531000837753,419.46847175947676,159.98291833493914,418.50703651280617,185.7809293201463,468.7356615987693,134.41353699620524,468.79721667628957,157.56926567575456,465.31663345171876,177.33009346257188,440.9984468158236,181.03915107454696,429.8887613981622,180.55331459427256,424.2842313757636,213.95810966908374,417.1830392750422,242.3819062304644,452.5585405460829,181.7935945719638,452.5279206462254,211.41875535129438,439.05909275673156,239.55469957220882,464.38063624411336,119.46385215941268,469.98305444672803,119.97442393507363,451.0363377438678,114.70139458439353,474.4168866514145,115.76867698593598,451.7622374384412,249.06363104469017,451.3871967965093,247.110579364906,432.73957329657475,241.8594101303455,418.5212608725674,250.4607347787514,411.01226587448144,248.06544058581795,416.6992695117576,244.12836157529466
59.0,467.6910916120011,124.40883754177582,453.19500999176427,133.83478564081244,436.4035974942865,132.86438887530383,419.47831777899836,160.48221768008818,418.64381481309726,186.60165762530596,469.00673109480533,134.67474345698903,468.70410431147025,158.26788604942982,465.23336062065425,177.87962083324103,441.1662839177047,181.41298548723034,430.0305817789543,180.92610994951252,424.17403147153084,214.31380210799998,417.1443385024396,242.65155930878655,452.74845886524156,182.24541461107594,453.25870503996424,211.88839858130518,440.3965158791512,240.72641215067895,465.1594950535554,119.98764333517731,470.70593003042205,120.49605375058661,451.60429860081996,114.85586146813948,474.3227292822519,115.77810570630346,453.00564780871997,250.18530893218917,452.63483725872703,248.09693282907926,433.84050426183813,243.2693316742135,418.3763109144801,250.61833345310765,410.9016064448289,248.142000126695,416.7791141652409,244.1936128548652
60.0,468.64188270669626,124.67424519378257,453.6100794714,133.98270552836635,436.7251660267548,133.11967091530016,419.6031334188413,160.85895764286374,418.8231600434434,187.277381108257,469.51528587685584,134.93177594317098,468.8068806013003,158.93280408820704,465.30135861491516,178.45171612359323,441.45746389889536,181.76897464714418,430.2841329016173,181.23430122470668,424.21182016047277,214.60005134922028,417.09490112094306,242.83398749910174,453.0460658262875,182.7053953161377,453.92391400250494,212.44536820702643,441.7036152502138,241.954008783943,466.14361287260147,120.43666497470981,471.6695111465311,120.95051260672128,452.45910788185773,114.99201726598481,474.2513136341541,115.7842619639308,454.2510704159528,251.36160418038853,453.8980033318554,249.12493054038583,434.9645421245088,244.72846722424774,418.23763556374416,250.74907436879383,410.79583095028414,248.16609919493553,416.8308714288815,244.20194159270238
61.0,469.83320053381834,124.8803397098248,454.23699544274825,134.09656079553056,437.2532843096958,133.30180814482623,419.8633059901854,161.1252204226642,419.0773282290532,187.81362255240748,470.2551721903153,135.1761539716515,469.1245825382969,159.53854654624018,465.5405998669802,179.02354670386055,441.88146739867614,182.11951436076484,430.66218983489216,181.49384528094646,424.40209969684304,214.8309854037738,417.053144840622,242.93071130884584,453.4585265449599,183.18010389404526,454.5210542290666,213.06571833194133,442.91904377635274,243.17557327931883,467.3291355073926,120.79221158950332,472.8554550051025,121.31216249099965,453.5746823687574,115.10337450620963,474.1999765639366,115.78781984790612,455.4339809715431,252.54288828634895,455.1121715328836,250.13726419556548,436.051188394549,246.1580132911497,418.1172451955657,250.85414931282142,410.71101791697794,248.1412632057861,416.86641909604083,244.15804991403323
62.0,471.24597036332756,125.02773242605346,455.0613027845581,134.18097711109203,437.9850495289768,133.42094815257772,420.2739588774705,161.30048876521062,419.4332449724281,188.22651775702388,471.20921932243016,135.40179716545882,469.660488063871,160.07089235590703,465.9636005857789,179.58123185913885,442.44124012599644,182.47746257194862,431.1731568165262,181.72319496945698,424.7380798739289,215.0265952959582,417.03626449125125,242.9499175265268,453.98872824667677,183.67640191162275,455.0577339085336,213.72199443054046,443.99336935453147,244.33581817081043,468.70482774464796,121.04738745846916,474.2410174081399,121.56908782505356,454.9141434745756,115.18661760188134,474.1655397251265,115.78940850348438,456.4994347363294,253.68475165303013,456.22088618966205,251.08609878892025,437.04827268230906,247.485622752575,418.0290705973,250.9396772409903,410.6636759763052,248.08142478861214,416.8978939328364,244.06960718171226
63.0,472.8473438924129,125.12626996170589,456.06673878561475,134.24211143197354,438.91367959496773,133.48881009740336,420.8423785772524,161.4051486928741,419.9099822637529,188.53537332118538,472.34968298261043,135.6058358042854,470.4018935009217,160.52349110976596,466.5751588369091,180.1172907938278,443.1321825550811,182.84747111744426,431.8193133263967,181.93368926393714,425.20623949291365,215.20337037533997,417.058393623177,242.90579495293753,454.63490505982696,184.19186892130543,455.548744285173,214.38677217350272,444.8984366052708,245.39502420107817,470.24712058276936,121.20874526797874,475.8005088111767,121.72690652761378,456.4388808897209,115.24294912879346,474.14470849420326,115.78958294383483,457.41075195508114,254.7539207923046,457.1842187369887,251.94090271804276,437.92133959817335,248.65826603092495,417.9913720153585,251.01794458017773,410.6713180920407,248.0115762029021,416.93581493312354,243.9492044966541
64.0,474.5904337731704,125.19389698737996,457.2355281322789,134.28862012722217,440.02681864713804,133.5172427126738,421.5654210139444,161.45793932841082,420.5170643354991,188.7577250417264,473.64195144186573,135.7917711932858,471.32204507888605,160.89615455364319,467.3691806397955,180.63028313718962,443.94224670213936,183.22108435099133,432.5951201937438,182.124486570298,425.7914294116457,215.3679142933863,417.1306916665951,242.81782361972404,455.3898776333665,184.70943893965546,456.0135863529312,215.0337305541416,445.6258853184744,246.32865819214604,471.9158697846098,121.2948350515677,477.50202380695845,121.80738466465047,458.1121109434046,115.27806932838533,474.1343439512575,115.78880998403132,458.15192755266395,255.72731444187443,457.98078773685614,252.68589585556998,438.6538236647529,249.6459726986147,418.0257337186884,251.10667328171115,410.7526675986121,247.96435417863685,416.9888672074299,243.81500637899646
65.0,476.41920968229135,125.25366003432984,458.5462508733,134.3323512881129,441.3022542875604,133.51876295665184,422.4273598183155,161.47671347895385,421.251969490042,188.90901240338368,475.0500890429455,135.97170172630032,472.3865087632892,161.19588446461617,468.32736601986124,181.12517054067345,444.8543265668666,183.58048594148195,433.48612611327576,182.28582645340617,426.479866606639,215.520427173459,417.2632422531503,242.70833508434922,456.2420898146345,185.20333900224185,456.47330035480906,215.63981046968118,446.18253841556094,247.12386861108777,473.65804753957906,121.33275577067305,479.30453375297867,121.8428450049047,459.8956757860408,115.301685278711,474.13163172294753,115.78746516693978,458.7262126732303,256.5905544313396,458.60698381272283,253.31590321542433,439.2443049747715,250.4395148917677,418.15410863302463,251.22626305033938,410.92740237209114,247.97401587752177,417.06628087250056,243.6893950380983
66.0,478.27348045003373,125.32985851921373,459.9690296630688,134.38694987402428,442.7033835874814,133.50677127237333,423.3987849871566,161.48016677546386,422.0978476151252,189.00516902123132,476.53800882651404,136.16324161890225,473.55985076929636,161.4367753105311,469.4187949466447,181.61117955630405,445.84838123964846,183.90712623645098,434.4685651954098,182.40733977388442,427.25960442459154,215.66156120369294,417.46766848734626,242.59875168647682,457.17690879802643,185.6499119570304,456.94694968255266,216.1875824722301,446.58601011274027,247.77735751171966,475.41698860822345,121.35467952377107,481.1576931494451,121.8694897166491,461.7447524089383,115.32702493011381,474.1341707107278,115.7858371740168,459.1505234284511,257.3377978464382,459.0741736375128,253.8340430956235,439.7026767127564,251.04561329623183,418.39639487349274,251.39642502060946,411.21539071919887,248.06973225392338,417.18217368759616,243.59657117691975
67.0,480.08892379281923,125.44481421274226,461.4603451872356,134.4658598972594,444.1773418587311,133.4948715599553,424.4378005097113,161.4881877135868,423.0224749907734,189.06312149088538,478.06550290979334,136.38484875603655,474.8069618127682,161.63768357569154,470.6005060148965,182.0986500563924,446.90225461704796,184.1888493310966,435.51193948304274,182.48604045853872,428.120199795884,215.79505711401384,417.7582726040732,242.50914346092813,458.17567902474104,186.03482073731175,457.4486130155918,216.66732151192514,446.8594851585442,248.29477472406106,477.1362454560875,121.39519927291113,483.0041100947355,121.92321005275848,463.60606889354585,115.36994925665678,474.1400025830172,115.78413687377954,459.44730149965875,257.970201238429,459.40283815898107,254.24919448183078,440.0451856185063,251.4814812760509,418.7694143405078,251.63520513348104,411.6353112310148,248.27221556096404,417.3580899518052,243.5612274925411
68.0,481.7996161688226,125.61552946298116,462.96559308128167,134.58122861259983,445.661430570965,133.49528127322827,425.4953647873526,161.51912234988336,423.9801469961459,189.09848251149106,479.58541169677073,136.65321660982394,476.09256595549147,161.81823241837714,471.8245645601322,182.59582530795328,447.9928660160564,184.42183394983934,436.5847610170862,182.52867418959121,429.0527781219177,215.92720569003308,418.1509909846589,242.46206362542986,459.21425245617627,186.35462769622384,457.9858947336632,217.07777737615868,447.02709368521107,248.68846887284087,478.75853090880827,121.48505276972355,484.78350202348656,122.03491954841438,465.42259359227324,115.44663105637149,474.1476000181972,115.78250879793872,459.63962636720544,258.4929861509733,459.61681832055933,254.57267575351972,440.2908969835984,251.7697054333824,419.2866036133523,251.9597713427773,412.2024795423462,248.59506470093692,417.6209599229861,243.60867098940852
69.0,483.34569044367976,125.84952310723175,464.42857435810674,134.74315855363668,447.09439954601214,133.51731105831044,426.52285445375855,161.58598670983827,424.91946546756003,189.12351901899493,481.047062991701,136.9809836888755,477.38234246739194,161.9940883040875,473.0498314129971,183.10448947938204,449.09691617942167,184.61062830711978,437.65925984462217,182.5495282359311,430.0485123554877,216.0658767388906,418.6600248653682,242.48523439436516,460.2626389613955,186.61607806419326,458.5593942611008,217.42416134514983,447.1112657502076,248.97141013037657,480.2277132960303,121.64047493374855,486.435360926064,122.22245987457383,467.1381240807633,115.57011687406644,474.15582850347744,115.78104341254401,459.7510447367651,258.9122233703129,459.74074369641016,254.8151157355075,440.45953393106424,251.9332781887608,419.9562126039778,252.3851299840663,412.9256914552872,249.04691973247773,417.99681546274337,243.76498882233957
70.0,484.6779765067497,126.14191510261598,465.7976377411581,134.95873345592383,448.42173142020124,133.56683711652502,427.47730567453624,161.69354506456722,425.79467939121895,189.1446818449992,482.40347484970806,137.37250034925003,478.64205285413675,162.17395776959697,474.2481050208953,183.6166662230229,450.1887728521522,184.77120598603906,438.7125730507789,182.57066631949692,431.09345487124097,216.21965919649273,419.2921038563095,242.60968594756375,461.28543959801164,186.83638548768198,459.1614240951475,217.71557641730564,447.1313914801385,249.1520389373978,481.4947302414089,121.85763311507678,487.8993277656876,122.4842825726522,468.69574256770625,115.7476426124807,474.16389334562945,115.77978904850288,459.8061482944191,259.23300928684324,459.79831692315605,254.98504621534573,440.56903192174934,251.99224574601942,420.77634305075037,252.92112489564838,413.8029407261438,249.63164196414382,418.5022439564796,244.05543633263073
71.0,485.75796554972345,126.47586234889621,467.02571146744384,135.23074983091212,449.5943304361332,133.64665381988513,428.3236559940781,161.83777291751682,426.57342718457613,189.1617986540566,483.61564503303805,137.81918289397876,479.8355026895513,162.35979736475,475.40222736675446,184.11515721484412,451.23893656995824,184.9300183466775,439.7253069630671,182.6217042954287,432.16293144624933,216.3969281631493,420.0426256721847,242.8620032851071,462.24603411221045,187.04014361975516,459.77558182656225,217.96294406858465,447.1036458855397,249.23478816410102,482.5230125662553,122.11744062209613,489.119126591057,122.80019984662026,470.0365052609645,115.97915871744445,474.17128064456614,115.77876276463093,459.8295757420534,259.4617259058562,459.8107815222258,255.09076307140495,440.63474795162824,251.9634308414314,421.7288797069227,253.56972136895106,414.81651300005257,250.34539576965278,419.1393865950875,244.49879335985239
72.0,486.5588499891297,126.8258348535004,468.0694565360605,135.55669443737298,450.567997395003,133.75767933137837,429.0370028608456,162.00988633915185,427.2379518522733,189.1733095030843,484.65225065896135,138.29982656499774,480.9275632597856,162.54865204123172,476.50164391611924,184.57792833618566,452.2173968225018,185.1134719141992,440.6797894819188,182.73246394992447,433.22035473837525,216.60461464916855,420.8963272220289,243.25203512899793,463.1147157486979,187.24893455800333,460.3799256186743,218.17622671467316,447.0423251420517,249.22406590790936,483.29060525831216,122.39483957668212,490.0516860796723,123.13920713021933,471.1058164893766,116.25657690177013,474.1776984421395,115.77795973800528,459.843894426992,259.6095864258012,459.79752247994156,255.1432596145561,440.671206956049,251.86152752140032,422.77554254983255,254.32038824723023,415.9291100455328,251.16951732669017,419.89758860121896,245.09805819207855
73.0,487.069984493181,127.16062884654522,468.89159648652816,135.92897928052284,451.3072459405838,133.9000101754592,429.6056042733196,162.2017088902035,427.78205309321186,189.1815527304118,485.4883578253034,138.78704847330783,481.8908990844781,162.73348719048914,477.53921552269077,184.98309915762465,453.09881517659755,185.33903083206653,441.5596327391919,182.92489423554142,434.2222381048471,216.84674484965763,421.82826011625946,243.7655756419006,463.8734639046558,187.47323377786674,460.9527407942692,218.3629844960146,446.9615192147946,249.127896409615,483.7896681769326,122.66506663329498,490.6743305888247,123.46909720968915,471.86353614928635,116.56480203814795,474.18302214142,115.7773610176523,459.8688902351376,259.69250513735585,459.7780464573467,255.15645486953395,440.6936348904296,251.69984898727026,423.8594892573262,255.14525218121375,417.08495503378913,252.0651768424242,420.75675617786175,245.83331779896315
74.0,487.3011625192931,127.44624986916284,469.4666977789264,136.33582141038937,451.79107960826707,134.07329378326236,430.0304417927364,162.40764434603176,428.2065630743575,189.19155101976685,486.10651772791255,139.2529876463499,482.70972093622936,162.90295244143746,478.51048845397594,185.3109260784816,453.8649199756,185.6148861726622,442.3485725189052,183.21112579956167,435.1275834900924,217.12345877824606,422.8040673657047,244.3695770746172,464.51436610856206,187.71405825154716,461.47889302330054,218.52936927073864,446.87651683537086,248.95957562536023,484.0250487701933,122.90596871471722,490.98601084962104,123.7621319007468,472.28957157930563,116.88506654926012,474.18724660276064,115.77693964870055,459.9236147552505,259.7288592479284,459.77413470299064,255.14571186498677,440.7181339033263,251.49107141771177,424.916630791461,256.0022578330569,418.22054259548077,252.97930233400717,421.688731856816,246.66328879037965
75.0,487.2814444841361,127.65374848998408,469.78696098008254,136.7617435493429,452.01669268585727,134.2773133604365,430.31986641019364,162.6238723661116,428.51519601955744,189.20768360395465,486.50032896557775,139.67169736904566,483.38027197489845,163.04271504554927,479.4129031924188,185.5451615157645,454.5053719530124,185.93991802828472,443.0292870626997,183.59258443047054,435.90609429428247,217.43145393570157,423.78236186907276,245.02413975893904,465.0366804738523,187.96666923164875,461.9542480805197,218.6808730127782,446.80536083717897,248.73731289128008,484.0126376092193,123.10037615838316,491.00489015342396,123.99813834833046,472.38473881501847,117.19854013361915,474.1904460363186,115.77666528676016,460.0261509856497,259.7382787912465,459.80987902817037,255.12717008919674,440.7614780426916,251.24841755107508,425.8922078194345,256.8454515366636,419.2805453355579,253.8587838690636,422.65693391822595,247.53456067707674
76.0,487.05357239431777,127.76960055691899,469.86444466141774,137.18939453619814,452.00016700235204,134.5122324741705,430.4847655622074,162.8479177294988,428.7125211797586,189.23310258442524,486.67842937166466,140.0232396626527,483.91079237133346,163.13955655616937,480.2438950621872,185.67658600020647,455.0189622255142,186.30272378668917,443.58663699161536,184.05842087097486,436.5411888476238,217.76569582718088,424.7189460285931,245.69227453543456,465.4458155589256,188.22248897343138,462.3850027308008,218.82272960605223,446.7694335736457,248.483896667091,483.7780954090016,123.23926461966707,490.7644526085266,124.16741414189183,472.1713499902238,117.48881211869801,474.1927418809265,115.77650748830787,460.1893677731984,259.74130758286077,459.90784520160616,255.1177632840743,440.841453297838,250.9872389076549,426.7499688212903,257.63341354616284,420.2263024611444,254.66173909093325,423.61660608714624,248.39343370899707
77.0,486.66804382630426,127.80068433768425,469.728639920416,137.60335903651705,451.77363340741647,134.77817784787436,430.53682298383245,163.08078584661342,428.8055010838096,189.27123978078464,486.6662879919973,140.2981036839831,484.32091832319287,163.18570756148722,481.00275261345706,185.70448126148517,455.41318098384863,186.68621109786383,444.01384817947184,184.58916196068685,437.02961528716145,218.12090205425812,425.5731765509695,246.3454511794154,465.7531625194746,188.4725636263778,462.7840723102847,218.96203948148252,446.7929370435934,248.22778269918288,483.3563081181557,123.32357944085743,490.30899297617583,124.27183555626223,471.6935665711136,117.7444775935919,474.19427823101694,115.776437893395,460.42115699149497,259.75926045086106,460.0866042460147,255.13529114395365,440.97808111057077,250.72684061752486,427.4709663576602,258.3349766885696,421.0340316477452,255.3623514538806,424.5207229999462,249.19691558680768
78.0,486.1775648586706,127.77444273443311,469.42147277021684,137.9929091206503,451.3793588530134,135.07523384021903,430.4887288813636,163.3290865303255,428.80628748838143,189.32720437276845,486.50362335647117,140.49680360987313,484.6393363145008,163.18081951117486,481.6957566316087,185.63506902287457,455.70159100781854,187.07246036665114,444.316927064523,185.16130581278438,437.3804714602656,218.49128811090856,426.3156628644841,246.96358572179295,465.97518765711914,188.70892303520895,463.16882413750017,219.10942053881718,446.90259762314236,248.0043245075025,482.79077336876804,123.36474735667355,489.68980634677007,124.32361650803851,471.0146067165296,117.96352694906916,474.19520398887585,115.77643152191754,460.73122209804507,259.8141083002898,460.36319197308563,255.1984080619383,441.19451731578323,250.49236596697702,428.0497706587654,258.9325244213547,421.6911070452666,255.9497114651349,425.330795748731,249.9166865909394
79.0,485.63319036223555,127.73529506528709,468.99331660454175,138.35218251919926,450.86540880932057,135.40365876810247,430.35694029743786,163.60224244072847,428.73200755489023,189.40795717029835,486.2389442884369,140.6268618223542,484.9000749472889,163.13107547863936,482.3380569652002,185.4807152883588,455.90092529527266,187.44257332628928,444.5141676891558,185.74655966875753,437.6131643594132,218.87011889712753,426.93220278920967,247.5291875855566,466.131639327755,188.92223028042395,463.55903061389904,219.278512138067,447.12790402776005,247.85536683486623,482.1326906254051,123.38289981095173,488.9639991119753,124.34224721535324,470.20982160623697,118.15740120073087,474.1956607233903,115.77646739232347,461.13629153908175,259.9282114714498,460.75601539003065,255.326385381052,441.5169917048523,250.31658192666072,428.49213042902545,259.4194049966116,422.1948774796394,256.4214657088769,426.02426090744643,250.53260368473562
80.0,485.08186408706405,127.73387672514518,468.4991423235666,138.6799749190478,450.28307647875096,135.76425943889447,430.1636850461345,163.9068180436349,428.6019799111012,189.52174383874947,485.92360881503737,140.70084052719736,485.13994791806726,163.04598570356316,482.95213100383603,185.25773538961218,456.02876016118273,187.7775997606605,444.629602352413,186.3130100987298,437.75320568786293,219.25177382690265,427.4220295434777,248.0233618300745,466.2431979739827,189.10166764913512,463.9728059962394,219.4859132872719,447.50169359051023,247.82645378152304,481.4394687612976,123.4016336451439,488.1934592310852,124.35005635748585,469.35635391598373,118.34877160405188,474.1957751587107,115.77652864871015,461.6604226625662,260.12378955530727,461.2854096852874,255.53853193713383,441.97417308564974,250.2403320827015,428.8121501576249,259.79596605885394,422.5509394475854,256.77885350029703,426.5943987244439,251.0257636611295
81.0,484.5633224127279,127.81417627403391,467.9923083323946,138.98026770387054,449.6819202922845,136.15900344481742,429.93419162200416,164.24441572909097,428.4364737737186,189.67737413037256,485.6060679498344,140.73532918482428,485.3969389756064,162.9360476168759,483.565978176813,184.9832735671901,456.10177741522875,188.06234379417324,444.6860949455506,186.83169620067966,437.82722154529455,219.63269921261042,427.7937106897776,248.4286354543575,466.3285640177051,189.23773424725613,464.4220400432039,219.74982390486363,448.059863202246,247.9629489146084,480.77069074800505,123.44283280404574,487.43873765844836,124.36802182555138,468.5216392414962,118.56353947829982,474.1956552540752,115.77660235397971,462.33131566138553,260.42249816499196,461.971707308736,255.8531298214658,442.5946833819097,250.31042277110535,429.0274103155141,260.06913402497713,422.76877385787844,257.02640963768374,427.04673793153285,251.38041272026945
82.0,484.1075755987689,128.00740366130924,467.5183642904802,139.26189040608,449.10473309564844,136.5909073496428,429.69319290950307,164.6142276786444,428.2580465016504,189.88338331811346,485.32803705163593,140.74974023409712,485.7076835638696,162.81278091649236,484.21102023145056,184.6759132758659,456.13468989969016,188.2883751507263,444.70435644247493,187.2822468593751,437.8596257635368,220.00859208086646,428.0614191153765,248.73283114747755,466.40249740997365,189.32429617652608,464.9093036659655,220.08571834399578,448.83895507871824,248.30898789952357,480.18174167263123,123.52523490476622,486.7506164574268,124.4134478988221,467.75606372837564,118.82497958257814,474.1953889343991,115.77667907688112,463.1746375819917,260.8454249342642,462.8311786259016,256.28574619095247,443.4036092882369,250.57790716370667,429.15396772321463,260.2517670982255,422.8579284144546,257.1714591690981,427.3957847787948,251.5883565410934
83.0,483.7337750947868,128.33122118837625,467.11219629640306,139.53567848499333,448.5858651515203,137.06322263230072,429.46375319013293,165.01645968176263,428.0910374781582,190.1480381469323,485.1233557603028,140.76321257878092,486.10593122055633,162.68725629133343,484.9195908415352,184.35604544384336,456.13968702948057,188.45522738243335,444.70456470136713,187.6555447419082,437.8714089459029,220.3736862948736,428.24205078660196,248.93036468253567,466.47616720789523,189.3598349189481,465.4271741839335,220.5043270820178,449.87189857667596,248.9083664963038,479.7178637870976,123.66457864589519,486.1658474791338,124.4992680909922,467.0930396089141,119.15093361973824,474.1950446626813,115.77675237200772,464.2110282694113,261.41178882672295,463.8739869626305,256.8468057056804,444.4215309545002,251.0974154400191,429.204688081563,260.36005978677474,422.8279221118153,257.2222615439577,427.6610284590774,251.64905269437952
84.0,483.45026476527846,128.78818471011746,466.798619052299,139.80909367427267,448.1510117700199,137.5778318816945,429.2656233241253,165.45444790259612,427.95683185458057,190.48109197335427,485.01775046373086,140.78951456809966,486.6227434763724,162.56653904149462,485.72170896800867,184.04265689858676,456.1261883591932,188.56876000678605,444.7061371146594,187.95305317405925,437.88036817305886,220.72165932393423,428.3530824773796,249.02212975590317,466.5581506160775,189.34730985333897,465.96005144395986,221.01172803849857,451.18215367926234,249.8000732419366,479.4102951206081,123.87142109758206,485.70723665147955,124.63311320477133,466.5529321450038,119.54962049028771,474.1946731893455,115.77681822579684,465.45557874646425,262.13464684246196,465.10514733984485,257.5382918523581,445.664247598251,251.9206449276205,429.19079215421255,260.41103827993993,422.69022680564507,257.18742746888717,427.86159677936814,251.56759120302723
85.0,483.25677853960246,129.36329373166288,466.5941053061787,140.08201137497582,447.8166589916855,138.13278731510087,429.11359242887346,165.93432327662353,427.8696052469816,190.89394516881524,485.0287151549111,140.8336014288092,487.28495224260286,162.45183717291874,486.64074660601636,183.7502188297036,456.1008311885473,188.637186527078,444.72762100051,188.18185159785313,437.9024958124282,221.04236811268285,428.4111100220655,249.01129367942025,466.65450490547784,189.2911214865758,466.48693246567433,221.60664330424694,452.77699574974724,251.00874146563027,479.27530570155153,124.14748255439419,485.38526209689917,124.81553902097863,466.14578037676836,120.01658882011078,474.1943099558907,115.77687451920112,466.9147950648333,263.01610481176573,466.5231117726438,258.35111788988604,447.13823851081816,253.08421466115183,429.1229339493661,260.41954082812657,422.45794985343,257.07441155800217,428.0126066832278,251.35154350457196
86.0,483.1471158561385,130.02658078193576,466.5069174991683,140.34790607828154,447.58953890002107,138.72114758513644,429.017380360245,166.46002605838237,427.83512900417804,191.39493138820592,485.16515846154124,140.89246441277658,488.1095917214574,162.3394043834859,487.6888819117891,183.48556368969892,456.0676038237659,188.66798351916304,444.7860521997095,188.34966099602417,437.952207860613,221.32091000400894,428.4309799722911,248.89556797521735,466.7683000038568,189.19443341413674,466.9856582892149,222.27770815679074,454.6418906130999,252.53568526000151,479.31539361958363,124.4847395781321,485.1994237735785,125.04012712630426,465.87211889088917,120.53598118072323,474.19397776126567,115.77692053930816,468.5809848945982,264.04513740256505,468.1148962557132,259.2653486917865,448.8334232434617,254.59799483845205,429.01020347601906,260.394572768599,422.14257337232544,256.88597008880816,428.12521888342894,251.00662977133834
87.0,483.11009815079586,130.74242716619634,466.53545948717897,140.59880226907157,447.46695080317875,139.3322380536093,428.9812889832413,167.02693647014416,427.8508735902068,191.98348300064748,485.42561082652276,140.9586440166765,489.0957172118937,162.22310475756035,488.8618079352563,183.24469703862152,456.02796702782604,188.66679835065156,444.89190688874857,188.463579708705,438.0393142054827,221.54438985431855,428.42532029344244,248.6656720111083,466.89894096456464,189.06001542774865,467.43980041444587,223.00392154885267,456.73711440931027,254.35088712915015,479.52083577302164,124.86838352332933,485.1395590311202,125.29658115183284,465.7238461062272,121.08408579019012,474.1936894137823,115.7769565577215,470.4267298204053,265.1964221201347,469.8509489442428,260.2517370870011,450.71701240323466,256.4336310933891,428.85957416363686,260.33814572663573,421.75301139258755,256.619927910172,428.2086237574858,250.53611167953932
88.0,483.13095481116216,131.47873897582517,466.6673596982564,140.8292167161708,447.43787371973684,139.95324100982404,429.0033852960461,167.62169790924773,427.90840776504933,192.6479964798326,485.7961454404632,141.02419459208022,490.2182373149353,162.09757659506428,490.13422115230446,183.0159658135163,455.98151540452665,188.63775165165822,445.04381281807883,188.53090796034988,438.16592175751185,221.7073533165655,428.4043142695613,248.31589235852437,467.04180901579105,188.8925056071389,467.8435703873263,223.75830173332477,458.9995552547258,256.39085832786844,479.8710598536842,125.28092953023334,485.18820403747225,125.57357730507138,465.6856527977785,121.6352766512237,474.1934501867285,115.77698348266502,472.4022714231608,266.43079958711184,471.6831319506846,261.2747229367602,452.7318265111252,258.52083484790796,428.67780695066114,260.249190654574,421.3000973008731,256.27546767895495,428.2711878246421,249.94770256821496
89.0,483.1943124376283,132.21133442443596,466.88093776956026,141.03754842854818,447.4844680064697,140.5700724087332,429.0752187427056,168.22719883292476,427.99757879650343,193.36630443480541,486.2507160946022,141.08451367017247,491.43026547198815,161.96193406964917,491.46300771754915,182.79112986895223,455.92838909870795,188.58556615796994,445.2304903352113,188.5604315254145,438.3263446808583,221.812799187046,428.3756925365916,247.8597709675947,467.1899747619155,188.70001417649192,468.20005417991786,224.51496550180383,461.3516197698174,258.56912982885376,480.33485940020984,125.70585830217188,485.32269508650586,125.86023148986993,465.7361997391981,122.17037927990792,474.193259971885,115.77700258407492,474.4414611847402,267.70241792392846,473.55147639049244,262.2998406396257,454.80575120301665,260.76254626495114,428.4741623263488,260.13088201008395,420.80211267568285,255.86322065422448,428.32027077072223,249.2641398587411
90.0,483.28628990156477,132.92435579753814,467.1481328456909,141.22653616452547,447.5846003638537,141.1687045079213,429.1821561862064,168.82523520773705,428.10881404048126,194.10560453391432,486.7544269121816,141.14105354619005,492.6742879275042,161.82288184102632,492.79833441761025,182.5746431636839,455.8723867916227,188.51842902215932,445.4372372534393,188.56305037657725,438.50838093010145,221.87418416251546,428.34492493336086,247.33912373105926,467.3380081252452,188.49497771573792,468.5155082598513,225.25443686113712,463.7094727257158,260.79054945666525,480.8700847959579,126.12990296116591,485.5161013462799,126.14731147775453,465.8491775585654,122.68172469322235,474.1931150830829,115.77701528586981,476.4732392514006,268.96802908319626,475.39615969762644,263.3003675659591,456.86716764753214,263.0564394944099,428.26171004414635,259.9960669853053,420.2864744272276,255.41318912296617,428.3617826718126,248.53024130745567
