,Nosex,Nosey,Neckx,Necky,RSholderx,RSholdery,RElbowx,RElbowy,RWristx,RWristy,LSholderx,LSholdery,LElbowx,LElbowy,LWristx,LWristy,RHipx,RHipy,RKneex,RKneey,RAnklex,RAnkley,LHipx,LHipy,LKneex,LKneey,LAnklex,LAnkley,REyex,REyey,LEyex,LEyey,REarx,REary,LEarx,LEary
0,465.401,291.778,506.73,362.463,477.267,365.295,483.13,489.00800000000004,441.963,577.236,544.863,362.31800000000004,574.2180000000001,486.055,553.7090000000001,600.946,462.5,600.717,433.14599999999996,739.15,462.597,889.163,524.2769999999999,600.904,530.064,765.515,538.995,912.798,459.663,274.204,480.224,271.406,0.0,0.0,518.427,274.242
1,462.62800000000004,291.82,503.819,362.49800000000005,462.56699999999995,365.30400000000003,468.358,483.221,436.108,577.2330000000001,547.739,362.397,574.174,486.11300000000006,553.664,600.95,456.751,597.966,430.195,739.185,453.586,897.987,524.242,603.725,527.385,765.555,536.1419999999999,918.586,459.649,274.216,480.22900000000004,274.161,0.0,0.0,518.409,274.24
2,462.58099999999996,291.884,503.69,362.49699999999996,459.543,362.539,459.663,480.26099999999997,433.19699999999995,577.2719999999999,547.812,362.467,571.36,488.95300000000003,553.665,600.9159999999999,456.6,597.879,424.30400000000003,742.1569999999999,435.915,903.824,521.3969999999999,600.839,527.31,765.5169999999999,536.0740000000001,915.743,459.55800000000005,274.247,480.19699999999995,274.198,0.0,0.0,515.526,274.238
3,462.45,291.957,500.77,362.45,456.56300000000005,362.467,453.73199999999997,480.265,430.157,577.258,544.9019999999999,362.465,571.3,488.959,553.624,600.927,453.649,597.795,415.38,745.091,418.418,906.8439999999999,518.472,600.841,527.256,765.5260000000001,536.058,918.613,459.425,274.283,480.11199999999997,274.275,0.0,0.0,512.536,274.249
4,459.639,294.756,497.816,365.342,453.634,365.358,444.824,486.082,418.413,577.373,542.003,365.37800000000004,571.286,491.93699999999995,550.868,603.747,447.845,594.9490000000001,412.35699999999997,750.89,409.405,918.586,515.518,600.747,527.1990000000001,765.592,536.0830000000001,918.5989999999999,456.61199999999997,277.16900000000004,480.014,277.177,0.0,0.0,509.603,274.23400000000004
5,459.535,294.837,491.962,365.38300000000004,447.76099999999997,365.36699999999996,438.93699999999995,483.23,412.504,577.406,539.023,365.43199999999996,565.481,491.935,550.886,600.961,439.059,597.878,409.403,750.925,388.994,921.625,509.705,600.886,527.1419999999999,765.613,533.259,918.673,456.445,280.113,477.189,280.125,0.0,0.0,506.792,277.09
6,456.667,294.892,486.10400000000004,365.43800000000005,439.02099999999996,365.272,435.931,483.119,409.523,577.399,533.191,365.55400000000003,562.525,497.759,550.823,603.756,435.995,597.841,403.63699999999994,750.862,380.14599999999996,924.548,506.699,600.922,524.288,765.675,533.258,918.622,450.699,283.006,471.301,285.89599999999996,0.0,0.0,506.616,277.197
7,456.478,297.712,483.218,365.548,436.02099999999996,365.31,427.208,486.05800000000005,403.574,580.2040000000001,533.1,368.425,556.798,500.653,550.812,606.6659999999999,433.06300000000005,597.969,391.935,759.6260000000001,365.36800000000005,927.525,506.56300000000005,606.757,518.4019999999999,771.45,533.226,921.572,441.917,285.98,465.44199999999995,288.824,0.0,0.0,503.663,285.878
8,450.744,300.645,480.102,368.4,430.13699999999994,365.545,415.405,488.963,389.019,580.294,530.0790000000001,371.28,553.81,494.88800000000003,550.689,606.697,430.037,600.794,388.955,759.7719999999999,353.596,933.403,503.723,609.6030000000001,509.717,771.565,533.251,921.6030000000001,436.151,288.848,462.457,288.902,0.0,0.0,500.774,285.901
9,441.962,300.738,474.309,374.17699999999996,418.352,371.269,409.499,491.918,385.881,586.1030000000001,527.215,374.279,553.665,494.923,547.817,609.609,421.325,600.866,385.999,759.683,341.79400000000004,936.352,503.577,609.656,506.81800000000004,774.467,533.185,924.428,433.211,291.681,459.471,291.67400000000004,0.0,0.0,489.033,288.83299999999997
10,436.14599999999996,303.638,462.56699999999995,377.149,412.414,371.30699999999996,397.778,497.79400000000004,368.32,591.9159999999999,518.448,380.04400000000004,550.766,500.707,544.87,609.705,415.36699999999996,603.839,380.111,762.643,335.976,945.1460000000001,491.98800000000006,615.535,506.58099999999996,780.2689999999999,533.131,921.557,430.17400000000004,291.762,456.528,291.75,0.0,0.0,483.162,288.888
11,433.17699999999996,309.467,456.68800000000005,383.001,403.70599999999996,380.115,388.849,494.876,362.33099999999996,588.994,509.644,382.98,550.653,503.588,536.1030000000001,615.465,409.62300000000005,603.836,374.25199999999995,762.707,324.187,950.931,483.164,615.479,503.721,777.432,533.087,921.591,421.335,291.9,450.717,291.887,409.48400000000004,291.82099999999997,480.059,291.748
12,430.144,312.383,447.73800000000006,385.87300000000005,388.93199999999996,385.881,374.23400000000004,503.61300000000006,344.87,594.967,503.723,383.036,541.932,503.69800000000004,530.3480000000001,618.4490000000001,403.675,609.681,365.29900000000004,768.502,318.376,951.075,480.162,618.393,500.70099999999996,780.3389999999999,530.2819999999999,918.672,412.569,294.738,438.98699999999997,291.931,403.62,291.85400000000004,468.36300000000006,291.796
13,418.39599999999996,312.481,436.05699999999996,385.914,382.977,385.88800000000003,362.434,497.756,336.009,594.8530000000001,497.784,385.907,530.245,503.67900000000003,530.073,615.563,388.991,609.682,362.29900000000004,771.567,315.48400000000004,954.035,471.37300000000005,618.393,491.981,783.284,530.242,918.686,409.51,294.756,435.935,294.69,391.89300000000003,294.671,459.57800000000003,291.908
14,412.566,315.258,424.20599999999996,386.009,362.583,388.81199999999995,342.031,500.70300000000003,321.285,597.7819999999999,483.0,385.86199999999997,527.09,500.745,527.247,612.549,380.07099999999997,603.7280000000001,353.67900000000003,780.375,315.365,956.951,456.69699999999995,606.68,486.037,786.068,530.056,918.664,403.63599999999997,294.847,432.954,294.745,386.048,294.834,453.652,294.673
15,409.61699999999996,315.236,415.42199999999997,385.92400000000004,359.536,383.074,335.92400000000004,491.905,312.467,597.74,480.06800000000004,385.976,509.592,503.587,521.2909999999999,609.6030000000001,365.342,603.789,344.856,783.196,315.285,962.78,450.68800000000005,606.721,482.999,783.201,527.243,921.559,392.00199999999995,294.92,424.273,294.764,374.26800000000003,300.67900000000003,441.89,294.828
16,406.54,312.475,406.639,385.977,342.027,385.925,318.346,491.91,294.759,594.8330000000001,462.458,386.019,503.63,500.788,509.583,600.888,362.29900000000004,609.6080000000001,341.733,786.2610000000001,315.305,965.673,436.16900000000004,609.6080000000001,480.083,783.305,524.288,918.612,388.85,294.849,412.60900000000004,294.69,365.349,297.83099999999996,435.95599999999996,294.738
17,397.773,312.332,389.056,385.91,333.032,385.941,297.74,494.861,282.98,597.7180000000001,456.52,385.853,483.26800000000003,494.897,506.526,600.744,344.836,606.688,338.92800000000005,771.549,315.276,962.773,433.00199999999995,606.7090000000001,465.476,774.422,512.49,921.533,385.902,294.661,409.642,291.909,362.301,297.74,430.064,294.722
18,391.89300000000003,309.46,385.865,382.965,321.226,383.01,291.788,489.045,271.151,594.975,439.05699999999996,377.119,480.277,486.05400000000003,500.793,597.7280000000001,338.995,603.809,335.909,789.068,315.30400000000003,965.7180000000001,418.37300000000005,600.9019999999999,459.54699999999997,768.546,503.657,912.808,380.095,291.964,406.579,291.768,347.699,294.925,415.42199999999997,288.9
19,386.11400000000003,297.775,368.371,382.95599999999996,309.503,385.999,274.144,491.97,268.14799999999997,583.124,435.983,368.434,477.119,483.046,489.059,580.322,335.961,603.8340000000001,333.032,789.21,315.381,962.75,412.57599999999996,600.8480000000001,453.74300000000005,768.59,483.213,909.789,368.337,288.897,392.01099999999997,285.948,341.765,294.71,0.0,0.0
20,385.967,294.883,365.311,371.241,300.70799999999997,377.10900000000004,271.118,483.05,247.842,574.339,430.17800000000005,365.526,462.539,477.25,483.282,574.4209999999999,327.13599999999997,600.74,335.869,786.2310000000001,315.428,959.855,409.60400000000004,597.823,439.061,765.7,474.26099999999997,915.6489999999999,365.449,283.057,389.093,280.107,338.80400000000003,291.814,0.0,0.0
21,383.05400000000003,294.79,359.561,368.311,294.753,371.25,259.42900000000003,480.084,244.77900000000002,568.476,418.38199999999995,365.392,456.55699999999996,465.525,480.16900000000004,556.766,321.252,597.905,332.973,786.179,315.379,962.794,406.61800000000005,597.77,435.941,762.6460000000001,456.545,921.505,362.589,282.94599999999997,388.88199999999995,277.17,330.119,288.921,0.0,0.0
22,380.145,291.96,350.647,365.528,288.897,368.455,247.80599999999998,480.035,241.825,562.535,412.583,365.315,447.85,459.64599999999996,477.147,550.688,318.288,603.802,324.231,789.1560000000001,315.342,962.7539999999999,392.00300000000004,600.7719999999999,427.214,765.534,433.13800000000003,927.493,362.476,277.07599999999996,386.06,274.191,321.323,285.945,0.0,0.0
23,377.13599999999997,291.809,341.95,365.452,282.96299999999997,368.416,244.795,477.211,230.08599999999998,562.533,409.509,362.491,436.092,453.74,462.616,530.331,315.47900000000004,600.76,321.278,786.2180000000001,315.308,962.821,389.05,594.872,412.62699999999995,765.57,412.38,927.4780000000001,362.34,274.188,385.86300000000006,271.323,321.205,283.038,0.0,0.0
24,374.17400000000004,291.756,338.971,365.38300000000004,274.125,368.423,241.75400000000002,477.16,227.041,556.622,403.67400000000004,362.41900000000004,433.12199999999996,450.69800000000004,459.647,527.169,315.347,597.91,318.454,786.268,315.26099999999997,962.795,388.852,591.947,409.54,762.674,389.045,927.454,359.51599999999996,271.399,383.088,271.285,318.341,277.116,0.0,0.0
25,374.24300000000005,291.682,335.916,362.514,271.379,365.45599999999996,227.176,471.338,224.298,553.6669999999999,389.01800000000003,359.51,427.184,439.01300000000003,456.639,515.427,315.388,600.74,318.368,786.309,312.493,962.831,386.017,591.995,403.676,762.7,368.458,924.557,359.56199999999995,271.313,382.98699999999997,271.225,318.18,274.237,0.0,0.0
26,371.325,288.875,327.16900000000004,362.319,271.33299999999997,365.291,227.169,462.60900000000004,224.18599999999998,550.694,385.904,353.63699999999994,412.598,433.189,450.666,500.789,315.29200000000003,597.946,318.291,789.054,312.439,962.784,383.095,591.994,389.077,762.615,356.515,924.4689999999999,362.292,271.225,377.121,271.103,315.513,274.178,0.0,0.0
27,368.353,288.858,321.34,359.57099999999997,271.21,362.52,224.268,462.525,224.192,547.84,380.15,350.68699999999995,409.65,430.148,438.999,483.069,312.462,600.741,318.39,786.202,312.384,962.825,377.11800000000005,594.899,385.834,762.7389999999999,338.772,921.518,359.50199999999995,271.20599999999996,368.411,271.14,315.355,274.12,0.0,0.0
28,365.476,282.996,318.41700000000003,359.395,268.347,362.414,224.243,459.664,224.168,536.071,371.31300000000005,344.876,406.546,418.335,433.06199999999995,462.57199999999995,309.505,594.891,318.439,786.1619999999999,309.467,965.705,368.352,583.212,365.472,765.581,324.156,924.571,359.39,268.21,365.548,265.381,315.248,271.11400000000003,0.0,0.0
29,365.392,280.035,315.504,356.589,268.199,362.50699999999995,224.054,465.423,227.16400000000002,568.395,365.469,341.97900000000004,403.675,412.565,432.949,456.655,309.51599999999996,597.794,324.168,783.198,297.741,959.8639999999999,368.30400000000003,589.015,362.301,768.65,312.41,924.4830000000001,356.624,265.327,365.486,265.348,315.22900000000004,268.379,0.0,0.0
30,365.28,280.106,315.344,356.55699999999996,265.295,362.535,221.245,477.184,224.25599999999997,577.34,365.28,341.93199999999996,394.879,409.54699999999997,424.24,441.966,303.645,586.12,330.087,771.523,291.906,956.932,365.35900000000004,577.318,359.434,765.6460000000001,294.717,918.592,353.599,265.402,365.379,265.293,312.445,268.425,0.0,0.0
31,362.50699999999995,283.004,312.464,356.565,262.428,365.289,221.27,465.421,218.17700000000002,556.7180000000001,362.379,341.91,389.00699999999995,397.82599999999996,412.625,432.94199999999995,306.536,592.003,327.119,783.248,282.985,971.5060000000001,362.57199999999995,580.242,344.895,768.6410000000001,291.848,939.193,347.824,268.165,362.531,265.365,309.527,271.115,0.0,0.0
32,362.31,288.791,309.506,362.315,259.436,365.461,221.21599999999998,480.05400000000003,218.21900000000002,515.518,359.435,347.719,388.92699999999996,394.789,409.64599999999996,415.399,303.613,594.884,327.173,789.074,271.272,974.556,353.621,586.107,338.836,783.301,288.87,948.035,347.70099999999996,268.388,362.291,268.247,309.448,271.288,0.0,0.0
33,359.459,288.779,309.491,362.527,259.428,368.37800000000004,221.19,494.92800000000005,203.611,465.495,359.473,356.57599999999996,409.534,436.065,412.434,409.55699999999996,303.624,597.819,332.94199999999995,792.1569999999999,268.322,974.596,350.726,589.069,338.782,786.291,285.903,948.0360000000001,342.027,271.157,359.45599999999996,268.28,303.615,274.192,0.0,0.0
34,350.736,291.853,303.555,371.274,250.672,385.866,224.082,503.606,197.68,462.55199999999996,356.565,365.3,409.46,436.041,406.48400000000004,406.594,300.688,600.852,333.04400000000004,803.826,268.328,977.447,347.713,597.839,335.95099999999996,798.0260000000001,283.02299999999997,950.965,341.81199999999995,274.251,353.59,271.38599999999997,300.681,285.955,0.0,0.0
35,350.652,297.705,306.522,380.13,256.467,386.041,221.233,503.57099999999997,194.722,453.66900000000004,359.42400000000004,368.44,409.548,436.06699999999995,391.978,394.879,297.807,600.906,338.765,806.78,268.371,977.453,344.843,597.898,338.93300000000005,803.818,285.878,950.975,341.779,285.957,0.0,0.0,297.803,291.843,0.0,0.0
36,344.92800000000005,306.515,297.754,385.95599999999996,247.75099999999998,391.89,212.424,506.57099999999997,182.995,433.14300000000003,350.69,377.11199999999997,409.408,436.0,388.892,388.913,294.877,606.74,338.954,809.722,268.257,977.562,347.716,600.856,341.92699999999996,806.847,288.861,951.105,338.963,291.889,0.0,0.0,297.71299999999997,297.661,0.0,0.0
37,344.80300000000005,312.45599999999996,294.789,388.921,247.605,391.98400000000004,206.487,503.805,182.90200000000002,436.06699999999995,341.952,385.954,403.63599999999997,433.13,382.985,386.056,297.67900000000003,618.503,341.915,812.6010000000001,268.296,977.4839999999999,347.751,609.622,344.89599999999996,809.6619999999999,288.86400000000003,953.835,338.879,294.85200000000003,0.0,0.0,297.676,306.529,0.0,0.0
38,341.773,318.426,291.80400000000003,394.819,244.67,406.483,203.554,506.675,177.21599999999998,441.96,338.934,389.023,394.816,435.94199999999995,365.477,383.046,294.814,624.2959999999999,344.841,812.785,268.232,977.4960000000001,341.952,618.446,350.721,809.81,288.94599999999997,951.0089999999999,335.95300000000003,306.593,0.0,0.0,294.931,315.231,0.0,0.0
39,338.905,335.959,291.728,403.583,241.847,409.42,200.521,506.60400000000004,177.04,438.911,338.86699999999996,394.786,391.974,436.034,362.412,377.20599999999996,294.754,630.222,353.595,818.5880000000001,268.238,977.525,341.76099999999997,621.477,353.661,812.6419999999999,291.694,951.0880000000001,330.04,318.33099999999996,0.0,0.0,291.86400000000003,318.29900000000004,0.0,0.0
40,335.939,335.949,291.79900000000004,409.37,244.622,412.392,197.601,509.57099999999997,174.22299999999998,433.01199999999994,338.917,397.75800000000004,391.88699999999994,439.042,356.57300000000004,377.14099999999996,294.806,633.22,356.587,821.477,268.247,977.4730000000001,341.85400000000004,624.388,359.466,812.681,291.758,950.9830000000001,321.29,318.408,338.82599999999996,318.233,291.69,321.356,0.0,0.0
41,338.834,333.055,291.834,409.491,244.67,412.469,197.511,509.658,174.123,418.342,338.93199999999996,403.61199999999997,391.92400000000004,444.86,356.532,377.10900000000004,294.788,639.052,359.54400000000004,827.448,268.253,977.525,341.835,627.269,359.407,812.699,291.738,951.078,321.308,318.337,338.93800000000005,315.41200000000003,288.901,327.161,0.0,0.0
42,338.834,338.777,291.856,412.49699999999996,244.72799999999998,415.415,191.75099999999998,518.399,174.18599999999998,421.35,338.941,409.586,391.92900000000003,447.76099999999997,356.594,377.11199999999997,294.823,644.924,362.298,830.322,268.249,977.518,338.991,633.23,359.439,815.63,291.748,951.115,321.289,321.268,338.936,318.376,288.874,335.87699999999995,0.0,0.0
43,341.725,341.773,291.82,412.57800000000003,244.765,415.51599999999996,194.69799999999998,515.44,176.928,415.504,338.88300000000004,409.63800000000003,389.08,453.64,359.514,374.211,297.681,647.865,362.288,833.191,268.275,977.49,338.905,641.988,359.43300000000005,812.819,291.75,951.1110000000001,330.064,327.166,341.756,335.971,291.802,335.94199999999995,0.0,0.0
44,341.99800000000005,341.95599999999996,291.784,412.626,244.83599999999998,415.509,197.528,512.528,177.014,409.52099999999996,338.79400000000004,412.431,388.87699999999995,453.68300000000005,362.44699999999995,377.19599999999997,300.726,653.7869999999999,362.288,833.2439999999999,268.295,977.4860000000001,338.777,645.0169999999999,356.525,812.818,291.764,951.079,338.76099999999997,335.85400000000004,0.0,0.0,294.751,335.899,0.0,0.0
45,347.796,341.751,291.776,415.376,244.78599999999997,415.45099999999996,197.641,512.509,179.96900000000002,394.778,338.811,412.55800000000005,388.939,456.55300000000005,362.593,368.449,297.69599999999997,653.757,362.295,833.298,268.323,977.528,333.036,647.828,347.727,815.6560000000001,291.738,951.125,339.039,327.151,0.0,0.0,297.82099999999997,335.86300000000006,0.0,0.0
46,359.522,339.02099999999996,291.91200000000003,412.543,247.75599999999997,412.42800000000005,200.618,503.67199999999997,185.949,391.861,338.778,415.37699999999995,388.975,459.47,368.338,368.423,294.72,650.83,359.509,833.1410000000001,268.312,977.546,321.355,647.821,344.895,815.597,291.681,953.8530000000001,344.843,327.183,0.0,0.0,303.664,333.029,0.0,0.0
47,353.61300000000006,341.866,294.763,409.51199999999994,259.48900000000003,406.49699999999996,200.638,471.337,200.52900000000002,365.35900000000004,333.01,412.534,388.82300000000004,459.505,377.162,365.421,294.714,647.812,356.50199999999995,827.421,268.27099999999996,977.552,318.418,644.888,344.853,812.797,291.698,953.8689999999999,344.833,330.07,0.0,0.0,309.494,330.091,0.0,0.0
48,353.62199999999996,341.786,297.716,409.49199999999996,268.353,406.519,224.28099999999998,462.583,0.0,0.0,330.065,412.468,386.059,459.61,388.86300000000006,365.491,291.869,641.93,347.74699999999996,818.5830000000001,268.231,977.541,315.427,633.214,344.88800000000003,812.6160000000001,291.664,953.835,344.838,324.175,0.0,0.0,315.397,324.204,0.0,0.0
49,353.61,341.78,300.60900000000004,406.52,271.356,391.917,274.198,488.977,0.0,0.0,327.164,412.445,388.82300000000004,459.642,394.834,365.542,288.858,627.3330000000001,341.99,812.7919999999999,268.247,977.586,312.425,624.433,341.961,809.835,288.933,951.1139999999999,344.87,321.376,0.0,0.0,318.32599999999996,324.177,0.0,0.0
50,1165.94,377.17400000000004,1183.47,412.50699999999995,1162.88,412.543,1157.04,456.69699999999995,1162.81,465.455,1198.19,412.501,1206.99,459.54400000000004,1180.53,477.216,1168.79,500.707,0.0,0.0,0.0,0.0,1192.33,500.795,0.0,0.0,0.0,0.0,1165.75,368.361,1171.68,368.315,1162.88,371.29,1186.46,371.28
51,362.293,338.959,306.493,400.668,280.028,385.921,312.476,371.28,338.801,338.853,332.976,415.375,388.824,462.50800000000004,409.407,368.42,291.718,624.393,341.856,812.6419999999999,268.324,977.557,315.286,621.4830000000001,341.832,809.6610000000001,288.925,951.11,356.54900000000004,321.303,0.0,0.0,327.123,321.28,0.0,0.0
52,1165.82,377.191,1186.27,409.629,1168.72,409.653,1162.88,453.715,1162.93,480.209,1189.34,409.603,1180.55,456.55699999999996,1171.75,480.157,1186.37,494.91,1186.49,565.497,0.0,0.0,1189.37,497.80300000000005,1201.16,562.5459999999999,0.0,0.0,1165.74,368.358,1168.73,368.30400000000003,1168.76,371.26099999999997,1180.56,368.415
53,362.494,338.897,315.373,391.931,294.91700000000003,374.19699999999995,338.87699999999995,365.38199999999995,335.89,338.847,330.10699999999997,412.476,386.00300000000004,462.48900000000003,415.463,368.35400000000004,288.867,621.477,338.959,809.6560000000001,268.36400000000003,977.518,306.53700000000003,621.36,338.945,795.079,288.89,951.054,359.55300000000005,321.23900000000003,0.0,0.0,333.029,318.47,0.0,0.0
54,1165.82,371.296,1183.46,409.369,1162.96,409.44199999999995,1159.94,447.805,1162.79,471.32099999999997,1198.2,406.61300000000006,1209.86,450.708,1186.38,477.25800000000004,1171.74,483.108,0.0,0.0,0.0,0.0,1192.38,483.13800000000003,0.0,0.0,0.0,0.0,1165.7,365.50300000000004,1168.72,365.44699999999995,1163.02,368.449,1186.33,365.54699999999997
55,365.272,344.841,318.246,409.606,303.565,394.8,335.88199999999995,353.659,332.999,312.394,335.902,421.298,383.074,465.425,421.32099999999997,385.903,283.024,621.35,335.921,806.743,268.343,977.543,303.563,621.34,330.101,789.2560000000001,288.842,951.038,362.384,330.11699999999996,0.0,0.0,335.994,324.207,0.0,0.0
56,0.0,0.0,318.328,403.685,303.597,385.936,347.76099999999997,356.501,362.41900000000004,315.404,335.957,415.444,377.12,474.273,432.95099999999996,389.086,280.077,615.518,330.086,795.073,268.34,977.557,303.586,618.438,332.981,789.2330000000001,285.991,950.938,0.0,0.0,0.0,0.0,362.31300000000005,321.22700000000003,0.0,0.0
57,377.205,338.88199999999995,324.161,391.87,312.36400000000003,368.36,359.462,318.395,365.325,265.279,338.93,412.517,371.37199999999996,477.20599999999996,436.144,386.05699999999996,277.121,606.705,318.486,792.1060000000001,268.33,977.579,303.637,612.601,324.225,789.148,285.995,950.95,365.412,318.362,0.0,0.0,335.963,318.23900000000003,0.0,0.0
58,0.0,0.0,318.383,377.17800000000005,318.253,362.348,382.959,338.792,397.773,285.904,324.177,394.849,362.463,480.21,424.293,430.069,277.14799999999997,597.874,318.26099999999997,789.197,268.303,977.569,291.909,597.881,318.415,789.0939999999999,285.962,950.8939999999999,0.0,0.0,0.0,0.0,359.441,315.243,0.0,0.0
59,386.037,315.473,0.0,0.0,318.253,362.348,0.0,0.0,0.0,0.0,0.0,0.0,0.0,0.0,0.0,0.0,0.0,0.0,0.0,0.0,0.0,0.0,0.0,0.0,0.0,0.0,0.0,0.0,380.154,303.651,0.0,0.0,359.441,315.243,0.0,0.0
60,0.0,0.0,318.394,365.45300000000003,324.246,359.496,409.413,344.88800000000003,424.278,315.295,306.57099999999997,371.33099999999996,362.408,480.171,424.256,438.939,277.082,594.859,315.348,786.1460000000001,268.35400000000004,977.493,291.779,591.933,318.233,783.275,288.79400000000004,950.893,0.0,0.0,0.0,0.0,362.333,315.376,0.0,0.0
61,382.995,327.185,0.0,0.0,324.246,359.496,0.0,0.0,0.0,0.0,0.0,0.0,0.0,0.0,0.0,0.0,0.0,0.0,0.0,0.0,0.0,0.0,0.0,0.0,0.0,0.0,0.0,0.0,383.096,318.26,0.0,0.0,362.333,315.376,0.0,0.0
62,0.0,0.0,318.418,362.55300000000005,338.977,359.51,427.17699999999996,356.51599999999996,447.789,291.85900000000004,297.728,365.506,341.832,483.02,406.592,459.675,282.994,594.8480000000001,312.414,786.1039999999999,268.27099999999996,977.5239999999999,274.17900000000003,589.008,315.233,783.303,285.903,950.9169999999999,0.0,0.0,0.0,0.0,365.38300000000004,315.496,324.211,309.5
63,380.14300000000003,333.006,0.0,0.0,338.977,359.51,0.0,0.0,0.0,0.0,0.0,0.0,0.0,0.0,0.0,0.0,0.0,0.0,0.0,0.0,0.0,0.0,0.0,0.0,0.0,0.0,0.0,0.0,385.911,318.397,0.0,0.0,365.38300000000004,315.496,0.0,0.0
64,0.0,0.0,324.165,362.583,353.574,362.421,436.00699999999995,383.11,436.06199999999995,347.76099999999997,294.879,365.379,309.486,477.165,0.0,0.0,283.022,586.136,306.552,777.3939999999999,268.182,977.578,268.319,583.161,309.485,777.3710000000001,282.98900000000003,948.0930000000001,0.0,0.0,0.0,0.0,365.54699999999997,318.298,332.967,312.431
65,385.963,333.0,0.0,0.0,353.574,362.421,0.0,0.0,0.0,0.0,0.0,0.0,0.0,0.0,0.0,0.0,0.0,0.0,0.0,0.0,0.0,0.0,0.0,0.0,0.0,0.0,0.0,0.0,386.069,318.428,0.0,0.0,365.54699999999997,318.298,0.0,0.0
66,388.964,338.905,327.14,365.30400000000003,362.349,362.504,436.12,400.684,518.44,415.44300000000004,294.709,365.412,294.781,480.216,0.0,0.0,280.043,577.366,297.779,780.312,268.205,977.5939999999999,265.363,577.257,303.613,780.304,280.041,950.8889999999999,389.01800000000003,324.238,0.0,0.0,374.218,318.465,335.977,315.257
67,391.92400000000004,344.81800000000004,327.149,368.284,362.375,365.51599999999996,436.165,427.163,503.695,430.07300000000004,294.66,368.353,297.716,477.213,0.0,0.0,285.879,574.39,294.815,777.3589999999999,268.14,977.6080000000001,256.496,574.289,300.639,777.341,280.059,950.944,392.005,338.796,0.0,0.0,380.04900000000004,324.259,0.0,0.0
68,394.848,350.72900000000004,335.86199999999997,371.254,365.43699999999995,371.33099999999996,435.99699999999996,447.832,506.651,456.62199999999996,294.728,368.421,294.847,480.17900000000003,324.246,553.691,277.123,577.2669999999999,291.945,780.347,268.144,977.523,253.63,574.307,297.748,774.445,280.026,950.928,397.783,341.75800000000004,0.0,0.0,383.04699999999997,332.954,341.952,318.418
69,403.60900000000004,359.399,335.892,382.98400000000004,368.411,385.952,433.158,474.265,489.00800000000004,509.656,291.817,374.24,0.0,0.0,0.0,0.0,282.945,577.311,291.944,783.305,268.125,977.571,247.78799999999998,574.332,294.893,783.179,280.043,950.929,403.695,341.897,0.0,0.0,386.083,338.76199999999994,347.723,318.47
70,409.59,362.55300000000005,338.91,386.004,383.083,394.796,435.915,497.82,486.14,556.697,291.875,374.276,309.51599999999996,477.19199999999995,0.0,0.0,283.032,577.2869999999999,291.906,786.1039999999999,268.124,977.6389999999999,247.75799999999998,574.3290000000001,294.9,780.326,280.095,950.948,409.663,350.699,0.0,0.0,391.876,341.923,359.461,324.238
71,412.37199999999996,365.45,339.04,389.01800000000003,386.0,409.42699999999996,421.327,515.439,456.537,592.009,291.92400000000004,380.07099999999997,297.775,480.156,0.0,0.0,285.87,580.266,294.71299999999997,786.1419999999999,265.395,983.335,247.7,574.339,297.678,777.4,280.04,950.929,412.525,359.414,0.0,0.0,397.774,350.671,362.379,338.76
72,412.514,385.788,341.82199999999995,403.671,388.875,418.329,412.561,536.073,433.158,627.356,294.66200000000003,385.999,285.976,480.224,0.0,0.0,285.966,583.2230000000001,294.906,783.26,265.35400000000004,983.3710000000001,244.743,574.3480000000001,297.816,774.475,280.113,950.863,415.36800000000005,365.401,0.0,0.0,403.676,362.39,362.457,341.85
73,412.55,388.944,341.858,409.523,389.064,430.046,406.644,550.749,409.406,639.0790000000001,294.681,388.941,247.58900000000003,488.97,203.563,594.934,285.976,592.0,300.658,783.178,265.335,983.393,244.75400000000002,580.226,303.63599999999997,777.419,282.99,950.921,415.41,380.1,0.0,0.0,406.642,368.343,365.327,344.892
74,0.0,0.0,344.779,412.605,394.88,436.14300000000003,389.105,565.477,380.121,647.93,294.796,389.09,247.602,459.676,247.658,530.246,291.733,594.98,309.486,786.082,265.32,983.435,238.891,580.283,309.519,780.2919999999999,285.871,950.8810000000001,0.0,0.0,0.0,0.0,409.57099999999997,383.001,365.481,362.315
75,0.0,0.0,344.88300000000004,421.315,400.668,447.811,385.95,571.445,353.657,659.72,294.819,394.842,224.03,480.25699999999995,194.733,556.755,291.717,600.781,315.233,783.247,265.34,980.535,235.953,589.031,312.405,771.46,285.937,948.067,0.0,0.0,0.0,0.0,412.409,386.099,368.32300000000004,362.561
76,0.0,0.0,347.727,430.039,400.70300000000003,456.594,377.216,574.386,338.784,668.5,297.687,394.903,221.271,459.561,174.21200000000002,521.369,291.75,603.804,315.357,789.105,265.318,983.3989999999999,241.737,594.877,318.288,783.303,285.962,950.8530000000001,0.0,0.0,0.0,0.0,412.546,391.866,377.17400000000004,365.452
77,0.0,0.0,350.663,430.10900000000004,403.594,456.689,368.343,574.37,321.24,656.743,300.624,394.85900000000004,221.28900000000002,450.68800000000005,153.545,503.81,285.884,606.717,318.318,789.077,265.35200000000003,980.538,238.877,594.955,312.377,783.175,285.905,948.062,0.0,0.0,0.0,0.0,415.418,406.49300000000005,380.14,368.44800000000004
78,0.0,0.0,353.62800000000004,433.108,400.735,462.48800000000006,365.51,577.181,324.16900000000004,650.84,303.626,400.708,224.101,436.00300000000004,150.561,486.025,285.933,615.525,321.374,792.1560000000001,265.375,980.513,235.95,600.809,300.717,786.128,285.948,950.923,0.0,0.0,0.0,0.0,415.444,409.505,380.15,380.06300000000005
79,0.0,0.0,353.62199999999996,435.909,400.741,465.423,368.31,577.274,324.26599999999996,650.842,306.509,403.67,224.21099999999998,432.955,147.593,477.26099999999997,285.967,621.341,327.091,797.985,265.363,980.5169999999999,230.10299999999998,603.759,303.6,786.245,285.91900000000004,948.081,0.0,0.0,0.0,0.0,415.379,409.588,380.13800000000003,383.029
80,0.0,0.0,353.596,435.97900000000004,400.735,471.292,368.284,580.289,324.246,662.6160000000001,303.622,403.64599999999996,221.253,432.94699999999995,147.611,474.287,285.997,621.444,327.11,800.8939999999999,265.38,980.5169999999999,233.005,606.754,306.51599999999996,786.275,285.88,950.903,0.0,0.0,0.0,0.0,415.392,409.668,380.085,385.88
81,0.0,0.0,350.724,435.955,400.718,468.412,368.342,583.138,324.265,671.475,303.577,403.642,221.29,430.097,150.482,468.389,288.82599999999996,621.446,330.042,798.0310000000001,265.4,983.3639999999999,235.877,609.645,306.514,786.2560000000001,283.043,950.918,0.0,0.0,0.0,0.0,412.647,412.385,377.21,385.914
82,0.0,0.0,350.73800000000006,436.028,400.759,474.20599999999996,368.375,583.186,333.006,671.373,303.6,403.68699999999995,221.209,430.139,150.484,468.408,288.914,624.278,330.07,800.919,265.39,983.3810000000001,232.998,609.6619999999999,306.54,786.308,285.94599999999997,950.942,0.0,0.0,0.0,0.0,412.624,412.361,371.325,385.89
83,0.0,0.0,350.713,436.04,400.66,474.226,368.38599999999997,591.982,324.251,686.1360000000001,303.598,406.481,221.21900000000002,432.962,147.67,474.244,291.73,624.293,330.06300000000005,800.927,265.388,983.3810000000001,235.908,612.57,306.58299999999997,786.295,285.95599999999996,950.8860000000001,0.0,0.0,0.0,0.0,415.37300000000005,409.648,374.24300000000005,385.87300000000005
84,0.0,0.0,350.63699999999994,436.043,400.658,471.379,371.345,586.0740000000001,335.94300000000004,680.309,300.67900000000003,406.527,221.29,433.01300000000003,147.673,477.205,291.77,624.3240000000001,330.10400000000004,800.905,265.406,983.346,235.922,612.621,306.585,786.283,285.93,948.11,0.0,0.0,0.0,0.0,415.403,409.62699999999995,374.275,385.843
85,0.0,0.0,347.773,436.07800000000003,397.809,474.211,374.17699999999996,589.018,335.917,686.102,297.819,406.595,221.317,433.135,150.44799999999998,480.17400000000004,291.81,624.43,332.959,800.9169999999999,265.369,983.4060000000001,238.81900000000002,618.436,306.598,786.302,285.911,950.8660000000001,0.0,0.0,0.0,0.0,415.42900000000003,409.599,377.16900000000004,385.844
86,0.0,0.0,347.746,436.077,397.728,474.217,374.202,586.127,338.769,680.2869999999999,297.82099999999997,406.57300000000004,221.28900000000002,435.9,150.57299999999998,483.089,291.814,627.258,330.096,800.9639999999999,265.372,983.419,238.81900000000002,618.482,309.478,786.312,285.921,950.863,0.0,0.0,0.0,0.0,415.473,409.574,380.04699999999997,383.094
87,0.0,0.0,347.716,436.121,394.9,474.226,374.27,586.096,338.789,680.248,297.79200000000003,409.38199999999995,224.028,435.954,150.639,483.126,291.843,627.273,330.089,803.7919999999999,265.356,983.451,238.835,618.434,312.318,786.306,285.955,950.88,0.0,0.0,0.0,0.0,415.464,409.556,380.06300000000005,383.093
88,421.29400000000004,430.097,344.923,436.108,394.836,471.37199999999996,371.35400000000004,589.0219999999999,333.061,686.168,297.789,409.37800000000004,221.3,435.976,150.674,483.144,291.866,624.475,332.95300000000003,800.96,265.35900000000004,986.2819999999999,238.86900000000003,618.403,309.494,786.328,285.945,950.887,0.0,0.0,0.0,0.0,415.43699999999995,409.54400000000004,380.099,383.04400000000004
89,0.0,0.0,0.0,0.0,0.0,0.0,0.0,0.0,0.0,0.0,0.0,0.0,0.0,0.0,0.0,0.0,0.0,0.0,0.0,0.0,0.0,0.0,1027.52,636.133,1036.34,712.6110000000001,1062.86,798.0010000000001,0.0,0.0,0.0,0.0,0.0,0.0,0.0,0.0
90,421.338,430.074,347.69699999999995,436.10400000000004,394.80699999999996,471.33099999999996,374.20599999999996,583.2,335.906,686.11,297.822,409.397,224.037,435.915,150.645,483.12300000000005,291.832,624.434,330.12199999999996,800.921,265.372,983.435,241.69799999999998,615.535,312.345,786.2869999999999,285.978,950.8919999999999,432.93,412.54,0.0,0.0,415.407,409.55300000000005,380.13800000000003,383.036
91,0.0,0.0,0.0,0.0,0.0,0.0,0.0,0.0,0.0,0.0,0.0,0.0,0.0,0.0,0.0,0.0,1001.09,653.775,1018.66,718.577,1003.97,800.95,0.0,0.0,0.0,0.0,0.0,0.0,0.0,0.0,0.0,0.0,0.0,0.0,0.0,0.0
92,0.0,0.0,0.0,0.0,0.0,0.0,0.0,0.0,0.0,0.0,0.0,0.0,0.0,0.0,0.0,0.0,0.0,0.0,0.0,0.0,0.0,0.0,1027.55,650.835,1036.37,715.595,1062.8,803.837,0.0,0.0,0.0,0.0,0.0,0.0,0.0,0.0
93,421.29,430.181,344.89,436.129,394.788,474.221,371.259,591.929,332.971,692.071,297.8,409.37800000000004,221.3,435.93199999999996,150.621,483.093,291.847,627.335,333.015,800.915,265.374,983.441,241.71599999999998,618.432,309.498,789.029,285.98900000000003,950.939,432.906,412.602,0.0,0.0,415.36699999999996,409.585,380.06,383.06699999999995
94,0.0,0.0,0.0,0.0,0.0,0.0,0.0,0.0,0.0,0.0,0.0,0.0,0.0,0.0,0.0,0.0,1001.07,653.806,1018.71,718.5310000000001,1004.02,800.9169999999999,0.0,0.0,0.0,0.0,0.0,0.0,0.0,0.0,0.0,0.0,0.0,0.0,0.0,0.0
95,0.0,0.0,0.0,0.0,0.0,0.0,0.0,0.0,0.0,0.0,0.0,0.0,0.0,0.0,0.0,0.0,0.0,0.0,0.0,0.0,0.0,0.0,1027.53,650.828,1036.34,715.533,1059.89,803.806,0.0,0.0,0.0,0.0,0.0,0.0,0.0,0.0
96,421.284,430.158,344.903,436.079,391.966,471.31699999999995,371.358,583.183,338.80199999999996,689.1339999999999,300.652,406.62199999999996,221.3,435.92,150.575,483.042,291.814,624.442,333.031,800.87,265.35200000000003,983.424,238.90200000000002,615.492,312.335,786.318,285.988,950.962,432.894,412.584,0.0,0.0,412.629,409.586,377.215,383.045
97,0.0,0.0,0.0,0.0,0.0,0.0,0.0,0.0,0.0,0.0,0.0,0.0,0.0,0.0,0.0,0.0,998.082,647.875,1015.75,718.497,1003.94,800.8960000000001,0.0,0.0,0.0,0.0,0.0,0.0,0.0,0.0,0.0,0.0,0.0,0.0,0.0,0.0
98,421.32800000000003,430.14599999999996,344.82599999999996,436.098,391.89599999999996,468.45599999999996,374.194,580.327,341.847,683.18,297.776,409.398,221.27900000000002,433.217,150.561,483.042,291.824,624.46,333.01,800.904,265.357,983.408,241.722,615.52,312.389,786.303,285.953,950.975,432.923,412.585,0.0,0.0,412.63699999999994,409.583,380.074,382.98400000000004
99,0.0,0.0,0.0,0.0,0.0,0.0,0.0,0.0,0.0,0.0,0.0,0.0,0.0,0.0,0.0,0.0,998.045,639.08,1015.75,712.6439999999999,1004.01,798.0089999999999,0.0,0.0,0.0,0.0,0.0,0.0,0.0,0.0,0.0,0.0,0.0,0.0,0.0,0.0
100,418.445,424.269,342.032,435.909,389.01199999999994,462.546,374.246,580.224,356.506,668.5310000000001,297.755,406.61699999999996,221.317,433.149,150.562,483.06199999999995,291.934,627.275,332.959,800.945,265.363,983.4019999999999,241.735,615.503,312.373,786.2819999999999,285.952,950.9839999999999,0.0,0.0,0.0,0.0,412.652,409.42,380.055,374.191
101,0.0,0.0,0.0,0.0,0.0,0.0,0.0,0.0,0.0,0.0,0.0,0.0,0.0,0.0,0.0,0.0,998.084,644.94,1018.67,715.558,1004.05,797.957,0.0,0.0,0.0,0.0,0.0,0.0,0.0,0.0,0.0,0.0,0.0,0.0,0.0,0.0
102,415.56300000000005,418.33099999999996,342.005,433.05800000000005,389.05,462.465,374.185,580.235,362.397,668.492,297.67900000000003,400.74800000000005,221.21200000000002,435.912,150.53799999999998,483.226,291.904,627.342,330.12,800.952,265.374,983.33,241.77200000000002,615.535,312.31,786.291,285.954,950.9780000000001,0.0,0.0,0.0,0.0,412.486,403.60400000000004,374.23199999999997,368.30699999999996
103,415.51300000000003,412.48900000000003,341.85400000000004,430.025,388.829,456.60400000000004,377.111,577.2719999999999,362.555,665.592,294.841,394.88300000000004,221.235,433.16,150.481,489.024,291.923,624.39,330.111,795.0830000000001,268.111,980.4789999999999,241.84799999999998,612.578,309.45099999999996,786.299,285.99,950.943,427.18699999999995,403.666,0.0,0.0,409.6,391.87199999999996,368.295,365.43699999999995
104,0.0,0.0,0.0,0.0,0.0,0.0,0.0,0.0,0.0,0.0,0.0,0.0,0.0,0.0,0.0,0.0,1001.03,594.899,1024.51,697.933,1009.86,797.967,0.0,0.0,0.0,0.0,0.0,0.0,0.0,0.0,0.0,0.0,0.0,0.0,0.0,0.0
105,0.0,0.0,0.0,0.0,0.0,0.0,0.0,0.0,0.0,0.0,0.0,0.0,0.0,0.0,0.0,0.0,0.0,0.0,0.0,0.0,0.0,0.0,1015.75,594.94,1027.53,695.04,1053.99,797.9860000000001,0.0,0.0,0.0,0.0,0.0,0.0,0.0,0.0
106,415.385,409.48199999999997,339.038,418.42199999999997,386.05699999999996,450.662,380.099,574.203,365.559,656.742,291.94,391.944,221.19799999999998,433.12199999999996,153.411,500.724,291.85,621.313,327.14099999999996,792.0939999999999,268.133,977.643,244.822,603.839,312.32099999999997,786.164,285.96,950.8589999999999,421.345,391.865,0.0,0.0,409.39099999999996,385.945,365.30800000000005,362.42699999999996
107,0.0,0.0,0.0,0.0,0.0,0.0,0.0,0.0,0.0,0.0,0.0,0.0,0.0,0.0,0.0,0.0,1001.03,583.139,1021.67,692.057,1012.82,795.002,0.0,0.0,0.0,0.0,0.0,0.0,0.0,0.0,0.0,0.0,0.0,0.0,0.0,0.0
108,0.0,0.0,0.0,0.0,0.0,0.0,0.0,0.0,0.0,0.0,0.0,0.0,0.0,0.0,0.0,0.0,0.0,0.0,0.0,0.0,0.0,0.0,1018.68,580.256,1027.57,692.049,1051.09,795.077,0.0,0.0,0.0,0.0,0.0,0.0,0.0,0.0
109,418.37300000000005,391.95,338.845,412.495,385.849,436.00699999999995,383.01300000000003,556.693,374.20300000000003,650.789,291.772,391.829,218.23,435.98800000000006,153.65,506.73900000000003,291.89799999999997,615.491,318.439,789.0939999999999,268.113,980.449,247.708,600.866,318.383,786.19,285.96,950.944,424.23699999999997,383.05699999999996,0.0,0.0,403.666,371.32,0.0,0.0
110,0.0,0.0,1024.53,483.099,0.0,0.0,0.0,0.0,0.0,0.0,0.0,0.0,0.0,0.0,0.0,0.0,0.0,0.0,0.0,0.0,0.0,0.0,1027.55,600.862,1039.25,700.888,1059.84,798.0239999999999,0.0,0.0,0.0,0.0,0.0,0.0,0.0,0.0
111,0.0,0.0,0.0,0.0,0.0,0.0,0.0,0.0,0.0,0.0,0.0,0.0,0.0,0.0,0.0,0.0,1006.92,600.8009999999999,1021.65,706.73,1004.06,795.059,0.0,0.0,0.0,0.0,0.0,0.0,0.0,0.0,0.0,0.0,0.0,0.0,0.0,0.0
112,415.412,386.10400000000004,335.871,406.54900000000004,374.269,418.333,383.032,550.8340000000001,385.87199999999996,647.7909999999999,288.902,386.046,215.345,441.916,153.664,527.256,291.827,606.722,318.319,786.305,268.165,980.39,247.68200000000002,600.8330000000001,315.465,786.077,285.97900000000004,950.928,421.256,368.42400000000004,0.0,0.0,400.664,362.319,0.0,0.0
113,415.51199999999994,371.293,332.99,394.814,368.346,412.444,383.04900000000004,547.87,388.99699999999996,641.937,291.827,382.945,218.27,444.905,176.93200000000002,530.336,291.918,600.922,318.233,786.257,268.152,980.3919999999999,250.593,597.8580000000001,315.469,780.318,285.955,948.117,418.403,359.505,0.0,0.0,391.875,344.92,0.0,0.0
114,412.50699999999995,362.561,321.368,388.835,365.338,400.755,382.954,533.234,394.82300000000004,630.2230000000001,285.982,374.20300000000003,218.25,456.50300000000004,182.919,547.864,294.756,597.94,315.448,786.201,268.122,977.6419999999999,253.542,594.865,315.437,783.17,285.875,948.07,412.466,341.98,0.0,0.0,385.907,335.93699999999995,0.0,0.0
115,409.402,344.76099999999997,318.414,380.12300000000005,362.343,388.89,374.212,527.1569999999999,403.611,624.425,285.928,365.423,221.275,459.587,197.675,556.74,294.732,597.806,315.283,783.322,268.149,977.6360000000001,256.513,589.056,315.442,783.2180000000001,283.013,948.0989999999999,409.402,330.1,0.0,0.0,377.18,318.397,0.0,0.0
116,1174.69,368.42,1183.42,403.695,1162.85,400.75300000000004,1148.14,439.06199999999995,1145.28,477.25699999999995,1201.15,406.606,1209.9,450.694,1198.17,483.087,1165.82,483.19800000000004,1168.73,553.75,0.0,0.0,1189.34,486.069,1195.22,553.71,1198.23,615.508,1168.81,365.36699999999996,1183.47,365.353,1165.9,365.47,1186.54,365.469
117,406.49,330.06199999999995,318.303,365.545,359.407,377.173,368.352,509.62800000000004,406.57800000000003,618.419,283.04900000000004,362.475,224.285,459.478,206.445,562.569,294.712,591.982,312.487,780.3539999999999,265.408,980.398,259.44599999999997,580.271,312.472,777.43,283.008,950.8489999999999,403.594,312.461,0.0,0.0,368.293,309.478,0.0,0.0
118,1174.68,365.423,1183.46,397.754,1162.73,394.816,1142.43,436.165,1145.22,471.319,1206.95,403.62300000000005,1209.92,441.94599999999997,1192.29,471.36699999999996,1162.95,483.05800000000005,1165.8,556.665,0.0,0.0,1189.42,483.165,1192.38,553.77,0.0,0.0,1168.8,362.452,1183.51,362.42900000000003,1165.88,362.57199999999995,1189.41,362.561
119,394.874,318.305,315.409,362.582,341.99300000000005,365.49800000000005,365.397,503.648,406.599,603.726,285.918,362.356,247.69299999999998,465.421,0.0,0.0,291.92400000000004,589.0509999999999,312.30400000000003,780.335,265.365,980.413,268.216,580.24,312.346,777.428,280.068,948.0880000000001,389.11199999999997,300.643,0.0,0.0,362.29400000000004,297.661,0.0,0.0
120,0.0,0.0,0.0,0.0,0.0,0.0,0.0,0.0,0.0,0.0,0.0,0.0,0.0,0.0,0.0,0.0,1009.86,583.154,1021.59,692.0310000000001,1006.94,794.993,0.0,0.0,0.0,0.0,0.0,0.0,0.0,0.0,0.0,0.0,0.0,0.0,0.0,0.0
121,0.0,0.0,0.0,0.0,0.0,0.0,0.0,0.0,0.0,0.0,0.0,0.0,0.0,0.0,0.0,0.0,0.0,0.0,0.0,0.0,0.0,0.0,1030.44,586.107,1039.29,692.07,1062.8,797.9810000000001,0.0,0.0,0.0,0.0,0.0,0.0,0.0,0.0
122,388.848,306.569,315.319,362.289,338.986,362.538,362.306,489.00199999999995,406.629,597.931,288.822,356.51,291.77299999999997,477.17800000000005,0.0,0.0,294.753,591.943,309.432,777.434,265.387,977.632,268.371,580.215,309.44599999999997,768.6460000000001,277.168,948.0160000000001,385.834,291.83,0.0,0.0,347.71,291.738,0.0,0.0
123,0.0,0.0,0.0,0.0,0.0,0.0,0.0,0.0,0.0,0.0,0.0,0.0,0.0,0.0,0.0,0.0,0.0,0.0,0.0,0.0,0.0,0.0,1024.64,594.903,1036.36,692.08,1059.87,798.003,0.0,0.0,0.0,0.0,0.0,0.0,0.0,0.0
124,383.08,303.555,312.465,350.649,330.056,356.539,353.635,483.116,406.504,589.0269999999999,291.878,344.84,303.574,471.31800000000004,0.0,0.0,294.85,583.198,303.62,780.299,268.107,980.4010000000001,277.089,577.2130000000001,309.487,768.628,280.03,948.1080000000001,374.18199999999996,288.926,0.0,0.0,338.968,285.98900000000003,0.0,0.0
125,1009.88,362.467,1021.61,409.57599999999996,980.495,409.57800000000003,971.558,480.19599999999997,0.0,0.0,0.0,0.0,0.0,0.0,0.0,0.0,1006.91,571.386,1018.69,683.2139999999999,1012.8,789.253,1036.36,571.385,1042.22,689.0419999999999,1059.9,797.951,1004.02,353.60400000000004,1024.56,338.93800000000005,1006.94,347.731,0.0,0.0
126,371.369,294.902,303.632,347.81300000000005,318.291,353.583,341.976,480.11800000000005,400.726,577.439,291.73400000000004,344.87,297.758,465.43800000000005,0.0,0.0,294.91,591.99,297.814,783.265,265.384,980.441,280.056,580.261,309.453,777.405,277.121,950.944,365.466,283.052,0.0,0.0,330.10699999999997,277.131,0.0,0.0
127,1004.01,371.295,1018.71,415.464,980.461,415.43199999999996,968.637,483.11800000000005,974.607,547.808,0.0,0.0,0.0,0.0,0.0,0.0,1006.91,571.393,1018.67,683.185,1012.79,789.2760000000001,1033.38,571.376,1039.25,686.155,1059.85,795.065,1001.1,362.43,1018.66,353.61400000000003,1006.91,353.64300000000003,0.0,0.0
128,365.461,291.85,300.687,350.639,312.404,353.651,338.81800000000004,480.11,391.98900000000003,574.4159999999999,294.737,344.852,297.777,477.246,0.0,0.0,297.683,594.862,294.88599999999997,786.086,265.355,980.503,288.927,586.144,306.522,783.2389999999999,277.137,951.007,359.555,274.172,368.366,274.134,318.35400000000004,274.226,0.0,0.0
129,362.444,291.715,306.55400000000003,347.81800000000004,294.936,353.61800000000005,324.246,480.05,386.07199999999995,571.3430000000001,315.42,344.866,0.0,0.0,0.0,0.0,294.889,589.0369999999999,294.776,786.145,265.372,983.367,294.72900000000004,583.161,306.508,780.28,274.29200000000003,950.9839999999999,347.767,271.342,362.551,271.32099999999997,312.397,274.134,0.0,0.0
130,356.583,288.934,303.59,347.777,294.751,350.63800000000003,318.207,480.147,380.10900000000004,568.427,315.4,344.876,300.72700000000003,477.173,365.477,553.742,294.772,583.198,294.765,786.21,265.345,983.429,300.616,580.2040000000001,303.585,780.355,277.08,951.002,341.844,271.293,359.418,271.312,300.615,274.138,0.0,0.0
131,344.87699999999995,288.881,294.836,353.63699999999994,291.719,356.57,309.512,480.13300000000004,365.472,568.42,309.461,347.795,0.0,0.0,0.0,0.0,294.763,589.025,294.79200000000003,786.1460000000001,265.325,983.3610000000001,300.675,580.26,300.698,783.27,277.092,950.956,338.76199999999994,271.252,347.824,271.251,294.815,274.184,0.0,0.0
132,1009.88,388.97,1018.73,453.68199999999996,0.0,0.0,0.0,0.0,0.0,0.0,0.0,0.0,0.0,0.0,0.0,0.0,1001.03,594.8969999999999,1018.69,694.99,1012.78,792.1619999999999,1030.46,591.9780000000001,1039.29,694.985,1062.77,800.918,0.0,0.0,0.0,0.0,0.0,0.0,0.0,0.0
133,341.841,288.863,294.724,359.395,280.08,359.45599999999996,291.823,468.397,356.57599999999996,559.68,312.375,356.51099999999997,0.0,0.0,0.0,0.0,294.707,591.931,294.728,786.227,265.355,980.51,303.55400000000003,580.19,297.756,783.315,277.127,951.0039999999999,330.079,271.205,344.824,271.187,291.9,274.224,0.0,0.0
134,338.911,285.876,294.684,362.315,274.17900000000003,362.32599999999996,288.777,477.184,341.952,565.477,315.267,359.52099999999996,315.327,494.898,359.421,571.366,294.659,597.87,294.67400000000004,786.268,265.345,983.326,300.68,594.882,297.695,783.3,277.129,951.045,321.274,271.103,341.844,268.402,291.74,274.23400000000004,0.0,0.0
135,338.75199999999995,282.971,294.733,362.347,271.19,362.315,274.193,480.051,332.976,568.484,318.236,362.333,324.202,483.103,368.375,574.441,291.887,606.681,294.677,789.066,268.21,983.342,309.492,603.776,294.922,786.284,280.005,953.875,318.372,268.407,339.031,268.356,288.923,277.077,0.0,0.0
136,338.784,283.005,297.703,359.51,271.336,359.415,271.154,477.246,315.495,574.211,321.32,359.535,333.048,480.195,382.98400000000004,574.231,291.944,600.887,297.66200000000003,789.071,271.19599999999997,980.475,318.32,600.844,297.791,789.087,285.911,951.0830000000001,318.39599999999996,268.401,341.798,268.33,291.718,274.286,0.0,0.0
137,338.75699999999995,282.997,294.93,362.348,271.164,359.48800000000006,265.28700000000003,480.228,300.666,577.317,324.198,362.42900000000003,341.905,486.10400000000004,388.996,580.312,291.865,603.826,300.612,789.0880000000001,274.293,980.416,321.222,600.868,300.631,789.1510000000001,291.699,953.9739999999999,318.33799999999997,271.097,341.773,268.337,291.656,277.147,0.0,0.0
138,338.936,282.975,303.638,362.341,271.22900000000004,359.527,265.269,480.124,294.67400000000004,583.192,338.86300000000006,362.42,356.55,483.191,400.662,580.2,294.847,600.862,312.445,786.2689999999999,288.819,977.577,338.796,597.96,315.377,786.2689999999999,297.70099999999996,953.8639999999999,321.263,271.1,341.944,268.334,291.88599999999997,277.091,0.0,0.0
139,353.566,285.915,318.264,365.355,280.053,365.31199999999995,268.19,486.12,291.812,597.7919999999999,356.54400000000004,365.399,368.295,489.028,412.505,589.096,312.434,603.786,321.235,786.242,297.664,977.4789999999999,347.787,600.849,324.19599999999997,786.29,309.526,953.8330000000001,338.89,271.106,362.29,268.371,303.574,277.075,0.0,0.0
140,350.708,283.05,318.36400000000003,365.341,283.029,362.55699999999996,256.54400000000004,486.11800000000005,271.313,600.86,359.44199999999995,365.444,368.374,494.87699999999995,412.457,592.025,306.573,600.769,318.324,789.057,294.681,980.3789999999999,347.80800000000005,597.903,321.367,789.071,309.435,953.8439999999999,338.866,268.404,359.56800000000004,268.32099999999997,303.546,274.29,0.0,0.0
141,338.901,283.026,309.461,365.32199999999995,268.262,362.45300000000003,238.797,489.004,244.608,609.654,344.788,365.47,362.477,486.13,400.657,591.987,291.834,600.819,309.449,789.072,285.943,980.48,338.909,597.945,309.53,789.112,294.805,953.985,318.482,271.099,341.916,268.313,291.882,280.053,0.0,0.0
142,321.323,285.877,291.901,368.413,247.743,365.523,221.072,494.91,218.19299999999998,615.5830000000001,336.027,374.24699999999996,344.913,491.92699999999996,386.09,594.9630000000001,274.245,600.865,294.731,789.143,271.411,977.533,327.14099999999996,600.811,297.77099999999996,789.072,283.006,953.85,312.35,268.425,335.852,268.327,274.195,277.183,0.0,0.0
143,318.357,285.881,291.84,365.473,247.667,365.31199999999995,218.229,500.67699999999996,203.489,621.406,335.93199999999996,368.404,344.82,491.898,385.915,597.981,277.173,597.891,294.642,789.194,271.225,977.637,324.224,597.844,297.673,789.072,280.101,953.914,306.51,271.111,330.05800000000005,268.35400000000004,271.387,277.194,0.0,0.0
144,318.314,285.88599999999997,291.825,365.49300000000005,247.65,365.35400000000004,215.361,494.87199999999996,197.74400000000003,615.564,335.925,368.38300000000004,344.792,491.96,385.871,600.77,274.215,597.88,291.96299999999997,789.145,271.13,977.4639999999999,327.144,597.821,297.732,789.125,282.95099999999996,953.868,303.619,271.096,327.202,268.337,271.33,277.131,339.029,271.306
145,318.303,283.029,291.862,365.476,247.68400000000003,365.29,215.24900000000002,488.95300000000003,197.62099999999998,609.681,335.966,368.43300000000005,344.751,491.94599999999997,382.93199999999996,600.737,271.361,594.966,291.861,786.312,271.099,974.541,330.034,597.769,300.682,786.293,285.882,951.08,303.599,268.404,330.026,268.307,271.33799999999997,277.142,341.816,271.35400000000004
146,318.276,283.04,291.834,365.43800000000005,247.65599999999998,365.315,209.41299999999998,488.995,194.761,612.616,335.92199999999997,368.32,344.773,488.963,371.351,600.74,271.334,594.9730000000001,291.842,786.247,271.23400000000004,974.55,333.00699999999995,597.809,300.683,786.2610000000001,283.027,953.957,300.741,268.406,327.182,268.301,271.307,277.116,341.83099999999996,271.286
