time,Nosex,Nosey,Neckx,Necky,RSholderx,RSholdery,RElbowx,RElbowy,RWristx,RWristy,LSholderx,LSholdery,LElbowx,LElbowy,LWristx,LWristy,RHipx,RHipy,RKneex,RKneey,RAnklex,RAnkley,LHipx,LHipy,LKneex,LKneey,LAnklex,LAnkley,REyex,REyey,LEyex,LEyey,REarx,REary,LEarx,LEary
82,81.60169808284348,107.64898055680784,91.92892195203022,119.20287087523097,79.22298943902503,119.19249863142875,79.20432399615562,142.13358133793284,82.86341919975689,159.7488829418641,105.84826269208148,120.37361489031032,118.2640651268425,143.41717808352914,122.68418473004326,166.41842723969123,96.34124900744213,161.82312345598496,97.39142638749937,189.43583188480977,109.96743097768656,215.9503921296499,112.52331113513608,161.76161517730756,117.15516447233378,190.71094071949503,125.14977922756718,217.30384478507025,79.19966144016763,105.35420331088007,86.1396907606119,105.31897705398676,-0.5260293343650223,-1.1116139043510411,95.37188923341225,101.91768364387428
83,81.16385307892246,108.53188040535741,92.10014024084107,119.85921861144571,79.07362902322703,119.82334448952916,79.41686786466529,142.265232814305,83.06136760267083,159.56425107325833,105.8712617009938,120.83780121441127,117.93391001448752,143.72639655724868,121.54443111077495,166.95465115806158,95.8278036609219,162.77258209391846,96.26343041628006,189.66606681310347,108.49436962905892,216.10967331524822,112.15239717264205,162.2460176506544,117.04129390462941,191.5186002497592,125.20254161659028,218.05301390634065,78.58961939440229,105.67058595791913,85.5137966617815,105.58095990235927,0.9647564519464735,0.826269214864326,94.89790465604882,102.35741673774397
84,80.61784890631759,109.37955272787872,92.17243803406777,120.48988050846056,78.85854869045191,120.44389353999804,79.56261367776955,142.40259938754295,83.07417126394209,159.17332697264004,105.81021524126035,121.27848605064779,117.59726066434942,144.01363706589143,120.45369792160439,167.47475250956882,95.29170021737966,163.68934476435837,95.14767404987235,189.92201404489245,107.03539118556725,216.29865598340015,111.77078654597501,162.71115088480354,116.9169252934664,192.28713050841984,125.26144900495498,218.73587152441124,77.90546824244471,105.96778652580355,84.78939200570352,105.83400858170003,2.1245649297440017,2.3105758762857884,94.33787906086806,102.78551377892512
85,79.91857770261454,110.16194557552429,92.08517807426755,121.07845527231581,78.5505741862136,121.04650672491191,79.60590995487131,142.5489388202606,82.83768669361507,158.5400555949329,105.62808914208496,121.68110121377556,117.2547992752365,144.26381546556595,119.45142488272998,167.95518467600485,94.72039788130284,164.53593694015063,94.06694413712228,190.22253257013628,105.6024071645024,216.53203986371324,111.37121709589857,163.13164910784064,116.77602041095508,192.99069770685784,125.32308566930064,219.32158559245482,77.11147787235454,106.23176586796971,83.92185405227536,106.06979279692271,2.776273661705877,3.1096898360674436,93.64916923959731,103.19394721093401
86,79.03926611946855,110.85224826597172,91.79261213130117,121.61036594659103,78.12310078868057,121.62144402587617,79.5128056420756,142.70638939549366,82.29782635998225,157.63491613577764,105.29307980788,122.02973393154512,116.90258965783573,144.4635370751692,118.55556642869375,168.37635643715595,94.09989340742797,165.28795952619706,93.04779811266081,190.58769593883144,104.21115939438874,216.8167598898109,110.94018856335553,163.48940584837345,116.60522197190124,193.6057465258076,125.38169457293083,219.79192669172122,76.17930266700371,106.45289571716255,82.87996518239497,106.27947676591396,2.9484301965442627,3.2781325911835477,92.79990241382087,103.5715940031773
87,77.97093622237487,111.430314399142,91.26891091874913,122.07227925914377,77.55262136652802,122.1539178633439,79.25575376416533,142.87539917671256,81.41733615592938,156.44038877006003,104.78063068290425,122.31116333863301,116.5336435401258,144.60205642432587,117.76740939421511,168.72496800645686,93.41850189017018,165.93695011187086,92.11715743109981,191.03264038402122,102.88535089135613,217.1503347449474,110.45992001126334,163.777558807997,116.3864984773318,194.11499134146203,125.42870715911965,220.13747973938052,75.09196238673985,106.62673756104138,81.65192522160271,106.45577416846638,2.796976024360586,3.050010933539205,91.77429073258965,103.90660665742332
88,76.71885561519474,111.88780911347487,90.51149764516505,122.4562305089246,76.82209038224254,122.63003318163865,78.81933473447866,143.05577333244577,80.18315058095608,154.96055936692827,104.07603906172605,122.51873688745233,116.13909040007097,144.67312175774853,117.07932637931054,168.99615949611007,92.6715883429969,166.49014758646658,91.29414859811769,191.561531273046,101.65669265705976,217.52206687730495,109.914912404611,164.00164439800537,116.10164829451305,194.5109562140897,125.45239889477897,220.35576240066817,73.8476850867091,106.75569965961708,80.24785005189099,106.5952213068111,2.493476864762478,2.686379457063275,90.57589226802678,104.18953766308142
89,75.3014328519344,112.23034858655858,89.53966199641526,122.76316666411071,75.92466434313972,123.0435680836771,78.20284535117445,143.24866184376052,78.61308683158244,153.23286735174605,103.17729053190749,122.65402120346229,115.70944238355439,144.67826732633134,116.48118137611108,169.19352744942626,91.86462568932258,166.96505307611545,90.58513005968157,192.1632190055105,100.56016493824096,217.91546312770998,109.29892602316025,164.17631108524213,115.73560583783193,194.7970121710419,125.43770252897632,220.45457876524765,72.46316978389092,106.84943052785256,78.69880254347413,106.69906790900491,2.1889895235652324,2.425814300607608,89.22831077917006,104.41566684718914
90,73.74872612517068,112.47561622943051,88.38731009712393,123.00171268024808,74.86638890486925,123.39667477618627,77.41771324783355,143.45732304926747,76.76141189241308,151.34186605566802,102.09609281372529,122.72578420186439,115.23651339840298,144.62786705938004,115.96441570659536,169.3276056609101,91.01017614394385,167.38144398958437,89.98499625401784,192.81328020823673,99.62423023841542,218.3114405887541,108.61535263913906,164.31975699987552,115.2770568691459,194.98599060498483,125.3661607346233,220.45415151015382,70.9708844617431,106.92280005182809,77.05053853876002,106.77327564404463,2.015780199460211,2.4862548618221485,87.76955300052835,104.58663221577127
91,72.10098261161875,112.65017526219148,87.09558681989418,123.18532096028048,73.66746687465107,123.69730706651832,76.48504611228012,143.68624257828776,74.72459262229975,149.43519005844502,100.85818352854648,122.74839589056218,114.71498871046938,144.53887602028726,115.52282898643762,169.4132788318078,90.12092298364867,167.7539601816682,89.48091735885063,193.4808670565274,98.86218558568437,218.69084424850885,107.87209698603309,164.4480070460936,114.7180527681657,195.0974681393888,125.21607911790673,220.3836147274294,69.41092652715535,106.99353149551109,75.35606362954167,106.82870503100851,2.0891210551591497,3.0661464326820864,86.24362309900975,104.71087740638238
92,70.41036111191364,112.7848705290692,85.7111016093218,123.33094130716151,72.3620198808487,123.95662922256054,75.43754107576981,143.93965721507593,72.64835851633461,147.7400055365074,99.50436836373609,122.74170203955909,114.14373615984196,144.43292710186986,115.15117286003364,169.46553367723902,89.20632923050556,168.08887588592256,89.05688499315326,194.13470648044614,98.27094801222498,219.03535317471966,107.07750935935884,164.57214651920543,114.05479977942774,195.15629105635634,124.96310764568304,220.27711980362108,67.82693838123298,107.08048923984144,73.67375124704385,106.87989758000356,2.508161339096732,4.343236754109088,84.69878148334556,104.8023133309638
93,68.73957137372446,112.90802566406056,84.2862386916232,123.45707046584812,70.9929117244209,124.18677198018156,74.32091050496624,144.2198521028803,70.73431924694181,146.57925076157633,98.08667285478388,122.72969733805002,113.52643244915745,144.3357755169555,114.84363851499752,169.4966857923382,88.27285051103507,168.38820879728098,88.69753491736046,194.7490230509863,97.8351392492403,219.32907990806532,106.2388909918382,164.70218841196078,113.28912900100929,195.19162020879656,124.58148672183154,220.17098834492,66.26733148720284,107.2014224536414,72.0652036944981,106.94185298750216,3.355000922353233,6.469535263665596,83.18953830265019,104.87717780768423
94,67.15371526475953,113.03891913561444,82.87526386154698,123.57997593348875,69.60246053214725,124.39877238333125,73.18645803165536,144.52462209345728,69.20682722577233,146.3095988020595,96.65774990741396,122.73626588941144,112.87040126627583,144.2752967430588,114.59274113220603,169.51759288984422,87.3243129885051,168.65632952684112,88.38820725331225,195.30896580061153,97.53164812775188,219.56041286492447,105.36237109587796,164.852645279078,112.43011758448978,195.2336572199673,124.04608022191034,220.09897414236258,64.78446715808064,107.37053507499334,70.58699143037295,107.02739006742837,4.691222414862438,9.561114277669905,81.77237893282616,104.9501397253554
95,65.71304145732456,113.18516607913789,81.52753497206717,123.71058244505367,68.22733899239635,124.60076783231806,72.07650398271443,144.84512289240755,68.20259686754672,147.1016799987991,95.26348009925508,122.78095226012151,112.18570656803395,144.27729074487658,114.38930972353431,169.53896098642494,86.36397797452364,168.9009705339154,88.11294826322704,195.8102943577492,97.33302732161135,219.72147612485625,104.4542220739163,165.04103646906498,111.49641219263705,195.30947777161313,123.33533440475021,220.09023658793325,63.42935475918758,107.59689279931999,69.28401092216428,107.14611985724792,6.551276110790058,13.681644788155172,80.49645472658565,105.03159303092447
96,64.46838973378557,113.34546651923955,80.28230161604536,123.8535157197773,66.89956441024924,124.79649279392389,71.01538123891838,145.16797985137765,67.68947330872244,148.79112334827585,93.94380009777176,122.87564952128375,111.48615033750858,144.36210487101857,114.22327277669024,169.57056703218183,85.39829202548432,169.12909148960904,87.85421119621668,196.2529885694181,97.20987579537714,219.80746033567172,103.52363852893822,165.27971736426025,110.51716693896844,195.43826175023926,122.43537398687184,220.17246631735873,62.244239125317314,107.88314627805987,68.18899830722741,107.30389280550155,8.932278520503782,18.818854039890812,79.39688129442524,105.12700778657819
97,63.45562059520126,113.51494818409572,79.16678180116325,124.00820494247988,65.64905582030836,124.98447521902472,70.01232615822909,145.48053728837988,67.52675516950693,151.02682971422777,92.73598747008148,123.02206002757647,110.78951222588553,144.54350009588995,114.08371500930622,169.62050794769124,84.44016895609398,169.34403441093065,87.59386225687585,196.6358893651027,97.13247373277576,219.8181012038643,102.58680031264602,165.5695771245755,109.52930592360646,195.62572613895148,121.34486609014395,220.37180007319483,61.25694385532977,108.2244806271525,67.3240490733875,107.50255263791792,11.780003269774861,24.85351369808618,78.49340224731459,105.23833635953159
98,62.69235441438705,113.6888104476416,78.19823411748966,124.17100719569386,64.50536369788976,125.15885678926006,69.06952266427908,145.77335691625393,67.57077683874935,153.4851294627574,91.67520359217741,123.21304424666374,110.11634670714935,144.82850068917259,113.9592141556874,169.69549907106096,83.51016933153255,169.5471646132333,87.31302437545233,196.95772674742346,97.07184614995735,219.75921918133577,101.66942106057134,165.9036467428391,108.5718139034233,195.86470432336313,120.07912389872223,220.70499416615004,60.47985440453352,108.60922947231845,66.7006211388795,107.7408926098689,14.971138896319227,31.52116798572038,77.79301401411719,105.36647756043764
99,62.17840608158134,113.86427072089957,77.38828088283657,124.33684736968445,63.49616574547159,125.31234105201493,68.18856274458614,146.04061948586272,67.71599866156672,155.93039919732942,90.79093962893452,123.43789719707847,109.48981338012602,145.21815666252928,113.8399798463795,169.80219566316694,82.63284731819724,169.74116407834606,86.99083857737033,197.22074657549234,97.00046511396266,219.64374510878667,100.80344751884317,166.27681616408424,107.67891442644125,196.14349418679444,118.6728661108414,221.17134514099496,59.911759914525895,109.02220788414434,66.31518936459156,108.01631330869812,18.292289134562154,38.36764469724907,77.29327758335187,105.51261008112868
100,61.896151670558325,114.041383420818,76.74571416791753,124.5008352949433,62.642822866602735,125.44081726947157,67.37521419492391,146.283374554707,67.89400407445741,158.20708869342764,90.10185784966734,123.68688120113488,108.93474815900727,145.7086529876426,113.72029541309504,169.94837434788812,81.82969759069368,169.93063183713787,86.60385000452084,197.43155128410282,96.89283966897295,219.4937560982423,100.0193415740607,166.6897983766239,106.87521484391971,196.45224745358942,117.18148092560517,221.75134600999388,59.539251267992,109.44824199996111,66.14372047443639,108.3246122452117,21.441393527056835,44.75232827149003,76.9842437075751,105.67780587843063
101,61.812452060585855,114.2206573042083,76.27559795789573,124.6602851427476,61.95657064984276,125.54708113230751,66.64096334426723,146.51131903169886,68.06397133519755,160.22887886098988,89.61320075316637,123.95239288834658,108.47312662843852,146.29053749546668,113.59938350359708,170.14272802018905,81.11487305008336,170.11950863622602,86.12681249103072,197.59960788530495,96.72560003105157,219.34177948821647,99.33960627796196,167.14357179784446,106.17425278543138,196.7830701006518,115.67677024774821,222.41091494144842,59.33777876711951,109.87175858243836,66.1447173990441,108.65679783670852,24.102525929578686,50.00677696674762,76.84899139257143,105.86201889258437
102,61.885861885993,114.40072128904491,75.9750310765339,124.81556323177401,61.43625932726702,125.64044611959791,65.99765708783615,146.73548370608407,68.20102879994437,161.95540084702424,89.31713339211218,124.22775772164614,108.11843371861359,146.94555831348652,113.48024398888063,170.39366108603042,80.49461879930243,170.30851186194295,85.5356728017981,197.73554941004073,96.47618078814698,219.22798026565926,98.77548285094204,167.63134373739385,105.5785535807898,197.1282388673564,114.2350894706734,223.10747635859647,59.274660279556734,110.27633656317889,66.27099607562889,108.99836682931402,26.071404196801534,53.70272244760872,76.86225557714239,106.06350572070431
103,62.07439944404354,114.58140375846571,75.82862859469728,124.96932857474575,61.0670528351462,125.7327054643953,65.44842184628622,146.95719879703174,68.2867360813056,163.36798365569237,89.19427435700102,124.50584085903813,107.87257764190849,147.64397247840023,113.3663340173788,170.70763458202345,79.96668796258437,170.49471732401452,84.81124545680558,197.84987142331255,96.1209070872301,219.19464524687152,98.32608988039705,168.1361991839762,105.08153825394537,197.47992454994977,112.92336160917691,223.79763707518163,59.31299880984763,110.65187986915085,66.47853554295212,109.33821164649197,27.310116855791613,55.77387602999469,76.98942529848772,106.27972140797142
104,62.3361646186804,114.76785756714384,75.80595579313648,125.12532702569736,60.82067338827267,125.83412735169307,64.98175890295782,147.16469728270673,68.3031734569179,164.45669077096454,89.2154098415872,124.77919707313627,107.72637973945763,148.3478504312811,113.25653424516716,171.08776157286064,79.5196937720207,170.6728158069097,83.9415642673277,197.95249766791505,95.63482038220091,219.2830590576708,97.97991818779168,168.6345190014501,104.67186969074656,197.83153127183266,111.78855580028875,224.44674191037493,59.41287447875321,111.00193177211735,66.72567907536832,109.67911798760255,27.88304316899607,56.385803101758164,77.18823558435973,106.5091367007041
105,62.62432627431159,114.96866714477878,75.86168932973737,125.28729166180086,60.6582678710959,125.95267654295748,64.57201221898215,147.34120474156094,68.23022927302797,165.21888907164967,89.34252266515702,125.04120429672754,107.66254380506265,149.02157034353925,113.14165596465905,171.53373814620994,79.13447887163301,170.83866468604754,82.92574420125239,198.0546938374195,94.99388196794067,219.53409868501632,97.71766162197656,169.10255455082873,104.33609352803519,198.1801380338528,110.85338009999033,225.03511308683406,59.5306373467876,111.33874258443079,66.9674012001721,110.03421716113314,27.873248046138706,55.76046566190265,77.40963128815102,106.75177262842521
106,62.8827333252599,115.19116827206413,75.93977150154794,125.45786359742725,60.534999855194776,126.09586600036337,64.184091723672,147.47595065428538,68.04450532339793,165.66347531092546,89.52936938750946,125.28609767161394,107.6579109623638,149.6406208231581,113.00633831800373,172.04289553920637,78.78701211237174,170.99405230166303,81.78000281335274,198.17316502645352,94.17863959395909,219.98797125235515,97.51486343840675,169.52411719075243,104.05752513031896,198.52942306535166,110.11880379316422,225.5574508872474,59.619344719445586,111.67360773374062,67.15148435512134,110.41579514186697,27.328529884895662,54.063341505251906,77.59758057434144,107.00793477996392
107,63.04564038487691,115.44041232917611,75.9802076247722,125.63798260278301,60.40357643316088,126.27193936780414,63.776149500018256,147.56460229647965,67.71835526207379,165.80995639020855,89.7229074883915,125.50810322030605,107.68299076602507,150.19148482580584,112.83318582975546,172.61117987080547,78.45080376461885,171.1476905924947,80.53935822383026,198.33183513196087,93.17852775461897,220.67845860691537,97.3439241959507,169.8930787816695,103.81570826112905,198.89029454714682,109.57052827788542,226.0188960503699,59.630221582267765,112.01536342222235,67.21962899969861,110.83253252848849,26.215211758773943,51.302772887664716,77.69301962756307,107.27686334599277
108,63.04463498913374,115.71959996519927,75.92517469321511,125.82777667291967,60.21651845106612,126.48928306293084,63.300493935228495,147.60236412088966,67.21977387614224,165.68182001134898,89.86587706467046,125.70187025618462,107.70108123344687,150.66706790578647,112.60276145651984,173.23308567735253,78.09797195939794,171.31185487722098,79.25048946608467,198.5580598139202,91.99590081124022,221.62292733715162,97.17563343488965,170.20976034007612,103.58915009638703,199.27818806471495,109.18617473416937,226.43108604780616,59.51501734882305,112.37211903566705,67.11388728769413,111.29033662892186,24.459992171157577,47.39452965179491,77.6407848563703,107.55639840386716
109,62.82057805602479,116.02765145974398,75.7237983022989,126.02789288373023,59.92902119087936,126.75456912540754,62.70951548688592,147.58225166376207,66.51444416932657,165.30591303013222,89.90096207295798,125.86412806467654,107.67038183176437,151.06420424672007,112.29171209983987,173.89958618715124,77.70022132007226,171.4990172678096,77.96140779086572,198.87650303333137,90.6503386630416,222.81264711009663,96.98048486435788,170.47770982209317,103.35878607862782,199.7097358179756,108.94057699840157,226.80813424770062,59.22953424691198,112.74647138185271,66.78503154436272,111.78596196713895,22.07351582180377,42.39021925537786,77.39411191230107,107.84205631405054
110,62.33241439847996,116.35710644333925,75.33598476761901,126.23866362284488,59.50162579701319,127.06957637734946,61.963724455251985,147.49699835924216,65.56963902059204,164.7165283319068,89.77748359460436,125.99441085653044,107.54937987160946,151.38331559292052,111.87619040408877,174.59459814878946,77.23049015354972,171.71999793128643,76.71572970778782,199.30471311379384,89.18204394349904,224.20821845796058,96.73004477840223,170.70241309220302,103.10863164159042,200.1987070938622,108.80716325629272,227.1618394512783,58.736914260677416,113.12959496218284,66.19786732694459,112.30037129372015,19.1904426373296,36.55893283996018,76.91644300334987,108.1250117265817
111,61.560583657881324,116.69728624120897,74.73462942835481,126.45815463000032,58.90141151721347,127.4287582893688,61.03472635889357,147.34137796848705,64.35968490008206,163.9564634445603,89.45778041925415,126.09437167667602,107.30314013343954,151.62764264408722,111.3407274856989,175.29271621032046,76.66443428337055,171.98298703697108,75.5485860498432,199.85012498671495,87.6482999953073,225.74527702525108,96.3985529745637,170.89029423859958,102.82164262368514,200.75059079889388,108.75668746946985,227.49819411639285,58.01041675359844,113.50502525934492,65.33336120778274,112.80428277863452,16.02791012458938,30.321946495306136,76.18344485811932,108.3927020222118
112,60.507507362051946,117.04007560028232,73.90757385263238,126.68222347890108,58.10365566985583,127.82069357958622,59.90664636768452,147.11985356225873,62.87377997580379,163.08182175598466,88.91991499262556,126.16681867749173,106.9080885314217,151.8020783096084,110.68462657855194,175.96106761485612,75.9823715348768,172.293943196619,74.4801475840273,200.50741039932282,86.11435412600284,227.34595502008784,95.96435835666311,171.04857912504548,102.47468868192239,201.35840869206427,108.75620645057823,227.81794013572528,57.03707295066975,113.85836772702363,64.19152693640802,113.27168113216267,12.848470267688452,24.192524936586967,75.18612688614795,108.63316377353564
113,59.19475859387944,117.38286653610824,72.86003766306084,126.90714790766616,57.09533302766948,128.2329310937035,58.580466166165245,146.8579972566935,61.12732686728827,162.176128278441,88.15806543253181,126.215557380658,106.35336433632831,151.91359669207233,109.91738122822157,176.56709084069928,75.17234670157059,172.6583244778774,73.51297624308597,201.25833613432346,84.64682093466757,228.92769903192473,95.41032245778918,171.1859997112726,102.03977711451684,202.00235626857366,108.7690497881566,228.1189951210753,55.82142355123916,114.18215859836067,62.79403205502729,113.68745607082774,9.901320426090832,18.664441322984114,73.93369563587802,108.8395319425053
114,57.65741597788348,117.72816414293982,71.6138353218898,127.13326811474852,55.87844725192206,128.65658698018473,57.077053246832115,146.61059094559437,59.17189532484629,161.36197260688084,87.1812502583029,126.24652383275169,105.63892721016204,151.97313754857024,109.04801442527726,177.08872845952848,74.2319301785655,173.08196181783785,72.63732477474166,202.0766837172588,83.3069770022847,230.41424287381028,94.72393722235154,171.31370965205699,101.49059023811802,202.65603918050527,108.75548552130485,228.39684139102368,54.38629742493541,114.47487241331494,61.180163933188325,114.04669451252983,7.3647860791342366,14.099219438023527,72.45448261799103,109.01263817857348
115,55.940812070233996,118.08103391407887,70.20221798860402,127.36645301281831,54.47163712779271,129.08806522916277,55.436726776316725,146.46395226924733,57.09622498246085,160.79926842923416,86.01044163499232,126.26852877852963,104.77327380271342,151.99676148565155,108.08335241910692,177.51809365153662,73.16732950771804,173.56835038880521,71.83949704596198,202.93450731231246,82.14043489863622,231.74837886981103,93.89940798472436,171.44525887799034,100.80908585395248,203.29625442290987,108.67489296575947,228.64449735787343,52.77110041443558,114.73846272996201,59.398816437625285,114.35161987680728,5.341015011975065,10.714072977703045,70.79487015433487,109.16218262809238
116,54.102094128729085,118.44651015514017,68.66505190584604,127.61581174490594,52.91006343843093,129.52797948225162,53.714664093729354,146.51845536605998,55.013031416769806,160.6544685167784,84.67775136507134,126.29247379531542,103.77237451695157,152.00500167769445,107.03347061100044,177.85812826035814,71.99245987684255,174.11388777134385,71.1079383524704,203.80465404279354,81.17037794338117,232.89519797575036,92.94175033846552,171.5945265774348,99.99017742061866,203.9083789608357,108.4897419867968,228.8575498311532,51.03000493279185,114.97663368124968,57.505380679125494,114.60888728788291,3.8747112239844244,8.615496838461471,69.01670395341876,109.30698252672454
117,52.2109068996519,118.83012492540355,67.04790088467826,127.89030287617217,51.24290196733524,129.9773623984357,51.96914788142451,146.8388029856651,53.02871267934433,161.02870770075157,83.22850637900864,126.33112786009889,102.66015293064082,152.0204338807283,105.91183440406839,178.12036777612926,70.72891311708261,174.70585374382134,70.43496924736412,204.6625169290397,80.39875474589599,233.83825847024417,91.87027898328522,171.77316280474614,99.041999399982,204.48749682513045,108.17009646445875,229.04477176859987,49.229197103914004,115.19492049414922,55.56360464493714,114.82729265424499,2.9682204238345924,7.824380971139745,67.19284620193152,109.47211634986841
118,50.34562982031774,119.23886346145983,65.40310431610199,128.19683242148145,49.52922660502123,130.4338498977103,50.258556312476586,147.42308985847447,51.22778136927228,161.9188626502365,81.72065310587702,126.39939055925568,101.46929418241389,152.06441299796046,104.73277953807109,178.3244241579223,69.40504580921413,175.32429376720427,69.81530617320303,205.48987354849766,79.81246059005561,234.57703050684276,90.71821531141843,171.98950710670218,97.98183628850056,205.03807893084564,107.69678231185081,229.2356422344808,47.44288021604684,115.40147525552791,53.647044896372876,115.01583383946272,2.5925733066716288,8.291749459779403,65.40083070513276,109.68178663673437
119,48.58517258805774,119.67714499166983,63.787655016797416,128.5397535004714,47.83294133934737,130.892113989644,48.647798074420336,148.23032677259658,49.68210563051894,163.2614921599786,80.21755965647165,126.51279748736398,100.23859918638874,152.1548407119249,103.51273997579396,178.4943632992801,68.05450901753927,175.94795147470555,69.24467838412765,206.2771481851242,79.3896941514013,235.1241370823236,89.52605613099162,172.25047386354169,96.83191145910058,205.5706601896273,107.0617792885077,229.47499702071494,45.74652158819279,115.60533952593205,51.83378391832613,115.18199097209252,2.694427314034818,9.90490805349085,63.714071477747986,109.95260003996127
120,46.99782346256165,120.13993629926745,62.256360312217666,128.92011811041766,46.215285806890094,131.34475728554028,47.18685682973013,149.20600664328458,48.42449988751244,164.96013622189352,78.77864961866807,126.68527905425064,99.00723983008677,152.30528649210834,102.27304164307267,178.65235692235387,66.71563590840458,176.56379689190715,68.72017244042048,207.02257889954635,79.10395586008424,235.5008107105912,88.33226047605767,172.5669425547557,95.61752392676001,206.09712835567848,106.26700003041024,229.80841946422333,44.20573949030373,115.81220728059047,50.195591336946116,115.33019376260147,3.199099068338089,12.484346134234288,62.19283512324472,110.28979835366502
121,45.635757945118606,120.60946106391684,60.855821505846095,129.3347146223444,44.72838697566621,131.7815375666233,45.88322509093124,150.27942085295902,47.414030344290545,166.87342606372778,77.454837929535,126.9277109704586,97.81041669970026,152.52478107059045,101.04089709493006,178.81471865948558,65.43104609482909,177.1726623936743,68.24120055336225,207.7300456751288,78.92735095872054,235.73275182642232,87.16854178201567,172.95718326975975,94.3684392366872,206.62831657933341,105.3247233314064,230.2710312299791,42.867784229212916,116.0213645461424,48.7917739286197,115.461023974986,4.010078117752027,15.772254217657295,60.880959716587896,110.68521119141583
122,44.53584772153818,121.05828056160135,59.623233833260414,129.77705888276418,43.41320782903266,132.19188369498133,44.72107037650183,151.3755338545863,46.57231516752682,168.84675613462673,76.28878349180086,127.2465863879317,96.67715111432949,152.81870991674154,99.84514197277251,178.9934113413629,64.24349164036114,177.78512437003275,67.80847987879233,208.40566966990013,78.8333247637691,235.84730066765545,86.05999221642685,173.44171965932026,93.12127956247073,207.1743175489758,104.25966515573947,230.88098530585344,41.76147856130472,116.22584242290218,47.666135752404855,115.57225045363407,5.0055867424891805,19.4140533043242,59.80779138691529,111.11959172745011
123,43.71832789671698,121.45724049263369,58.58804429384712,130.23866677593702,42.298700905091025,132.56756860372252,43.69495639041508,152.43426838891173,45.83979401795169,170.75870421964066,75.31532752818879,127.64219191723024,95.62988079138823,153.1897262061457,98.70926207491168,179.19914416608816,63.1880755046007,178.41143822609453,67.42111602068701,209.053661316506,78.79697217748442,235.87162981632642,85.0260797176304,174.03223904629903,91.91900361498615,207.7458219668567,103.11046901722416,231.63206945253907,40.90099647454013,116.41468642387892,46.841151809021525,115.66122251423106,6.0329262253816225,22.934948904746133,58.9896170535102,111.56891860766974
124,43.18577062823807,121.78353794115242,57.77294061733448,130.70739946542514,41.401315702210724,132.90074263798104,42.81419759726473,153.41112299064721,45.190306801577435,172.52616492537427,74.55925763127303,128.1067923863921,94.68676786787697,153.6360044583954,97.6506599183961,179.44102232481336,62.28754205708415,179.0520028957396,67.0750211128251,209.67343977903053,78.79422306457512,235.8317925256102,84.0818442033837,174.723040736757,90.80665158492194,208.3532317075571,101.92883629652044,232.4907837807322,40.28806151755747,116.57632898519383,46.31602768376972,115.7269236881233,6.916467744557398,25.76883676416057,58.42948272638506,112.00882279733815
125,42.92657891828963,122.02528671413637,57.1912922369495,131.16624864059693,40.72572237056911,133.18227242451445,42.09154530675436,154.26992019006676,44.62464830707507,174.09183179008585,74.03121419930075,128.62439491698677,93.86456091130722,154.1478955066573,96.68530383445653,179.7248814405605,61.55210630959189,179.6942807713226,66.76263951617153,210.25854887725174,78.80164133455868,235.75247601489173,83.23962508659899,175.49032387484166,89.82404851308203,209.00240576356137,100.77276921082172,233.4060308567929,39.91355251308726,116.70314489909796,46.07289948085204,115.77203394482594,7.510757639299761,27.452152767131125,58.11746326097881,112.41722082916137
126,42.91865826576066,122.18332317530552,56.84302168042173,131.59695227474802,40.266065606630946,133.40474512954654,41.53519747915108,154.98211766353188,44.15975516416554,175.41919625699262,73.72523234660973,129.17268383841017,93.17972049758203,154.70627238769782,95.83061422148923,180.05472215415605,60.98090482554139,180.31724018388414,66.47125716303889,210.7958172290949,78.79646563172035,235.65722660194726,82.51225659236027,176.2972669810137,88.99890461713633,209.69062517955825,99.69573679408093,234.32563266547913,39.7594916077144,116.79566977067351,46.08469311561231,115.80504220909202,7.770533757912934,27.87706186899148,58.03228132109123,112.77754043373712
127,43.12995315165911,122.27147539092277,56.714169941793884,131.9857835878974,40.00881225240637,133.5674237459248,41.14668912633345,155.53239277918073,43.81618855156974,176.49230054113406,73.62056506583585,129.7262202597404,92.64703201230301,155.285320950486,95.10554025418637,180.436074277158,60.56482557984267,180.8974483577162,66.18048299067296,211.26537738878932,78.75655888095082,235.5689404317599,81.9160612983518,177.1013392491762,88.34437028519415,210.4054266242022,98.73894403182275,235.20758888011827,39.79820491974116,116.86435230330152,46.3170853781435,115.84039773285564,7.747438613979363,27.279157825046855,58.14374715508163,113.08058190490651
128,43.51751672360886,122.31531417897054,56.78068807647339,132.32679144836783,39.93669188253035,133.67832003475095,40.92180621448414,155.92313037471146,43.61079762249616,177.31500359539123,73.68786845831916,130.26162916127817,92.27662935007164,155.8625290224741,94.52829387762928,180.87785066712587,60.28962232755189,181.41480930831003,65.86391289104373,211.64646052702986,78.66044051382538,235.51047863264014,81.4681700312307,177.8646080143391,87.86024672312818,211.12649908059436,97.92792080100335,236.02426877493951,39.99091053248242,116.92880904414062,46.725802382101534,115.89716574055834,7.51224993132255,25.96056113462087,58.41569221255024,113.32505065658908
129,44.0270683300747,122.3492912518372,57.01166920015816,132.62157533809088,40.02902506605277,133.7523280994641,40.85074736293954,156.17516590702638,43.5549355776941,177.90877946427747,73.89658185054253,130.76384715320032,92.07256461973006,156.43013115949438,94.11206252875805,181.3910447005281,60.13684624429991,181.85807671382827,65.4962397490411,211.92794652344688,78.48761017756406,235.50525084741972,81.1791076932837,178.56299340964333,87.5355755881857,211.83021178123008,97.27205037984658,236.7640683913089,40.290822839306486,117.01507848456744,47.25553993345846,115.9976451595041,7.093579162517423,24.075051100360184,58.808564362877455,113.51842953222217
130,44.593483229005564,122.41043934743223,57.36842773185244,132.87723474577683,40.257025852432406,133.8081163893503,40.91656894351018,156.3268892153019,43.65321958858396,178.30858111654024,74.21828831124651,131.22865596733587,92.03181044032908,156.99575158329952,93.86066139593764,181.98433108400715,60.08327517679804,182.22645052257147,65.05954692539575,212.11410540672992,78.2193640809504,235.57755117141076,81.04751734708064,179.18718950191624,87.3516693739532,212.4946288807972,96.76742659591903,237.43016637374845,40.64787288485097,117.15074642804647,47.84197849479152,116.16472644120954,6.481720569026127,21.636867773779304,59.280288240443255,113.67669079941882
131,45.14479140073443,122.52672558312172,57.803989435401625,133.1040168678859,40.58120337397099,133.86483221816252,41.094163240247134,156.42891337144363,43.90065101852298,178.55664280068146,74.624713858706,131.65993331236683,92.14152341980494,157.5722269831427,93.76566302651423,182.6591922179381,60.10208933327095,182.52841201110485,64.54569992224567,212.22297448836557,77.83967089466321,235.75243109625308,81.05964505914203,179.73809110696445,87.28466957463999,213.10298470779514,96.4013026236106,238.03384478673948,41.012645834090534,117.35828811212056,48.41778698566664,116.41723071888106,5.684685934760225,18.69686816110602,59.78621236436143,113.82069664592002
132,45.61065082010587,122.70731968063781,58.26808987300525,133.31266884827374,40.955327937979284,133.93848956379597,41.35153934401423,156.5340911694956,44.27977021697951,178.69662032905708,75.08326969591168,132.0633709400028,92.37562792947003,158.16629588452122,93.80557261176496,183.40654877094167,60.165982437159144,182.7810605726438,63.95809230921735,212.28274802335477,77.33567081577318,236.0549470809451,81.19141300373221,180.22320066600454,87.30716579738643,213.64523762383516,96.1559288655062,238.58562568679426,41.340413253984494,117.64965235650729,48.921418094817774,116.76525976445102,4.768014492533515,15.468710806909128,60.27902068229417,113.969641134299
133,45.93035081116478,122.94485238882693,58.71268741384667,133.51105843642316,41.33182733241395,134.03944047563772,41.65249342631557,156.68901378278775,44.75894664836047,178.7709641841768,75.55302676890898,132.43943095855434,92.69244756919157,158.77047167682656,93.94768705463098,184.20431372614752,60.24924686564318,183.00775348452737,63.31384782344521,212.32872764463374,76.69896223453362,236.50816854412733,81.4104901651455,180.65401962461408,87.38948907634757,214.11836192822082,96.01134748109735,239.0911665227066,41.592952151916414,118.02567446680627,49.30167290226314,117.2082344356539,3.8253051970267955,12.242211844198733,60.708388885025755,114.13507368198594
134,46.05706122536366,123.22427920563771,59.09307185650325,133.701636534299,41.66459181477353,134.17181055447102,41.95913716606808,156.92769603702388,45.29344728876406,178.81963239264547,75.98516002067088,132.78139614373904,93.03794947096746,159.36237828130268,94.15278152282677,185.0187783164237,60.32792268820827,183.23180547360656,62.64060182079902,212.39792285761024,75.92831044687973,237.12874596216048,81.67807990784942,181.0423033982898,87.50186898794334,214.52550845495705,95.94730087652445,239.55298396049255,41.73740810276545,118.47809036409465,49.51688989921868,117.73499886569229,2.9319308506018884,9.244586646150966,61.02234338140295,114.31916946025564
135,45.95990251358961,123.52764205143782,59.367539765335735,133.88169307192308,41.91062658689438,134.33479575292282,42.23347610049089,157.265462222355,45.83167742378486,178.87616016425847,76.32925610499323,133.07958088474894,93.35436126542015,159.9142318208456,94.3790792405565,185.81221840562077,60.37929079941699,183.46879368879803,61.965621712848744,212.5199709469781,75.0328257588551,237.92079533068352,81.9512314795065,181.3956966779568,87.61710268685678,214.8730290921785,95.94438396704925,239.97151817046463,41.74462925421243,118.98936876419333,49.533941249165395,118.32325452334008,2.1342454735155534,6.609913587959586,61.17179706862821,114.51614438923143
136,45.62421234742877,123.83531003594547,59.4985158830918,134.04574750822732,42.03202128289508,134.52480606422873,42.437931051033864,157.69545886349607,46.321617845595966,178.962398328773,76.53993898430356,133.32534062944865,93.58800863398741,160.40291754151,94.58362951485739,186.54988041407393,60.38149314688572,183.7242651779338,61.307278256468344,212.71167414199348,74.03506769212258,238.871654059097,82.18592128582266,181.7159052818141,87.71187656273955,215.1674659869813,95.9845892659354,240.34331932873818,41.58824281610125,119.53100659284551,49.32788783439919,118.93892997204364,1.4561433288904662,4.401223044377569,61.11646281076135,114.71411769534285
137,45.04860986707698,124.1275760874716,59.45435928757185,134.18803284688406,41.99803148167645,134.7364835219399,42.53612696428032,158.19148999208625,46.70972310726028,179.08643807737198,76.5798975480311,133.51277166244535,93.69514798695212,160.8134251054747,94.72455182768101,187.20283798698966,60.31336081952024,183.99833649732633,60.67350680111005,212.97764821570215,72.9717882558024,239.95234994323982,82.34062169074222,182.00094798216298,87.76648800167875,215.41613726384364,96.05142735585675,240.66228189053462,41.24467580896742,120.06522092942845,48.88094026853955,119.53889880010945,0.9049813457773063,2.6301184305614016,60.82921968376187,114.89854399426653
138,44.24057244772943,124.38677306314283,59.21061667720387,134.3035962214668,41.785924516316584,134.96208917321093,42.49468691724235,158.7177868513966,46.93909286332013,179.24571988549593,76.42070830224559,133.64021202453495,93.64464477981421,161.1390884269363,94.76442452811241,187.75182090798722,60.154497012486765,184.28911829330013,60.06174294414774,213.3110295037044,71.88996219270997,241.12194413865686,82.37900081128366,182.24765869222725,87.76418691845683,215.62910921567934,96.12975382575604,240.92447654651738,40.69438844963067,120.55183209333629,48.18245256969631,120.07841724582036,0.4766625198666214,1.2733802552909255,60.297121439744245,115.05729104390934
139,43.213734823538545,124.59949355089242,58.75096922479435,134.38847086947004,41.379719643983265,135.19123836170175,42.28585771431116,159.23996946670604,46.95810446220059,179.43315192161955,76.04329946191628,133.71100721787175,93.41624351367342,161.38134410206493,94.67199926862865,188.19158812896535,59.885863197428485,184.59014315223047,59.46030953416494,213.69529816535635,70.8399946862006,242.33264499249114,82.27155457585496,182.4501020319889,87.69079993128759,215.8177753764737,96.20536905653042,241.13115436335633,39.92398334658786,120.95631641697183,47.231121210393646,120.52030637473892,0.15980568192609124,0.286403151297843,59.51984873026217,115.18369297401536
140,41.986300496266885,124.75903674850373,58.06855201456681,134.4409762018696,40.76858340772328,135.4135879927316,41.891782399189786,159.73100179863542,46.733405993258394,179.64248196399558,75.43928361129545,133.73309997837885,92.99996478816608,161.54952737823587,94.42309791963613,188.5316693567724,59.49111254927376,184.88716702524906,58.85353816381884,214.11049939226393,69.86794110355346,243.5364323935489,81.99705242887381,182.59716565274485,87.53428758877018,215.9911134018159,96.26447217103139,241.2888937050607,38.92819164100012,121.2560017105356,46.03684394929796,120.84230958802827,-0.06098319988383973,-0.38640974284838897,58.50730530085463,115.27659804226593
141,40.57948275326489,124.86766171200831,57.16724076037681,134.46424021758295,39.94765128160475,135.6235348571351,41.30834212531561,160.17285438346494,46.25575453488671,179.87185557386465,74.61323514838536,133.71855246822525,92.39889774567342,161.6601434887552,94.00302064103616,188.792504720728,58.958749230127594,185.16299483847678,58.22753894637798,214.53960466249023,69.00802143359776,244.69405457592242,81.54455122225974,182.67752069645974,87.28378966751326,216.15431633376573,96.29307333517009,241.40749754726053,37.712296013300445,121.44460036165582,44.62019448374323,121.04181377944013,-0.2026647279528565,-0.8039980141285847,57.27793528233507,115.33957522078268
142,39.01913818349697,124.93761208229138,56.06347918681674,134.46788358967655,38.92140244523746,135.8222720371572,40.545456877285325,160.55663563387947,45.539534382252825,180.12555372741542,73.58494969507201,133.68340495831683,91.63017566825214,161.73445569713235,93.40956339546422,188.99846428298312,58.285167033972584,185.4088201236369,57.57389839266444,214.97079086575596,68.27945339998297,245.77966711313329,80.91664311834893,182.69099460709998,86.92925625377119,216.3101710250503,96.27649910139601,241.49716730416645,36.296673476628676,121.53428604733219,43.0116401838321,121.13715936052232,-0.28203798179451206,-1.0233505898923734,55.860303143647705,115.3802565425366
143,37.33975228065104,124.98976832808368,54.78803652949639,134.46776754423476,37.70598534502423,136.01619536146842,39.624483223485534,160.88135216821462,44.61931158372901,180.41226758721112,72.38963140641697,133.64718186387515,90.72144725286508,161.79536011982813,92.65407915231293,189.17135064642196,57.477005183337965,185.62976651734306,56.89123432729214,215.39739550328434,67.68843520847484,246.77758797366099,80.13071098241419,182.65501122597766,86.46231702515713,216.46044712080663,96.19915972397081,241.5691485609825,34.72030668095646,121.5537392071801,41.251306243666676,121.16401439913096,-0.31460929708003865,-1.0961434340730087,54.29614864913614,115.40975780927072
144,35.58404689969069,125.04925332443217,53.38278705451992,134.48375987701388,36.32827372617481,136.21591885048682,38.57363101726982,161.15203833271556,43.54113634436932,180.74097003305184,71.07259160384784,133.63086379053613,89.70422903187958,161.8639533055721,91.76002552137844,189.3259515244182,56.550133748857505,185.8397810817066,56.18412685282366,215.81785229991362,67.23083230147961,247.67739192491246,79.21379266562718,182.59954121774823,85.87740220195607,216.60736174856117,96.04467230392086,241.6387339358082,33.03669967865978,121.54140841301408,39.38730325829467,121.16655073948105,-0.31393555899081255,-1.0668914479991487,52.63726477161618,115.44170870363473
145,33.800261893538405,125.1405427083556,51.89346105326029,134.53647734325048,34.8251736553328,136.43637803276022,37.424956775232914,161.37838828633042,42.352061971880644,181.11817336534094,69.68080980942051,133.6537494910125,88.60819439022715,161.9562279133087,90.7604879101561,189.46810193029373,55.52744633550753,186.05285006877358,55.4622237943442,216.23466133905333,66.893934451896,248.4718635018117,78.19479172043903,182.55593068746342,85.17361958850059,216.75568002444612,95.796419212934,241.72572237058097,31.304608117953677,121.5376164319126,37.475656022740154,121.18684639235897,-0.2913276073728558,-0.9722320383496368,50.937086344650815,115.49033260946605
146,32.04219801372617,125.28519491323662,50.3661101549629,134.64494161527864,33.243529556229404,136.69363971233633,36.21498046410391,161.57220622475484,41.095668545721885,181.54654367782956,68.25917960298298,133.73128401013594,87.46106747860475,162.08255808105665,89.69506915697164,189.59733955880907,54.43814553436012,186.27699438167957,54.742248067701595,216.65191052574934,66.65939993181551,249.15568166486995,77.1020207569935,182.54916816260422,84.3574279826561,216.91326163009282,95.43872879860753,241.85277326568274,29.583343333167736,121.57963628364526,35.582192286267436,121.25819929385148,-0.2558126878106532,-0.8410075256733602,49.24681257144656,115.56846097745758
147,30.367224471424738,125.49998702972428,48.84791024963454,134.82556378149022,31.636091015866842,136.99937616864625,34.980718439316895,161.7435632333973,39.81271841144435,182.02317451892583,66.85270975956473,133.8748383423774,86.29235769393276,162.25035287939198,88.60483381040525,189.71354348830934,53.31454093063824,186.51208642764504,54.047419544763166,217.07232109196391,66.50636374736808,249.72268137960367,75.96582559547346,182.59598840019044,83.44351478889607,217.0889216186301,94.95881712345994,242.04254740761758,27.93309620527248,121.69617644934698,33.777329525925026,121.40263567004894,-0.21427083581226833,-0.6948699321302922,47.61715982883266,115.68645282287531
148,28.83135252534433,125.79316841102991,47.388680513003834,135.09131442350417,30.056965240041652,137.35775853951836,33.75033390869245,161.89931211078576,38.54279085235031,182.53908203979137,65.50994246622433,134.09270930545483,85.13591771041493,162.4668943518781,87.52713152983331,189.82257694430677,52.18662143935638,186.75192323812868,53.400903476352724,217.4947165581529,66.41223856857468,250.16286420364952,74.82072182153514,182.70642995380456,82.4543887473836,217.29015702847377,94.34954096153126,242.31285377850816,26.41232032257731,121.89938840836065,32.12479093185469,121.62809158844537,-0.17167663815832293,-0.5491884730977049,46.100495763855676,115.85146457483711
149,27.486439147318194,126.16129747664895,46.041206923522566,135.4503594790848,28.561559137379874,137.7652909265938,32.540941046169,162.04446504760554,37.32554359949584,183.08208417605624,64.28295986074271,134.39055047048922,84.03050201740564,162.73955281470114,86.49381150764702,189.9354505686746,51.08012934067966,186.99053016139038,52.81911056112701,217.9140400894366,66.3529500740902,250.46033633319237,73.70525011435672,182.88822267865953,81.42069266123235,217.5228065056127,93.61252621140943,242.67451983648266,25.07139841008209,122.18072113705973,30.676619332085192,121.92571717376629,-0.13139360271267825,-0.414093132637075,44.749828294236785,116.06646120673273
150,26.37745546653775,126.58873417711045,44.85683829548911,135.90403770451596,27.20524513232727,138.21248221373895,31.364928982622963,162.18266656103697,36.198140684263,183.6405014809112,63.2215221110405,134.77065414745366,83.01852325029185,163.0729280029652,85.5320734618897,190.0625621408864,50.017868241853805,187.22684177990286,52.309539304435425,218.3251359746449,66.30480292745816,250.59330352711373,72.65915119865973,183.14965575747624,80.3788031466076,217.7911447680818,92.76068077637888,243.1330490267593,23.94866336092774,122.51541717558777,29.475603846469316,122.27261433482423,-0.09548253185545251,-0.2955345459827169,43.61265926501133,116.3294813831977
151,25.537766729862916,127.04875696843875,43.87707396973394,136.44469252705863,26.03608235415302,138.68567926187976,30.23511869333884,162.3145839758357,35.18805574994452,184.20079716597974,62.364758958710574,135.23068708198073,82.14117320824225,163.46510141286967,84.66611108265265,190.20948215403794,49.02134121072854,187.46401309217518,51.872417804599074,218.7266408414052,66.24603992522718,250.53621870047758,71.71747603665567,183.49709601308192,79.36496259029504,218.0968299189076,91.82055818586235,243.68751999886442,23.069996298657816,122.87240863796188,28.556707532633776,122.63943171930579,-0.06499738526898932,-0.19627984093643072,42.72410952272837,116.63368115091936
152,24.985899472035737,127.50529772608604,43.12775643730168,137.05438192526768,25.08710161440862,139.16750132915064,29.16654786608997,162.43739320277004,34.30745167556364,184.74131663971832,61.73653646355535,135.7609082161639,81.43128951861742,163.9056635499227,83.9183007078707,190.37545088136457,48.11050578815072,187.7065862863029,51.50285978614749,219.1211939367826,66.15567342301611,250.25942526495044,70.90417864979842,183.93085983306094,78.41159500691771,218.43700982663276,90.83383214570713,244.32768419139816,22.448516607221844,123.22216006774015,27.94294661585516,122.99700867527676,-0.0402519839679314,-0.11679583282588465,42.10492510260462,116.96762527269634
153,24.724712122619813,127.91765600218831,42.618221445499955,137.70457083667364,24.373082536420945,139.63710477172336,28.1773466353727,162.54598703750167,33.55263272748951,185.23406892739914,61.34583678580539,136.34095182137858,80.90953511743315,164.3771957352333,83.30811979475838,190.55404324912246,47.29932045524882,187.95605305902916,51.1903284241731,219.51295770355458,66.01027426632864,249.72434949742456,70.2288470875761,184.44154689610596,77.5466032974,218.80251402313215,89.85226531073214,245.03414929843308,22.083574189105743,123.54004774641304,27.63865747669442,123.32071877519132,-0.02104860633080048,-0.05599538758239003,41.76258453261988,117.31592756985823
154,24.74180636367138,128.25065800396794,42.34252555505423,138.3575902335068,23.891002810141472,140.07145620295134,27.286912161879425,162.63325070435894,32.906312530470686,185.6547535870928,61.18876878868101,136.94038073760285,80.58529620593039,164.85863148195105,82.85125554993071,190.7363976234412,46.59064204900008,188.20637593786358,50.91651504824365,219.90459474169853,65.78100492749691,248.88198000381158,69.68845519160611,185.0073709816804,76.79279214709207,219.17737389406366,88.92593926578901,245.77963590069257,21.96105325826058,123.80827559053344,27.62699879619548,123.59383092140301,-0.006865249228915857,-0.011840621546104482,41.691629594627635,117.66077488244585
155,25.010563279153196,128.48516309640735,42.28163792514411,138.97326029671297,23.622572022650353,140.44938130738933,26.51025635658746,162.6909651273875,32.341165357774365,185.98936835536614,61.25049894298727,137.52521084045569,80.45793599372446,165.32835861422475,82.56039988807352,190.9158434981211,45.97740160156104,188.44535011553742,50.65502924747659,220.29430112513066,65.43269682751259,247.6803115150838,69.27286584616701,185.59634736893472,76.16617033482022,219.54097115890045,88.09364345418649,246.52870884848065,22.055055726409474,124.01749482854548,27.871761453579897,123.80945752235462,0.0029976611714669075,0.018191141116503873,41.87313601747755,117.98481609250489
156,25.49070797374501,128.62161537451328,42.407190537563494,139.51977165470703,23.537935865526958,140.7575725117007,25.852770900667643,162.71349862328896,31.823655379323725,186.2327073503695,61.507635433046325,138.06854066371628,80.51610107758061,165.76989866261366,82.44169827689848,191.0940292563057,45.44897631942286,188.660844639333,50.3736072519487,220.67452468519775,64.925717424341,246.07521944876197,68.96990429216426,186.17406799047473,75.67181727395848,219.87399109198685,87.3794083042322,247.23884601573184,22.330022990241158,124.16704997659401,28.31925886451806,123.97066675573367,0.009307727296637537,0.0367650490932473,42.27541915340811,118.27664758526183
157,26.128583504796257,128.67780758340692,42.68530373139698,139.98101209087298,23.600041432523614,140.99277608309518,25.309075794383087,162.70168754224815,31.31673064200292,186.3842300166737,61.92957021520227,138.55862439234386,80.73659487842228,166.17923519197603,82.48668261242801,191.28384323262975,44.99582486246295,188.8456468205948,50.03833724951001,221.03504927461282,64.22088402735177,244.0397194593371,68.76699394425951,186.71293599152878,75.30152051522045,220.16664533620494,86.7927141044979,247.8690643872936,22.743988804203298,124.26391782520678,28.902053702350557,124.08888389968199,0.012823346606397674,0.046452318388022475,42.85602694864088,118.53645808748877
158,26.859686670999213,128.6851022532529,43.07798961757349,140.35628045968343,23.76863354961362,141.15956764044736,24.864812272322883,162.66482462132743,30.782262207600123,186.4477902031132,62.47781543483001,138.99865360263533,81.0840258008413,166.56633847168487,82.66936713933895,191.5042519706958,44.60977392305124,188.99876563441717,49.61902132522643,221.36939644677886,63.28612216266899,241.57453032535636,68.65042441400561,187.19762669125444,75.03914428233581,220.42383266051013,86.33112750141287,248.3947544476047,23.252122213348304,124.3214592003857,29.548167300098683,124.18055803565603,0.014243291932460187,0.04958054321492319,43.563692029159625,118.77653093450972
159,27.61660819974098,128.68354370718328,43.54234684529216,140.65520730957775,24.002059111753677,141.26797746733138,24.49817298586725,162.61964927226214,30.18448743819794,186.43418277051074,63.10565229955784,139.3993099006006,81.51248460219122,166.94880619681064,82.9513713089208,191.77391474739142,44.2815817191554,189.12467566820854,49.09393660268489,221.6797244988979,62.101910793207864,238.72333541665333,68.60482028743755,187.62429554781923,74.86941960353379,220.66291794359898,85.98418461392538,248.81494170298234,23.808739565377188,124.35800156873312,30.193149623671705,124.26301409172085,0.014177579386209968,0.04815190717572537,44.34068021979117,119.01651848122636
160,28.337908705622677,128.71461552990155,44.02939660924989,140.89220013125137,24.25675913327593,141.33263458981332,24.18017969754015,162.5867733896924,29.493532927733842,186.36168000867613,63.75893453158269,139.76890698317308,81.96947772760278,167.34137169463045,83.286089182041,192.10829400996525,43.9995695084618,189.23207029556124,48.45369733108868,221.97592877916765,60.666219107191154,235.5932941061733,68.61347263676554,187.9953470642397,74.78210630879711,220.90517914929043,85.73685088675438,249.14457816194326,24.3675617407312,124.39417678944223,30.786934481461316,124.35146596634512,0.013134466695939888,0.04381205895078505,45.124264733350195,119.27718635053506
161,28.969169060350076,128.81247507520897,44.48399569386624,141.08307362681663,24.486884747010468,141.37239198423615,23.875443029436884,162.587694143326,28.686699620870385,186.25393319640295,64.37686282622964,140.10817192635568,82.39984661998815,167.74763240586293,83.61780198552573,192.51695637270413,43.75209659017026,189.3327687026676,47.70474613407193,222.27057117844376,59.00228267816394,232.37826866393348,68.65873691849241,188.31412660411561,74.77006181442438,221.16790879690814,85.57213768102841,249.4026739402191,24.880978952441428,124.44938619981988,31.2925844118186,124.45765555289472,0.011519033037789742,0.037854678543837984,45.84604309533904,119.57473450887548
162,29.460465149523024,128.99821731278115,44.84946935920797,141.24269408272073,24.647494753158355,141.40709522915031,23.544136181990375,162.6417149675596,27.74623733201121,186.1356201461228,64.89594814791496,140.4128732079414,82.75175226376906,168.1603594704022,83.885786920207,193.0015570215627,43.530235714830155,189.44032859813004,46.87029688531262,222.5760570143981,57.16710875251463,229.37898244917042,68.72262631691777,188.58377914117094,74.82351559818974,221.46251617625094,85.47304053953154,249.60759615440918,25.301377999029825,124.53926757126224,31.683159195983446,124.58906830120097,0.009639514771029837,0.03124931296034854,46.435527333384535,119.91664873541694
163,29.769306858860556,129.2790205051628,45.07731800998979,141.38292594364677,24.701087962998024,141.45182445832617,23.144397197922277,162.7619996576846,26.657454852795745,186.02781513319837,65.25920248629417,140.67882724286383,82.98504085500726,168.56819171984765,84.03551838552619,193.5549555586919,43.32754464681357,189.56824023499462,45.98661528837524,222.90449440204927,55.25784748367636,227.01801350338525,68.78869042495585,188.80916440297398,74.92329061626927,221.79580260554746,85.42386532004589,249.7772665575962,25.58664128277321,124.67458454281156,31.940837243617267,124.7481399453709,0.007718319956623936,0.024682625432075066,46.830663666621554,120.29892654964635
164,29.86562273714898,129.6493421566295,45.134330907543315,141.51241047543374,24.621913436959954,141.51440330062954,22.634953675643114,162.95392231840202,25.410977038764955,185.94717882079067,65.42385528734633,140.90390344837735,83.07255895519701,168.96120075452183,84.02498509565753,194.16086198623634,43.139125926437366,189.72908746033377,45.09675612794472,223.2663895118681,53.41877574807011,225.8543384126243,68.84420913281241,188.99752142535556,75.03892995599449,222.1710170778852,85.41102363002985,249.92864186888465,25.706902324624252,124.86100039974541,32.05631555747054,124.93185792146322,0.00590535684807668,0.01860559486879133,46.98549270942709,120.70516065992314
165,29.73324260473133,130.093138536563,45.003719798234194,141.63710570673635,24.395154992721455,141.597200197576,21.97827481690072,163.21521502718872,24.00447601851064,185.90502296039602,65.36311626033621,141.0865915634734,82.99420125871913,169.33324596211583,83.82532476945626,194.79948972929358,42.96101357850713,189.93349235826204,44.24253799672253,223.6675755281595,51.82015618351575,226.4826216692661,68.8802481386472,189.15672549274703,75.13507741177429,222.58752246049514,85.42345059200366,250.07473349496294,25.648996183728304,125.0996648705736,32.027481679023474,125.13275345612453,0.004291949745076963,0.013281312001499613,46.871108885216806,121.1107602903396
166,29.36974548995117,130.58662063697417,44.68424970981669,141.75991360251714,24.014405809807975,141.69883835238187,21.144549827700132,163.53515444563257,22.441298288387767,185.9018823745717,65.06557600263228,141.22386755801264,82.73525516925929,169.6827937295381,83.42309125345376,195.45716996102678,42.78939729123822,190.18612206179904,43.45545564025523,224.10593200194307,50.57733750149125,229.1942656402705,68.89023893788091,189.29214093723255,75.17985757538372,223.0379617460489,85.45275746932249,250.21908775289404,25.41777056114787,125.38748177465864,31.85854281105664,125.3407874534209,0.0029241598468674654,0.008829792879611458,46.47619467728783,121.49182645942358
167,28.78690793949155,131.1015567641735,44.18856501632161,141.88038500339414,23.48125353799358,141.81469662032177,20.116244958481698,163.89437908618928,20.73184831730514,185.92623228712895,64.53514570034724,141.31150699181788,82.29082389842884,170.01223085440202,82.8233904260399,196.1275704504416,42.61981397365725,190.48197290186235,42.752223814377416,224.5716580757175,49.693453679619125,233.74794115178508,68.86922768550515,189.40481443343447,75.14959888542596,223.50779392312214,85.49316735260928,250.35410699137375,25.033857375540908,125.71702146491495,31.560166901014497,125.54465539968982,0.0018147725553123771,0.0052676578135350685,45.80843807510482,121.83181249637498
168,28.011251158894215,131.61137507176983,43.540195708481534,141.99604557996682,22.80701002954648,141.9383853120867,18.89232353856142,164.26807285591346,18.898212085534713,185.962190814102,63.791616523336344,141.34679394644982,81.6705238728831,170.32574189147425,82.0497171490159,196.80567118943304,42.44739915864891,190.80831220818973,42.13634539390811,225.05217212444384,49.105659937574984,239.60460517433273,68.81435503540149,189.49376211851396,75.03121350934644,223.98106446770367,85.5413165046365,250.46967949534752,24.527860653021573,126.0782136178382,31.150549125707578,125.73366176977379,0.0009535588694569006,0.0025416216157369336,44.894260061227826,122.12247719924831
169,27.0840818705237,132.09758806160002,42.77129222389131,142.1047645794285,22.014478878977364,142.06421251815976,17.492674420350347,164.6309543129839,16.977164512623112,185.99703208174125,62.871818714940915,141.3315390453845,80.90126357044211,170.62688848364246,81.13932572820242,197.48430979165582,42.26925028335057,191.15061318606627,41.602257124319244,225.5362681771591,48.752074548798724,246.27321096990124,68.7265734684198,189.55958523323167,74.82455817081927,224.44556154693169,85.59546418259166,250.5635144789176,23.93401318305839,126.46083265685857,30.656845623952144,125.90117812799771,0.0003156758307817133,0.0005555436516950678,43.778352822061485,122.36197935822852
170,26.05859896721495,132.55135179236134,41.92143326850579,142.2060604335562,21.13857625384753,142.18850952104592,15.96324840238274,164.96423422877075,15.019747683524706,186.0242513432607,61.82856844056593,141.27389074940538,80.02635318012516,170.91637043875846,80.13763039724263,198.15286606898627,42.086812303203125,191.49660428313894,41.1409355912418,226.01438887588506,48.58711643738312,253.40706137834098,68.61204111891986,189.60550841150186,74.5438682399807,224.892626343238,85.65352968231544,250.6408062782836,23.286245098159352,126.85457394139527,30.113201211290466,126.04646902813293,-0.00013174853953682234,-0.0008086626110303525,42.52280150454172,122.55325490378625
171,24.99151259177783,132.97084255540636,41.03505552859832,142.30082439456598,20.225016734593922,142.3093368906036,14.37703148637119,165.26527910425852,13.086518105771102,186.04602668300703,60.724419865572095,141.18838665366226,79.09973928452438,171.19038637165627,79.09460199257104,198.79601588450706,41.90559646326612,191.83753140081754,40.7449286228946,226.47779632494772,48.57666151081146,260.76739181727504,68.48112610313882,189.63741785406717,74.21558522050505,225.31651723572833,85.7115436772468,250.70815265283017,22.615833627185058,127.24724833944197,29.551916253227404,126.17288050393162,-0.00042468337670890184,-0.001675614707050409,41.200663687127005,122.70373071068241
