Frame,NoseX,NoseY,NoseZ,NeckX,NeckY,NeckZ,RSholderX,RSholderY,RSholderZ,RElbowX,RElbowY,RElbowZ,RWristX,RWristY,RWristZ,LSholderX,LSholderY,LSholderZ,LElbowX,LElbowY,LElbowZ,LWristX,LWristY,LWristZ,MidHipX,MidHipY,MidHipZ,RHipX,RHipY,RHipZ,RKneeX,RKneeY,RKneeZ,RAnkleX,RAnkleY,RAnkleZ,LHipX,LHipY,LHipZ,LKneeX,LKneeY,LKneeZ,LAnkleX,LAnkleY,LAnkleZ,REyeX,REyeY,REyeZ,LEyeX,LEyeY,LEyeZ,REarX,REarY,REarZ,LEarX,LEarY,LEarZ,LBigToeX,LBigToeY,LBigToeZ,LSmallToeX,LSmallToeY,LSmallToeZ,LHeelX,LHeelY,LHeelZ,RBigToeX,RBigToeY,RBigToeZ,RSmallToeX,RSmallToeY,RSmallToeZ,RHeelX,RHeelY,RHeelZ
1,-1.035,-0.012,3.563,-1.085,0.066,3.145,-1.127,0.098,3.072,-1.186,0.354,3.031,-1.109,0.542,3.267,-0.976,0.079,3.298,-1.22,-0.06,4.202,-0.873,0.007,3.539,-1.067,0.346,3.359,-1.115,0.41,3.284,-0.828,0.498,3.213,-0.807,0.819,3.421,-1.037,0.318,3.35,-0.775,0.359,3.486,-0.779,0.722,3.639,-0.983,-0.011,3.177,-1.234,-0.096,4.25,-1.06,-0.002,3.148,1,1,1,-0.633,0.758,3.716,-0.64,0.744,3.697,-0.828,0.742,3.637,-0.663,0.935,3.402,-0.723,0.938,3.379,-0.807,0.847,3.42
1,-1.035,-0.012,3.563,-1.0861221374,0.0647175573,3.1440381679,-1.1281221374,0.0994427481,3.071519084,-1.1861603053,0.3552824427,3.0313206107,-1.1096412214,0.5378320611,3.2686030534,-0.976,0.079,3.298,-1.22,-0.06,4.202,-0.8754045802,0.007,3.5357938931,-1.0686030534,0.345519084,3.3545114504,-1.115480916,0.4087175573,3.2854427481,-0.8281603053,0.4994427481,3.2138015267,-0.8068396947,0.8218854962,3.4201984733,-1.036519084,0.3119083969,3.3483969466,-0.7775648855,0.3588396947,3.4839160305,-0.7809236641,0.7223206107,3.6406030534,-0.9823587786,-0.0137251908,3.1749160305,-1.234,-0.096,4.25,-1.0583969466,-0.0034427481,3.1470381679,1,1,1,-0.6363664122,0.7571984733,3.7124732824,-0.6425648855,0.7433587786,3.6939541985,-0.8304045802,0.7426412214,3.6403664122,-0.663,0.935,3.4016793893,-0.7228396947,0.9378396947,3.378519084,-0.8103664122,0.8489236641,3.4219236641
2,-1.035,-0.012,3.563,-1.0858903695,0.0598188976,3.1444433677,-1.1274772865,0.1010036342,3.0705857056,-1.1853010297,0.3546044821,3.0289824349,-1.110128407,0.5333228346,3.2697177468,-0.976,0.079,3.298,-1.22,-0.06,4.202,-0.8697443973,0.0049345851,3.5317056329,-1.0684784979,0.3456184131,3.3556450636,-1.1157946699,0.407330103,3.2863840097,-0.829986069,0.5010036342,3.2142556027,-0.8064597214,0.8229418534,3.4187116899,-1.0341399152,0.3053179891,3.3466626287,-0.7782743792,0.3586662629,3.4814548758,-0.784863719,0.7226674743,3.6415112053,-0.9795996366,-0.0185324046,3.1774118716,-1.234,-0.096,4.25,-1.0510860085,-0.0066559661,3.1451714113,1,1,1,-0.644345851,0.7555051484,3.7039073289,-0.6488509994,0.7418388855,3.6865281647,-0.8327995154,0.7433349485,3.6435953967,-0.6665112053,0.9306626287,3.3998867353,-0.7228728044,0.9378728044,3.3786184131,-0.8094645669,0.8503852211,3.4209067232
3,-1.035,-0.012,3.563,-1.085916091,0.0554035974,3.1452778267,-1.1268960642,0.1002989198,3.0697444254,-1.1847611608,0.3539934171,3.0273442121,-1.1105675212,0.5334817116,3.2707224514,-0.976,0.079,3.298,-1.22,-0.06,4.202,-0.8658158175,0.0009613833,3.5327131797,-1.0711816791,0.3424232534,3.3458742756,-1.1158428446,0.4058449307,3.2862939131,-0.8304585786,0.502879746,3.2172457002,-0.807055723,0.8290556302,3.4211255389,-1.0348109499,0.299612489,3.3476802652,-0.7775061425,0.3587445645,3.4832251171,-0.7860687961,0.7227454916,3.6420951277,-0.9768781234,-0.0247422465,3.1723882064,-1.234,-0.096,4.25,-1.0515350702,-0.0076751657,3.146538918,1,1,1,-0.6513033239,0.7535096658,3.6940750081,-0.650997543,0.7418766863,3.6864042464,-0.8366004821,0.7432563627,3.6434557044,-0.6715529183,0.9248762691,3.4074211673,-0.7229026471,0.9357910621,3.3782387001,-0.8091209494,0.8542833897,3.4218670901
4,-1.035,-0.012,3.563,-1.0869400224,0.0515415557,3.1427009354,-1.1266713999,0.105990611,3.0693070572,-1.1833167032,0.3532428975,3.0234970597,-1.1091716136,0.5316058717,3.273299273,-0.976,0.079,3.298,-1.2189971065,-0.0660173607,4.2077666374,-0.8638562095,-0.0047955719,3.5385517296,-1.0731419148,0.3428185806,3.3439000108,-1.1156315237,0.4068867036,3.2857187755,-0.8298421555,0.5016562796,3.2164319274,-0.8123069426,0.822522875,3.4238520204,-1.0343569024,0.2924386695,3.3450024732,-0.7786328576,0.3585578848,3.4821657815,-0.7895616744,0.7203020692,3.6425727237,-0.9771594041,-0.0255590414,3.169532917,-1.2337492766,-0.0929913196,4.2489971065,-1.0519023624,-0.0085087794,3.1476574155,1,1,1,-0.6564924642,0.7513760937,3.6840272673,-0.6597734768,0.7386482002,3.6830434887,-0.8399600543,0.74344281,3.6440936188,-0.6761780327,0.9156305268,3.4050590605,-0.727941523,0.929826087,3.379933916,-0.8193702825,0.8539616139,3.4374452623
5,-1.035,-0.012,3.563,-1.0840993805,0.048804378,3.1492699882,-1.126237411,0.1062527049,3.068708016,-1.1806379098,0.3549974194,3.0223293713,-1.1065304935,0.534045113,3.2706250054,-0.976,0.079,3.298,-1.1714808182,-0.0623776696,4.0502160671,-0.8620759539,-0.0066662446,3.5415243412,-1.0741436896,0.3428656873,3.341329414,-1.1154675448,0.4076950896,3.2855321412,-0.8350762599,0.5012262168,3.2196953023,-0.8109289633,0.8192712359,3.4231114763,-1.0340045746,0.2938827021,3.3426649274,-0.7795071562,0.3584130267,3.4805647996,-0.7920123918,0.7184060434,3.6424240126,-0.9734828305,-0.0285297545,3.169134886,-1.2091470628,-0.0865021747,4.1594165536,-1.0488118431,-0.0091556396,3.1516412089,1,1,1,-0.6599997763,0.7492011911,3.6728549811,-0.6678816295,0.7364026435,3.6879656597,-0.842566986,0.7435874877,3.6451079339,-0.6805459566,0.9107929996,3.4076402847,-0.7269180831,0.9298712445,3.3807300429,-0.8226496639,0.8539715811,3.4401858628
6,-1.0275934449,-0.0112064405,3.5378706167,-1.0798407752,0.0467399653,3.1550180071,-1.1235294128,0.1040697008,3.0679916921,-1.1772949321,0.3539400227,3.0180099289,-1.107183727,0.5337686599,3.2696661196,-0.976,0.079,3.298,-1.1705600728,-0.0710069227,4.0953918031,-0.8572945057,-0.0133675251,3.5514373959,-1.070931443,0.3415786165,3.3489133524,-1.1132277114,0.4059241057,3.2856558991,-0.8387593652,0.5006373383,3.2210985,-0.8090961152,0.818670449,3.4199077507,-1.0273903689,0.2910040116,3.3525407942,-0.7854569593,0.3583037729,3.4806799187,-0.7970349906,0.7148598792,3.6449570511,-0.9733551123,-0.0262734653,3.1696282456,-1.1654623907,-0.0771111457,4.0011235119,-1.0475390152,-0.0120241879,3.1517361163,1,1,1,-0.6655547518,0.7451801747,3.6657513062,-0.6755840157,0.7349735372,3.6993490959,-0.8437396061,0.7415804468,3.6384663876,-0.6848983773,0.9095251562,3.4138193925,-0.7258816724,0.9246149064,3.3800078925,-0.8245939735,0.8534500588,3.4398721786
7,-1.0148792623,-0.0098155844,3.4938268387,-1.0758761888,0.0452065825,3.1571503284,-1.121250853,0.1045853638,3.0661239212,-1.1758804362,0.3555588939,3.0169387106,-1.1074017873,0.5327618946,3.2713581617,-0.976,0.079,3.298,-1.1471691467,-0.0755464782,4.0373174384,-0.8516058603,-0.0156736171,3.549984842,-1.0688126257,0.3432940343,3.3558821776,-1.1115640314,0.407012946,3.2857478227,-0.8422964878,0.5031384935,3.2258807329,-0.8133447023,0.8211627589,3.4196652529,-1.0291560755,0.2992843254,3.3649519745,-0.7866705938,0.3555512079,3.4783611525,-0.8031698969,0.7039445112,3.6447013831,-0.9700545495,-0.0245975626,3.1905645909,-1.1303433351,-0.0677315028,3.8835482723,-1.0417850511,-0.0141548581,3.1507380447,1,1,1,-0.6720850912,0.7448649011,3.6740991281,-0.6855793766,0.7328434748,3.7166200331,-0.8438091681,0.7379525463,3.6263204303,-0.6849255249,0.906980592,3.4031819816,-0.7251118582,0.9257863467,3.3797386426,-0.8252367229,0.8546655368,3.4361663445
8,-0.9979932377,-0.0077167342,3.4358672319,-1.0726868763,0.0440769183,3.1579155986,-1.1176923788,0.1095305554,3.0658220958,-1.1732270767,0.3540660708,3.0126584209,-1.1070253418,0.5309460094,3.2747530869,-0.976,0.079,3.298,-1.1071102498,-0.0767424573,3.9026902448,-0.8535915328,-0.017372547,3.552137287,-1.0669831169,0.3442892595,3.3596734737,-1.1103383754,0.4078151098,3.2858155441,-0.8395313989,0.5022956611,3.2261813085,-0.816743242,0.8181650357,3.4202922417,-1.0242803195,0.3008192515,3.3789293052,-0.787833242,0.3562088232,3.4777270726,-0.8076895672,0.6959030086,3.6447815757,-0.9660116984,-0.0233629019,3.192829893,-1.0961456901,-0.0578673753,3.767657365,-1.036471839,-0.013307631,3.1537624067,1,1,1,-0.6744791614,0.7419471667,3.6670902907,-0.6953600184,0.7280516667,3.7422340179,-0.8433233218,0.7331314475,3.609853025,-0.6884366334,0.9064487104,3.4004476431,-0.7269616467,0.926649363,3.3790031889,-0.8278586197,0.8501900602,3.432362018
9,-0.9826450776,-0.0061772296,3.3831205948,-1.0698089228,0.0408246294,3.1565918381,-1.1129278581,0.1131578487,3.065870005,-1.1715501379,0.3551254697,3.0097881304,-1.0666238301,0.5209965261,3.1576749872,-0.976,0.079,3.298,-1.0513358914,-0.0776197067,3.7018774168,-0.8547787238,-0.0186187104,3.5531775076,-1.0694113447,0.3439420646,3.3514131712,-1.112132337,0.4062491129,3.2869424094,-0.8396575922,0.5014081464,3.2255938867,-0.8189667697,0.8183898899,3.4196749458,-1.0266285113,0.3000600329,3.3673685328,-0.7849158725,0.3596534604,3.4823786359,-0.8136977202,0.6926975532,3.6453789927,-0.9608918877,-0.0200335982,3.2028397253,-1.0624442167,-0.047939068,3.65356732,-1.0255728571,-0.0102625096,3.1559807734,1,1,1,-0.6789281888,0.7427692883,3.6767607006,-0.7025341099,0.7245368801,3.7612911493,-0.8421590603,0.7274407927,3.5905031552,-0.6885883468,0.9135989173,3.3984420083,-0.7253561876,0.9288981722,3.3757707552,-0.8308589702,0.8506774732,3.4344189106
10,-0.9695255617,-0.0050506361,3.3461393439,-1.0677028662,0.038444638,3.1558928227,-1.1053957501,0.1182395531,3.0677929556,-1.1641199006,0.3540128357,3.0090361751,-1.0758950396,0.5266611365,3.1876992022,-0.976,0.079,3.298,-1.0051268183,-0.0782616688,3.5611277379,-0.8548384017,-0.0168336526,3.5509720441,-1.0674125144,0.3447667859,3.3569654128,-1.1107481522,0.4048334338,3.2866882428,-0.8375923493,0.5010283711,3.2267822099,-0.820863623,0.8163968459,3.4208414075,-1.0248408102,0.3000438421,3.3643024539,-0.7862870553,0.3681075825,3.4909068778,-0.8189035207,0.696554905,3.6495919586,-0.9563361669,-0.0151699596,3.2071981309,-1.0294211664,-0.0379766481,3.5406802435,-1.0184061912,-0.0080341212,3.1605708373,1,1,1,-0.6805657486,0.73878603,3.6746676494,-0.7091325295,0.7206163019,3.7825188268,-0.8404979695,0.7211188406,3.5687915561,-0.6873508755,0.9153252812,3.4020985815,-0.7247207268,0.9316226223,3.3769113771,-0.8344030893,0.852112952,3.4407787006
11,-0.972352743,-0.0020679319,3.3809204387,-1.0569865685,0.0531698091,3.1623996498,-1.0955720842,0.1173651574,3.0691984017,-1.1524813028,0.3488810348,3.0098361484,-1.0826711809,0.5308012866,3.2093733869,-0.976,0.079,3.298,-1.0010439018,0.0176278769,3.5200665682,-0.8794440516,0.0819094031,3.5334352808,-1.0721595956,0.3459093831,3.3421295639,-1.1167542029,0.4037987423,3.2859626526,-0.8363528171,0.500750801,3.2281905564,-0.8217101702,0.8168295572,3.4189948264,-1.0310917637,0.3097488566,3.3617916058,-0.7827007137,0.3653794202,3.4882328882,-0.8216286861,0.6904670554,3.647812707,-0.9470684082,-0.0186329472,3.1987773671,-1.0009666816,-0.0355537391,3.4519653553,-1.0104690942,-0.0088346488,3.1552884248,1,1,1,-0.6820325207,0.7334455342,3.6739476177,-0.7142250946,0.7150517055,3.7985735357,-0.8384741742,0.7143389529,3.545365435,-0.6856366952,0.9206357327,3.4018020607,-0.7237164563,0.932804131,3.374775998,-0.8345642029,0.8507329026,3.4354401831
12,-0.9868389155,0.002270833,3.4684304568,-1.0451090364,0.0617647991,3.1690423924,-1.0843465264,0.1191567397,3.0715750651,-1.1418203111,0.3456728424,3.0163610248,-1.0873504185,0.5335552079,3.2246640641,-0.9732997366,0.0768397893,3.2920594205,-0.996981652,0.0849649188,3.4903456955,-0.8760838299,0.0538511272,3.538448244,-1.0675260528,0.3456638257,3.3442547889,-1.1141203112,0.4030430082,3.2859727374,-0.8327472047,0.5005480649,3.2286791538,-0.8228685372,0.8149853968,3.4198063025,-1.0243163266,0.310626751,3.3721088787,-0.7806213181,0.3663570721,3.4881700022,-0.8238891613,0.6887207801,3.6475932547,-0.9397592249,-0.0141416133,3.1985674575,-0.9766733078,-0.0313538198,3.3877084411,-1.0035917679,-0.0069891136,3.1552105425,1,1,1,-0.6844539763,0.7311650175,3.6815224998,-0.7171346029,0.7131475592,3.8067894825,-0.836185924,0.7072267418,3.5209643872,-0.6887050868,0.9191139364,3.4094162471,-0.7232529679,0.9339371262,3.3742964317,-0.8390023011,0.851615105,3.4391016909
13,-1.0098398196,0.0078695121,3.5941747505,-1.0334658449,0.0677702384,3.1720019,-1.0734494531,0.1226255377,3.0727701826,-1.1326858838,0.3430603332,3.0170737778,-1.0921173415,0.5315146442,3.2396095825,-0.9686273022,0.0733719288,3.2817800648,-0.9926652152,0.1316994494,3.4689154525,-0.8901057139,0.1260045719,3.5259031759,-1.0633326674,0.345214448,3.3433757127,-1.1130074686,0.4003305219,3.2884108839,-0.8322753074,0.5001299527,3.2274153751,-0.8234442177,0.8187705593,3.4201287047,-1.0190992374,0.3104574737,3.3707290368,-0.7836945525,0.3640999353,3.4854232166,-0.8249994455,0.6863654105,3.6477031113,-0.9325319054,-0.0108623211,3.1916620189,-0.955694755,-0.0258565171,3.3410621318,-0.9980301985,-0.0056416187,3.1532630685,1,1,1,-0.6883826686,0.7289597522,3.6843523367,-0.7224999889,0.709326487,3.8149489513,-0.8337049251,0.6998731521,3.4955858252,-0.6901351742,0.9193532507,3.4109243463,-0.7229145575,0.9347643687,3.3747565434,-0.8384615055,0.850908799,3.4366434423
14,-1.039055978,0.0141175046,3.7478254612,-1.023345595,0.0745852854,3.1693001932,-1.0630635115,0.1251577614,3.0728322607,-1.1252073907,0.3408830812,3.0154331328,-1.0937063614,0.5340768224,3.2453875483,-0.9625152299,0.0686794345,3.2680633863,-0.9932958857,0.170407702,3.448949458,-0.8908875166,0.1894813859,3.519176346,-1.0724268656,0.3538003408,3.3343602866,-1.1124652124,0.4056436287,3.2699317799,-0.8376033287,0.5003649693,3.2302744871,-0.8176517194,0.8250452809,3.4149616713,-1.0236644605,0.3165466464,3.3567560227,-0.7880989695,0.3621821054,3.4815272266,-0.8252697147,0.6835655125,3.648053426,-0.9215834532,-0.0063074817,3.2001270142,-0.9368688526,-0.0194124101,3.3072804291,-0.9823551186,-0.004657947,3.1521115312,1,1,1,-0.6982737186,0.7230279981,3.7223439931,-0.7296581549,0.7068072224,3.8227962019,-0.831893795,0.6955855064,3.4773295856,-0.6909090191,0.9176371147,3.4236403916,-0.7226675178,0.9329371818,3.3750924251,-0.8356356504,0.8555254632,3.4351190393
15,-1.0611920558,0.0278627279,3.851064784,-1.0137974568,0.0768584076,3.1600344563,-1.0525110281,0.1337595148,3.070446344,-1.1189382255,0.3368626165,3.0123446254,-1.0983780058,0.5316248407,3.2528466816,-0.9553524963,0.0633632994,3.2521082052,-0.9897041806,0.1962306785,3.4327549165,-0.8806527125,0.1374851226,3.5231807572,-1.0660984123,0.350072364,3.3256185895,-1.1104485855,0.4068204439,3.2731918476,-0.8358195281,0.5024274704,3.2291197918,-0.8196367588,0.8258434586,3.4160525716,-1.0199731899,0.3136976114,3.3473671496,-0.7891527805,0.3610523657,3.4811146668,-0.8251968549,0.6807113811,3.6483091303,-0.9173737925,0.0018796777,3.1944198349,-0.9196155392,-0.0125475885,3.2831625194,-0.9714537249,-0.0017788457,3.1531619488,1,1,1,-0.7036025088,0.7197787958,3.7400800822,-0.7343428216,0.7044280694,3.8258227576,-0.8308419386,0.6932662471,3.4645441332,-0.6836399087,0.9161143238,3.4318416324,-0.7205962408,0.9321437415,3.3769584138,-0.8349236648,0.8526821506,3.4288737411
16,-1.0408792412,0.0311415604,3.8056627961,-1.0038567801,0.0809488445,3.151380484,-1.0380552511,0.1381468129,3.0757286812,-1.1122012698,0.3360892928,3.010360506,-1.056673443,0.5217307955,3.1313225105,-0.9474230441,0.057321949,3.2345195,-0.9827603054,0.2123771069,3.419313837,-0.8883106118,0.1921936569,3.5144872623,-1.0593181828,0.3473513576,3.3200485651,-1.109246819,0.4052480757,3.2761116241,-0.8318160955,0.5015015538,3.2271964103,-0.8210856156,0.8215634155,3.4171189526,-1.0159282462,0.3183717782,3.3602349619,-0.7872204872,0.3602277821,3.480003107,-0.8246033839,0.6775476012,3.6487659116,-0.9002536315,0.0008315993,3.1997093333,-0.9040509459,-0.0086176193,3.2677203075,-0.9551224078,-0.0018385896,3.1490660127,1,1,1,-0.7061412011,0.7160565126,3.746001655,-0.7350606471,0.7029616995,3.8283019507,-0.8300742009,0.6926540301,3.455482328,-0.6821163113,0.9114909619,3.4440409737,-0.7193545859,0.926972141,3.3802113972,-0.8373755982,0.8511471417,3.4264765376
17,-0.9895832424,0.0267809075,3.6517680264,-0.9938998973,0.0836641706,3.143713478,-1.0264238474,0.1432400135,3.07661243,-1.1094453902,0.3398472793,3.0083720606,-1.0267749414,0.5147796046,3.0442468775,-0.9392042392,0.0515618108,3.2192507208,-0.9536487898,0.1620272119,3.4532680346,-0.8949804659,0.2245594173,3.5073317114,-1.0546396646,0.3456355343,3.3167936375,-1.1080995381,0.4041004553,3.2777023726,-0.8310553255,0.5005556068,3.2241716929,-0.8226833904,0.8214112085,3.4203286252,-1.0094640151,0.3158399863,3.3582804323,-0.7839191148,0.359896096,3.4816231715,-0.8236299274,0.6741578587,3.649369452,-0.8866775807,0.002227846,3.1992475558,-0.8897191988,-0.0068298652,3.2583405941,-0.9437430123,0.0002790104,3.1479675768,1,1,1,-0.7093448633,0.7133397393,3.7511340701,-0.7334233594,0.7024317451,3.8333532407,-0.8287034023,0.6903161383,3.4458967544,-0.6804639859,0.9075762192,3.4507836706,-0.7197990955,0.9191452985,3.3769124804,-0.8410562391,0.854349199,3.4320209641
18,-0.9543057558,0.0187354987,3.6164406198,-0.9796088184,0.085916122,3.1459521088,-1.0114509152,0.1447960926,3.0780678996,-1.1041921549,0.3431303762,3.0107029264,-1.0044130224,0.5083554672,2.9728597262,-0.931044466,0.0460069709,3.2056753255,-0.9405061614,0.1552660294,3.4558971566,-0.9009291145,0.2403473304,3.5015688803,-1.0496040987,0.3446533829,3.316849387,-1.1048308086,0.4005613248,3.2780529309,-0.8299597661,0.4995950481,3.2203431641,-0.8179061651,0.8229210386,3.4183487733,-1.0039355951,0.3177742872,3.3711720283,-0.7788080545,0.3596540127,3.4825354327,-0.824000057,0.6716838335,3.6489994901,-0.8729868679,0.0024364459,3.1959388389,-0.8808800011,-0.0068758276,3.2928281968,-0.9294943164,-0.0003366716,3.1423031179,1,1,1,-0.713303996,0.7116270381,3.7556904557,-0.7424941978,0.7009643416,3.8316368921,-0.8271626097,0.6867187403,3.4361991297,-0.6725041945,0.9049891725,3.446789814,-0.7163413784,0.9228881911,3.3809884228,-0.8369887473,0.8577668539,3.4298540746
19,-0.9269375367,0.0155650994,3.5941689045,-0.9651261478,0.0853984727,3.1494770571,-0.9991721399,0.145661643,3.0753480099,-1.0973863776,0.3406637628,3.0099727183,-0.9910638655,0.5031264981,2.9294027262,-0.9226576597,0.0406019951,3.1933359248,-0.939288801,0.1800483864,3.4356633429,-0.8952750173,0.2648375689,3.4981733391,-1.0456587338,0.340424549,3.3085152822,-1.1043362072,0.3931155053,3.2774983221,-0.834022955,0.4964625921,3.2175489104,-0.8146896594,0.8242931436,3.417984396,-0.9996305202,0.3148635637,3.3622104513,-0.7796703734,0.3592071735,3.4810400099,-0.8256209694,0.6696080103,3.6476488547,-0.8592125294,0.0020483834,3.1908224239,-0.8763197906,-0.0082601465,3.3593326495,-0.9193650532,-0.0007860275,3.1389793736,1,1,1,-0.7164637257,0.7103770224,3.7746849048,-0.7418203787,0.6982724285,3.8374082346,-0.8309008447,0.6840931776,3.4266899218,-0.6699365923,0.9039114791,3.447386906,-0.7154386895,0.919136232,3.379100468,-0.8337499317,0.8599910765,3.4274621054
20,-0.9069629141,0.0132511918,3.5779139519,-0.953205232,0.0801578712,3.1477272453,-0.9877791099,0.1462933627,3.0722822841,-1.0913385775,0.3321096272,3.0067382242,-1.0240055671,0.5041729455,3.0233079963,-0.9143753283,0.0355765662,3.1818986474,-0.9238119238,0.168688789,3.3992833177,-0.9081681776,0.2402973119,3.5894390257,-1.043049375,0.3376083011,3.3032431239,-1.1031647575,0.3874110381,3.2743919886,-0.8380690841,0.4971480865,3.2195618623,-0.8177452087,0.8282662798,3.4198796991,-0.9945973852,0.3105779367,3.3578311108,-0.7716547627,0.3623930689,3.4877830853,-0.8265338326,0.6707945299,3.6463929416,-0.8451070342,0.0009546909,3.1841165128,-0.872991533,-0.0068390897,3.4081409044,-0.9103513049,-0.0011139887,3.1311504402,1,1,1,-0.7160682923,0.7086542355,3.7699072328,-0.7407882829,0.6984689859,3.838108414,-0.8387621378,0.682447073,3.4173182531,-0.6629296826,0.8971815093,3.4343149235,-0.7101872232,0.9169381852,3.3793434814,-0.8311159353,0.8624248855,3.4240954007
21,-0.8923845219,0.0115623963,3.5663205004,-0.9418032454,0.0809256886,3.1450993739,-0.9800042675,0.1397303707,3.0651819735,-1.0834125917,0.326136584,3.0065387887,-1.0475076145,0.5097994943,3.0904935744,-0.9058991025,0.0305579998,3.1711197978,-0.8979277804,0.1309510576,3.3508488961,-0.9343278525,0.1799722561,3.749522788,-1.0406046342,0.335282719,3.2977743273,-1.101229157,0.3829775016,3.2707740657,-0.8404818225,0.4976483916,3.2196802277,-0.8156527959,0.8368393272,3.423424224,-0.9909239732,0.3098814923,3.3551751796,-0.7676956941,0.3617465676,3.4894626206,-0.8234179013,0.6754426868,3.6516899015,-0.8326509532,0.0001564641,3.1889478399,-0.8692116398,-0.0058019375,3.4437633991,-0.9010711019,-0.0013533497,3.1240857481,1,1,1,-0.7130781293,0.7068565554,3.7477795218,-0.7373334546,0.6988825982,3.8394299041,-0.8493624724,0.6815158263,3.4080469793,-0.6553843179,0.897672785,3.4258550165,-0.7014916593,0.9228983116,3.380331311,-0.8289233686,0.8650116579,3.4200172912
22,-0.8752608147,0.0149224892,3.5116624088,-0.9329412527,0.074462021,3.1407500319,-0.9724387474,0.1416943045,3.0605401608,-1.0814100358,0.3236682813,3.0047722959,-1.0641201497,0.5182284973,3.1379076836,-0.8975515254,0.0255444453,3.1608215068,-0.8647181063,0.0742315254,3.2938868074,-0.9704401816,0.0937999959,3.9601032127,-1.0393606648,0.3338555609,3.2956740464,-1.0987358451,0.3781207722,3.2670529196,-0.8322469761,0.4974732247,3.2170650564,-0.8127748795,0.8393141377,3.4208782136,-0.9828398331,0.298566957,3.342430523,-0.7634554086,0.3669479973,3.4966318522,-0.821143755,0.6777544961,3.6552857041,-0.8222091673,-0.0004261175,3.1778855364,-0.8651021244,-0.0050449773,3.4697622916,-0.8880844066,-0.0015280462,3.121090867,1,1,1,-0.7081942147,0.7047340601,3.7129889648,-0.7396747736,0.6999949389,3.8368823592,-0.862232035,0.6808361608,3.3988489845,-0.6520386205,0.8972208721,3.4167088815,-0.7002782107,0.9250870311,3.3815925852,-0.8281336031,0.8679802242,3.4210932438
23,-0.8562794281,0.0219674874,3.4255738201,-0.9256629094,0.0697445497,3.1346039724,-0.9661066271,0.1363737683,3.0549911114,-1.0783275452,0.3175443072,3.0051039676,-1.0778656509,0.5119531774,3.1700811975,-0.8890276889,0.0205345506,3.1508739527,-0.9053176743,0.0914589668,3.4800549294,-0.980317039,0.0390123431,4.0827261915,-1.0368318242,0.3330841137,3.2963024169,-1.0958354912,0.3729551792,3.2629862818,-0.8292085371,0.4976155363,3.2175877932,-0.8109446046,0.8413905202,3.4203708028,-0.9793710741,0.2992242584,3.3501487411,-0.7598203481,0.3680426705,3.4991627143,-0.8192138261,0.6786312887,3.6576399241,-0.8229631277,0.003741342,3.1665699039,-0.843191892,-0.0020611095,3.3904006211,-0.8880616036,-0.0016555474,3.1199856944,1,1,1,-0.697065347,0.6961609107,3.6519366709,-0.7465165376,0.7013470866,3.8312408628,-0.8529840425,0.6814207351,3.3975390018,-0.6471653774,0.8971612022,3.4116545634,-0.6966910213,0.9266844556,3.382513119,-0.8294482898,0.872037908,3.4297130481
24,-0.8354019158,0.0200851779,3.3624724175,-0.9195403851,0.0687329366,3.1274167458,-0.9595940737,0.1392445101,3.0514814828,-1.07661812,0.3200988207,3.0072371293,-1.0444025842,0.5057522355,3.0728030496,-0.8803752119,0.0155273278,3.1414525401,-0.9219815335,0.1010605953,3.5818889562,-0.9707759239,0.0071305835,4.1411538897,-1.0341756965,0.3298195162,3.294059468,-1.0926380606,0.3675641649,3.2589376457,-0.8294223556,0.500420963,3.2185096218,-0.8093386331,0.8423656433,3.418109379,-0.9722467664,0.2878171155,3.3320080961,-0.759598726,0.3712730165,3.4996590683,-0.8178052789,0.6784607422,3.6590879816,-0.8156788731,0.0021902832,3.1542589144,-0.8234186527,-0.0020446004,3.326805697,-0.8756177784,-0.0017486034,3.115937217,1,1,1,-0.6813786367,0.6831499447,3.5714472487,-0.7469173041,0.7007130067,3.8333370414,-0.8456941376,0.6834683201,3.4044174469,-0.6468505435,0.8954967156,3.4112075729,-0.6965043377,0.9275801703,3.3829148091,-0.8298674939,0.8744590722,3.4333025998
25,-0.8242169325,0.0208726351,3.3048015256,-0.9129106485,0.0655632113,3.1229816605,-0.9564618631,0.1367470486,3.0472990646,-1.0713181637,0.3176407181,3.0098746291,-1.0640152245,0.5104118256,3.1241859304,-0.8718990047,0.0105220558,3.1321449736,-0.9211760538,0.1053667239,3.6224423817,-0.9473328722,-0.0080334403,4.152729031,-1.0354790119,0.3301384312,3.2948538709,-1.0892238104,0.3620086288,3.2549021484,-0.8263365357,0.4994967687,3.2162106949,-0.8081665246,0.8406459255,3.4169992049,-0.9700188515,0.2821932432,3.3201190372,-0.7675416618,0.3649856674,3.4908360193,-0.8167772593,0.6772556451,3.6598746813,-0.8125237534,0.0032195017,3.1447335009,-0.8089872738,0.0001286981,3.2809316393,-0.8751807256,-0.0042479253,3.1108212109,1,1,1,-0.6620952572,0.6666299095,3.4770419164,-0.7423469899,0.6986292903,3.8102827126,-0.8401034885,0.6800999264,3.398091079,-0.6458102954,0.8980640865,3.4065588408,-0.7017712112,0.9287742146,3.3848289172,-0.828012198,0.8713633331,3.4272774147
26,-0.8101102049,0.0192861064,3.2670332777,-0.9083421321,0.0632498068,3.1129908359,-0.9533653698,0.1327630421,3.0418151466,-1.0690709603,0.3155765308,3.0099084988,-1.0567168943,0.5089497874,3.098741018,-0.863281291,0.0055182077,3.1229204975,-0.907350526,0.1055378074,3.6180003705,-0.9102315463,-0.021802372,4.07013444,-1.0353496039,0.3279397836,3.29408288,-1.0856513162,0.3563330176,3.2508762408,-0.8243545252,0.5012536569,3.2148029934,-0.8035288817,0.8431729866,3.4110559834,-0.9667718843,0.2759274449,3.3141434423,-0.7673953285,0.3687717261,3.4914206321,-0.8157568093,0.6752954877,3.6601786931,-0.8045477286,0.001809421,3.1334589372,-0.7949425898,-0.0028777886,3.242587928,-0.8699989338,-0.0036406344,3.1057365442,1,1,1,-0.6798998316,0.6707822346,3.5191749584,-0.7495474656,0.6914352226,3.7769771244,-0.835212719,0.6771012126,3.3902319439,-0.6453212329,0.9029095846,3.4045167732,-0.7023733323,0.9309964615,3.3824437305,-0.8277387464,0.8728861136,3.4277427818
27,-0.7995443405,0.0181281881,3.2375772615,-0.90419736,0.0548074777,3.1105619058,-0.9511054133,0.1298553395,3.0375425867,-1.0647292907,0.3167715584,3.0150661863,-1.0300479131,0.5030199162,3.0174939669,-0.8548304563,0.0007855553,3.1137566648,-0.8513334955,0.0554136181,3.491567168,-0.8631618135,-0.0348232601,3.9185404911,-1.0344446876,0.3241738646,3.2924395522,-1.0816931722,0.3505697706,3.2465871759,-0.8204765612,0.5001045051,3.213505435,-0.8041964696,0.8439367218,3.4129319526,-0.9635916368,0.2678423601,3.2984356308,-0.7616152478,0.3688333957,3.4899562147,-0.8150120402,0.6730544102,3.6601304181,-0.8014280381,0.0029415319,3.1268512036,-0.7855026325,-0.0026406486,3.217574725,-0.8664871912,-0.0031974068,3.1033763126,1,1,1,-0.66020549,0.6613855982,3.4345688012,-0.7102269152,0.6661931178,3.6173209892,-0.835695564,0.6822068372,3.4120519351,-0.646855387,0.9104983846,3.3995143521,-0.7057845049,0.933158667,3.382323854,-0.8280794819,0.8745378179,3.4302436767
28,-0.7904821287,0.0172830887,3.2204014697,-0.9006320113,0.0462144902,3.107168229,-0.9489156856,0.1231405153,3.0330735042,-1.0607500814,0.3152123361,3.0161289305,-1.052187778,0.5089579723,3.0873309762,-0.8462312609,-0.0040193229,3.1046370923,-0.8036959073,0.0212621946,3.4001011463,-0.8085465449,-0.0470280368,3.7168579441,-1.0327036152,0.3189939261,3.2898893986,-1.0777237206,0.3447425632,3.2423762036,-0.8176462531,0.5016972096,3.2133688886,-0.8044135483,0.8444941292,3.4132204922,-0.9610003966,0.2595101051,3.2864310693,-0.7614490348,0.3656365304,3.4837544508,-0.814468475,0.6741203358,3.660365341,-0.7926674023,0.0016065464,3.1241898398,-0.775911376,-0.0024675734,3.2071535237,-0.8574404187,-0.0053053258,3.0946296508,1,1,1,-0.6452913842,0.6515558031,3.3693074903,-0.6855813978,0.6447986055,3.4983655412,-0.8401003086,0.6932273633,3.4555330538,-0.6455436741,0.9187385853,3.3961335222,-0.7074636595,0.9363576766,3.3792646445,-0.8280580094,0.8754731479,3.4307181583
29,-0.7814367237,0.0142348922,3.1978700449,-0.8974895512,0.0399429515,3.1022599691,-0.9448861205,0.1204009921,3.0292714597,-1.0562249429,0.3119130977,3.0190658174,-1.0683464211,0.5084290139,3.137760772,-0.8377939419,-0.0088769144,3.0955498229,-0.7908105618,0.01984058,3.3844047609,-0.7773309284,-0.0424278069,3.5807375921,-1.0303522795,0.3130521304,3.2866774037,-1.073746016,0.3388686748,3.2382222267,-0.8177418201,0.4979968234,3.21191845,-0.8043018257,0.8446307934,3.4123504562,-0.9593793522,0.2566707349,3.2868549257,-0.7626785063,0.3627630057,3.4784176633,-0.8178539443,0.6865150119,3.664318985,-0.7873541315,0.0006322155,3.1176548044,-0.7683709445,-0.0069339111,3.1779351777,-0.8492167506,-0.0068437774,3.0904072036,1,1,1,-0.6352168852,0.6441114318,3.3195156774,-0.6675940198,0.6362080148,3.4110063324,-0.8473674273,0.7085648436,3.5148234119,-0.6480983593,0.922591395,3.3861016706,-0.7113907421,0.9389626102,3.3778423681,-0.8277721816,0.8758856365,3.4297136748
30,-0.7729438976,0.0098489353,3.1930423413,-0.8946557338,0.0353657079,3.0970567689,-0.9419451674,0.1140790688,3.0259562486,-1.0548133921,0.3116664187,3.019858505,-1.0801397066,0.5080429569,3.1745666455,-0.829204611,-0.0137729786,3.0864861299,-0.8032889254,0.0423066138,3.4242785313,-0.7631934031,-0.0255625472,3.4927375586,-1.0275555469,0.3062841418,3.2832525244,-1.0697622882,0.3329607165,3.2341098476,-0.8180817252,0.4979976816,3.2124807936,-0.804760598,0.8477022551,3.4136065594,-0.9576559306,0.2532476572,3.2871642746,-0.7649266095,0.3601254691,3.4737121734,-0.8214054329,0.6807025979,3.6607207785,-0.7769925247,-0.0025102998,3.1142360304,-0.7580047955,-0.0147862955,3.1557998806,-0.8418639764,-0.014720512,3.0827328211,1,1,1,-0.6284043871,0.6381378912,3.2810141821,-0.6533854187,0.6299382255,3.3480582247,-0.8507801952,0.7170572463,3.5467495511,-0.6502330366,0.9256735005,3.3804009232,-0.7137165866,0.9403234923,3.3746430788,-0.8283740406,0.8769971573,3.431952277
31,-0.7672857736,0.0066478718,3.1727691867,-0.8920471773,0.0298637854,3.0916383082,-0.9389882625,0.1070336464,3.0213754127,-1.0532428681,0.3090549756,3.0190862622,-1.0884768065,0.5077611956,3.2011590276,-0.8221252726,-0.0189672778,3.0790605812,-0.8342788347,0.0822068994,3.5044396791,-0.7612500606,0.0002542685,3.4395876852,-1.0247039004,0.2991833176,3.2794021164,-1.0657741644,0.3270278925,3.2297576722,-0.8207612087,0.495566902,3.2126210605,-0.8059058988,0.8485931614,3.4145233184,-0.9558577896,0.2491284079,3.2871198948,-0.7679181547,0.3573900107,3.4697375884,-0.8169734033,0.67456935,3.6626873054,-0.7737526696,-0.004803845,3.1106602346,-0.7504391261,-0.0205173095,3.139104259,-0.8364975998,-0.0269530469,3.0687568782,1,1,1,-0.6245129525,0.6348587645,3.2523737924,-0.6419347346,0.6256324149,3.3026562515,-0.8513798893,0.7205538116,3.5589742409,-0.6515208614,0.9276527998,3.3748894871,-0.7148737773,0.9405062551,3.3698766915,-0.8239504918,0.8756471442,3.4352070442
32,-0.760724821,0.0018801896,3.1671582619,-0.8877119327,0.0212555859,3.0868732097,-0.9387212772,0.0997303389,3.0166813371,-1.0529070996,0.3149835603,3.026897488,-1.0951018996,0.508906335,3.2213777812,-0.8158778366,-0.0243792421,3.0731007782,-0.8490620974,0.0713447558,3.6804627469,-0.7684767229,0.0328744779,3.4121431411,-1.021542019,0.2915694193,3.275241139,-1.0617828321,0.3213470767,3.2255006392,-0.8140718144,0.4964943748,3.2156951517,-0.8072821019,0.8476224465,3.4151924093,-0.9540051151,0.2447712183,3.2870875045,-0.7714522965,0.354853241,3.4660262935,-0.8167104324,0.6703631934,3.6652031877,-0.7670655822,-0.0153929297,3.0991353072,-0.7422158071,-0.0314539598,3.1161128148,-0.829879421,-0.0380421362,3.0569356858,1,1,1,-0.6227534379,0.6335461391,3.2309304693,-0.6387104919,0.6160060967,3.2606047483,-0.850196635,0.7201340398,3.556549794,-0.6916334229,0.8888441037,3.3897779345,-0.761915058,0.919837615,3.401788437,-0.8534108938,0.8492671617,3.4267762674
33,-0.7572871316,-0.0015994736,3.1679259751,-0.8837374127,0.0149729449,3.0809640262,-0.9382562635,0.0944000653,3.0121747702,-1.0502306351,0.3147178454,3.0325984627,-1.1002073388,0.5110928888,3.2372149377,-0.8105077155,-0.029950068,3.0679405843,-0.8620128195,0.0734128676,3.7848881868,-0.7821259,0.0701899456,3.4031893156,-1.0181537147,0.283581057,3.2711236506,-1.0577891582,0.3155800314,3.2213130452,-0.8154031943,0.4944697229,3.2149670397,-0.8090969838,0.8455631952,3.4156807412,-0.9521126398,0.2399702133,3.2867937084,-0.775382449,0.3524614829,3.4625071594,-0.8203006916,0.6686441372,3.6605556397,-0.7619148967,-0.0231213075,3.0904537544,-0.7372946937,-0.0394360061,3.103114839,-0.825859653,-0.0464055954,3.0507394678,1,1,1,-0.6336262966,0.6477168754,3.2911940887,-0.6363572984,0.6106013254,3.2299137199,-0.8474419507,0.7171261098,3.5434337656,-0.6898413625,0.8783501278,3.3617416809,-0.7722039416,0.9150186725,3.4021157483,-0.8789647284,0.8400096751,3.4646585798
34,-0.7596409671,-0.0041390842,3.1503858196,-0.8754335097,0.0103875984,3.0809737448,-0.935215314,0.0859171426,3.0072647432,-1.0463861406,0.3123626653,3.0378399085,-1.1033931995,0.5099871695,3.2476929632,-0.8055077412,-0.0353666817,3.0636341364,-0.8736260734,0.0849180459,3.8367883865,-0.800732666,0.1109322186,3.4080009826,-1.0146001569,0.2755895507,3.2667677462,-1.0537937752,0.3097500518,3.2169059747,-0.8161047375,0.4856978255,3.2128146944,-0.8109618765,0.8424393262,3.4160371471,-0.950191116,0.2351154486,3.2865792831,-0.7769000653,0.350445717,3.4604790537,-0.8221105514,0.6676596509,3.6579741243,-0.7678813246,-0.0330843153,3.0773636716,-0.7372150803,-0.045261653,3.0901163164,-0.8313006929,-0.0546708639,3.0527009457,1,1,1,-0.6534486584,0.672917891,3.4108208562,-0.6346398348,0.6082776239,3.2072439072,-0.843540368,0.7122292286,3.522784709,-0.6839407828,0.8933842864,3.353706781,-0.7553991604,0.9214973771,3.3793913564,-0.8660067591,0.8486520601,3.4590775361
35,-0.7489317136,-0.0216616635,3.1243465917,-0.8723446761,0.0070410117,3.0753075573,-0.9332660521,0.0708107792,3.004491659,-1.0443907289,0.3109139079,3.0440967511,-1.1032869742,0.5189057907,3.2547999726,-0.8010480724,-0.0409409008,3.0596806336,-0.8726464671,0.1076333081,3.6931224505,-0.8229576973,0.1541755241,3.4225891526,-1.0111961463,0.2673255936,3.2622378354,-1.049797145,0.3038741402,3.2126088769,-0.853087843,0.4979364894,3.2393400646,-0.8131334255,0.8388086088,3.4162972678,-0.9487887037,0.2261691044,3.2775076312,-0.776656907,0.3489745227,3.4592690095,-0.8228911539,0.6669411297,3.6566303337,-0.7587280743,-0.0449484103,3.0672696437,-0.732024007,-0.0538359646,3.0779278633,-0.8236550849,-0.0628644684,3.0441367383,1,1,1,-0.6665651049,0.6896897584,3.4900250231,-0.6333863546,0.6079324659,3.1906984852,-0.8388017286,0.7059537082,3.4963675625,-0.6828761558,0.9032762489,3.3527053711,-0.7485374194,0.9259556632,3.370370474,-0.8568196219,0.8463146523,3.4512220591
36,-0.7397648504,-0.0347205654,3.1185796774,-0.8692798413,-0.002155379,3.0682004073,-0.9310329268,0.057624244,3.0003064911,-1.0407731403,0.3052638858,3.0483931126,-1.105370696,0.5156893674,3.2594466669,-0.7967125859,-0.0466301472,3.0559847254,-0.8659880709,0.1166475272,3.5847567288,-0.8410695918,0.1703374779,3.4310749882,-1.0076311254,0.2591329461,3.2578510833,-1.0457996043,0.2979647054,3.2083920418,-0.8498222372,0.4876877111,3.2281717894,-0.8152586295,0.8345378149,3.4164871153,-0.9437128187,0.217478421,3.2738584607,-0.7748585023,0.3476306245,3.4589261787,-0.8226504031,0.6666868777,3.6564600451,-0.7479952882,-0.0536073464,3.0623339859,-0.7233725226,-0.0625252786,3.0776771952,-0.817534673,-0.0710057695,3.035724955,1,1,1,-0.6755977495,0.7000395081,3.5381060686,-0.6316610412,0.6001161805,3.1743004124,-0.8345327935,0.7048855894,3.4989698253,-0.6856111752,0.9094152114,3.3565671539,-0.7489325447,0.9289393594,3.3716211692,-0.8503846031,0.835963711,3.4414364448
37,-0.7352357219,-0.0439813676,3.1046451071,-0.8629906476,-0.0180526189,3.0646342353,-0.9294030941,0.0458388835,2.9967116599,-1.0365119284,0.2916847848,3.0472062859,-1.1060810188,0.5106403187,3.2606767781,-0.7927378895,-0.0524033457,3.0527469774,-0.8705839492,0.0843240045,3.7458355523,-0.8515868834,0.1383678731,3.497783314,-1.0039485922,0.2507221873,3.2532986585,-1.0418013993,0.2920308038,3.2042337861,-0.843656668,0.4807480164,3.2227222552,-0.817620165,0.8300700215,3.4166256743,-0.9389275907,0.2084340176,3.2668726369,-0.7721951666,0.3466497887,3.4592162782,-0.820313443,0.6694730317,3.6584970108,-0.7442143742,-0.0599270171,3.0571107895,-0.7208404774,-0.0688671204,3.0734419036,-0.8111766349,-0.0831612403,3.022831762,1,1,1,-0.6816498566,0.7057021152,3.5634720975,-0.6549860473,0.627370571,3.3255067328,-0.8303365128,0.7076180602,3.52302188,-0.6803130944,0.9179480383,3.3472286225,-0.7367937386,0.9321976164,3.3495707033,-0.8478492942,0.8408363265,3.4429394738
38,-0.7359825088,-0.0507403065,3.0920436417,-0.8619125494,-0.0293849645,3.058519456,-0.9301046644,0.0329149119,2.9935476822,-1.0342123781,0.2893385363,3.0555253991,-1.1068695997,0.5093867078,3.2621148796,-0.7890265133,-0.058237816,3.0495734585,-0.8423299457,0.0407413226,3.7085984216,-0.8565613012,0.0709995932,3.6072551188,-0.9961279502,0.2405313041,3.225121728,-1.0375325531,0.2860790453,3.1998481279,-0.8440195775,0.4781145292,3.2192852589,-0.8225855916,0.8173537628,3.4194283628,-0.9348948093,0.1994016101,3.2604232958,-0.7689005666,0.3456637756,3.4596981617,-0.8102329846,0.6712363327,3.6586328964,-0.747128178,-0.0667006392,3.0489761727,-0.720343261,-0.0734956742,3.0668387715,-0.8076168851,-0.0985165843,3.0088290895,1,1,1,-0.6839056997,0.7106454024,3.5992753336,-0.6703887208,0.6483426435,3.4580165358,-0.8261932586,0.7131243679,3.5624587759,-0.6769866355,0.9225547316,3.343654828,-0.7282044626,0.934575635,3.3342877764,-0.8446481338,0.8327758576,3.4378228573
39,-0.7327453596,-0.0556732762,3.0863585712,-0.8627466433,-0.0400872124,3.0521655289,-0.927915139,0.0234824316,2.9893473793,-1.0344251591,0.2851947354,3.0599761149,-1.1069048282,0.5057702055,3.2615435317,-0.7852371636,-0.0641170052,3.0464468168,-0.7901006599,-0.0110587868,3.5266216237,-0.8577604433,-0.0219340338,3.7476674271,-0.9960933836,0.2425490187,3.2388668092,-1.0333363374,0.280114254,3.1955666577,-0.836990227,0.4807851506,3.2167767885,-0.8172944224,0.8245524093,3.4158006072,-0.9322216651,0.1979423316,3.2651717516,-0.7651452422,0.3446739839,3.4605901738,-0.8139522293,0.6835996717,3.6598126966,-0.7427710505,-0.0716443252,3.0435794856,-0.7172788086,-0.0793052014,3.0693137343,-0.8031277304,-0.1097235868,2.999960107,1,1,1,-0.6866327377,0.7180354169,3.6308092273,-0.6800093291,0.662028043,3.5304139333,-0.8201976119,0.7195745182,3.5963745175,-0.6705064969,0.9296990852,3.3456391718,-0.7222057891,0.9368515295,3.3247545644,-0.840150537,0.8449934406,3.43597962
40,-0.7233586849,-0.0641363852,3.0908543565,-0.857411965,-0.0478981816,3.0502297167,-0.9260469712,0.0165981944,2.9852011894,-1.0302579565,0.2732552531,3.0637647545,-1.1085514767,0.5039411924,3.2659893488,-0.7816610616,-0.0700288322,3.0436245443,-0.758195033,-0.0437318068,3.412717923,-0.8594460983,-0.0808459092,3.8466344473,-0.9866126881,0.22727195,3.2097259207,-1.0291931306,0.2741399509,3.1913612284,-0.8348316175,0.4832745994,3.2171072467,-0.8158641013,0.8373706707,3.4234188483,-0.9281094377,0.1893129123,3.2608028525,-0.7610536609,0.3439515905,3.4617815158,-0.816666697,0.6947842276,3.6612140788,-0.7339177477,-0.0860586922,3.0345077789,-0.7042359885,-0.0962425907,3.0532897605,-0.801472286,-0.1181731041,2.9991604157,1,1,1,-0.6718733642,0.7236991293,3.6689527916,-0.6827083709,0.6733670279,3.6056756898,-0.8128500081,0.7267135263,3.6262606788,-0.6690188826,0.9324819413,3.3387125903,-0.7175575383,0.9379722646,3.3161758716,-0.8322753384,0.8541805238,3.436255282
41,-0.7229916277,-0.0700429766,3.0827890167,-0.8529781707,-0.0535989689,3.0469257828,-0.9222520947,0.0115737767,2.9813646499,-1.0288374869,0.2621098902,3.0646387762,-1.1062412421,0.4866670821,3.2586980086,-0.777970441,-0.0756943234,3.0407542577,-0.7408523461,-0.0621748833,3.3484969494,-0.861756988,-0.1149272205,3.9153528814,-0.9826649796,0.2204445757,3.2219569944,-1.025088612,0.2681587057,3.1872112972,-0.8332561698,0.4848213519,3.2170782733,-0.8123887844,0.8388914689,3.4179025696,-0.9215961234,0.1857163463,3.2624770504,-0.7567166647,0.3431542,3.4629211655,-0.8189179906,0.7051084559,3.6625070252,-0.7325891876,-0.0987401781,3.0219434136,-0.7039020786,-0.1064429894,3.0434858563,-0.8029656322,-0.1267713377,3.0004678595,1,1,1,-0.6646133579,0.7264819735,3.6965214788,-0.684948406,0.6886667771,3.6430448614,-0.8058664679,0.7276013876,3.6402383778,-0.6676630003,0.9339726791,3.3317661743,-0.7192980094,0.9393305385,3.3115357032,-0.8254470487,0.8573736287,3.4321339728
42,-0.7154295156,-0.0767852715,3.0850072648,-0.852984068,-0.0596507466,3.0401919277,-0.9213735211,0.0035842372,2.9780242629,-1.0307724843,0.2542456725,3.0677080814,-1.1059059129,0.4745999924,3.2571586562,-0.7744663958,-0.0814501843,3.0381190844,-0.7341383304,-0.0702323238,3.3205366056,-0.8642540451,-0.1306159426,3.961994573,-0.9757314259,0.2127600969,3.2254806434,-1.0210123297,0.2621723937,3.1828317145,-0.829404777,0.4859502397,3.2159765025,-0.8101225022,0.8405417266,3.4160377976,-0.913870703,0.1809301653,3.2699125462,-0.7522005539,0.3425722295,3.4642932442,-0.8205610832,0.7148047795,3.6639909864,-0.7267567344,-0.108265838,3.019797451,-0.7041986889,-0.1146981556,3.0352499128,-0.8016241358,-0.1308854554,3.0006116206,1,1,1,-0.6628267182,0.727162234,3.7163721578,-0.6868534379,0.7071274218,3.6530285217,-0.8021203554,0.7287897,3.6423352282,-0.6664032618,0.9347905287,3.3256157509,-0.7157054695,0.9403218664,3.3084192613,-0.8196529953,0.8588936279,3.4261543426
43,-0.7088297302,-0.0841374994,3.0920293637,-0.8527182159,-0.064067599,3.034736953,-0.9204621434,-0.0044081283,2.9745056774,-1.0305637929,0.24580446,3.0653555391,-1.103229769,0.4609300901,3.2565754818,-0.7708283653,-0.0872720009,3.0353853509,-0.7354517406,-0.0707098725,3.3190408572,-0.8671571316,-0.133151104,3.9925236911,-0.9722919521,0.2103935023,3.2412900111,-1.0169566556,0.2561823838,3.1785546785,-0.8263237056,0.4865039951,3.2135514446,-0.8144119069,0.8401252196,3.4184589922,-0.909583134,0.1806788754,3.2896575758,-0.7472835612,0.3418773257,3.4658349597,-0.8217602841,0.7240428307,3.6656143588,-0.7197983926,-0.1173793314,3.0166102964,-0.7049554805,-0.1212634498,3.028428492,-0.7971330223,-0.1357792122,2.9958537319,1,1,1,-0.6650347811,0.726578093,3.7305898963,-0.6882438136,0.7276248701,3.6430250365,-0.8007370596,0.7301972949,3.635490759,-0.6703466613,0.9329560252,3.3211269026,-0.7284823807,0.9426663181,3.3201928686,-0.8221781467,0.8616239271,3.4285440519
44,-0.7142788539,-0.0911244146,3.0733806523,-0.8473912174,-0.0675613674,3.0356184854,-0.9195268239,-0.0080800568,2.9708570347,-1.0314921056,0.2304583823,3.0598563638,-1.1004661333,0.4506830407,3.2531781373,-0.7673627027,-0.0931419548,3.0325796838,-0.7423537616,-0.0656552842,3.3368601294,-0.870356556,-0.1260862208,4.0112931475,-0.9711324546,0.2132589135,3.2493163492,-1.0164280529,0.2523509247,3.1829974843,-0.8265064108,0.4869081501,3.212862156,-0.8126796904,0.8449542025,3.4202260861,-0.9083449719,0.180495473,3.3024474258,-0.7423441436,0.3413701545,3.4672303274,-0.7883256746,0.720519229,3.6559929185,-0.7271470758,-0.1237606018,3.0110422968,-0.7060481325,-0.1268655577,3.0223692956,-0.7992583352,-0.141782296,2.9961634033,1,1,1,-0.6701583528,0.7248009803,3.740426312,-0.6895287269,0.7496088669,3.6181639013,-0.801348407,0.732035088,3.622120523,-0.6756561328,0.9316171242,3.3178507445,-0.7375373738,0.9416758395,3.3274349817,-0.8178075198,0.8649674001,3.4256955108
45,-0.7139333636,-0.1027075203,3.0597700061,-0.8499870897,-0.0698411165,3.0278870238,-0.920465124,-0.0129212408,2.9671134707,-1.0346010347,0.2192581428,3.0563831372,-1.0949370803,0.4380713272,3.2477268881,-0.7640228418,-0.0990470415,3.0299916727,-0.7536047516,-0.0568332564,3.3687763493,-0.8735021047,-0.1117446485,4.0214798879,-0.9654233907,0.202382718,3.2392351056,-1.0163124118,0.2471231522,3.1867803509,-0.8242083511,0.4823403084,3.2112784581,-0.8108751305,0.8352409514,3.4190843827,-0.905009901,0.1773898995,3.3023265509,-0.7373883592,0.3407298426,3.4687890403,-0.776080662,0.7192983312,3.651402176,-0.7257565613,-0.130579182,3.0056277458,-0.7054948168,-0.1333856272,3.0211889032,-0.799999013,-0.1458934533,2.993687853,1,1,1,-0.6774097905,0.7221531846,3.7473352027,-0.6907366691,0.7729479682,3.5824590024,-0.8031453762,0.7339167022,3.604257653,-0.6765594993,0.9273980611,3.3124879426,-0.7395534486,0.9358199768,3.3238054379,-0.8151579574,0.8606537078,3.4263180828
46,-0.7109796475,-0.1119718467,3.0676666705,-0.8448576095,-0.073936383,3.0287280137,-0.9211499365,-0.0210472044,2.9638409414,-1.041462723,0.2159465294,3.0606021297,-1.0871195483,0.4329190897,3.2391556722,-0.7605046402,-0.1049777696,3.0272923603,-0.7677596534,-0.0449914299,3.410981139,-0.8768784888,-0.092362386,4.0254025864,-0.9642283842,0.2025494805,3.2497076826,-1.0154175432,0.2454689446,3.1871098467,-0.8184787833,0.4844096216,3.2136346368,-0.8157716766,0.8392282,3.4231139294,-0.9044669138,0.1783651906,3.3184477039,-0.7353923481,0.3462059515,3.4715475945,-0.779030589,0.7197580476,3.6502129008,-0.7217699846,-0.1358258366,3.0076194061,-0.7021192644,-0.1389547281,3.037887555,-0.8002694358,-0.1510552056,2.9908004631,1,1,1,-0.686214238,0.7191400825,3.7521074574,-0.6916182782,0.7970059278,3.5391100061,-0.805807664,0.7358302991,3.5828457057,-0.6793800654,0.9240486479,3.3080336225,-0.7493997109,0.9383000171,3.3362851858,-0.8188974712,0.8656100726,3.4283934005
47,-0.7517787338,-0.131700856,3.2995507513,-0.8462468582,-0.0766551317,3.0244789931,-0.9213795864,-0.0313003879,2.9606420375,-1.0456602149,0.2040741015,3.0547661802,-1.0724988161,0.4286184487,3.2277670555,-0.757126434,-0.1109272119,3.0245118152,-0.7840339573,-0.0309456221,3.4606949774,-0.8804233466,-0.069031051,4.0247535128,-0.9647069972,0.1972680669,3.2457343108,-1.0147644289,0.2442616315,3.1870801709,-0.8161881873,0.4856497409,3.2134631858,-0.8198857028,0.8478115492,3.4284862749,-0.9040706179,0.17556497,3.3118430048,-0.735556509,0.3561460923,3.4751818454,-0.7933406044,0.7214443498,3.6517763216,-0.7172394691,-0.1420864808,3.0117745691,-0.6856075155,-0.1505836757,3.026841528,-0.8001966461,-0.1548224784,2.9878826509,1,1,1,-0.6961521401,0.7155902076,3.7553203016,-0.6925318714,0.8215885416,3.4901820129,-0.8091014993,0.7377672383,3.5591136426,-0.6811684819,0.926196755,3.3034318835,-0.7514529762,0.9417309964,3.3332364228,-0.8243282942,0.8694976009,3.4315289954
48,-0.7391411683,-0.1350235461,3.235104784,-0.8472607928,-0.0832320491,3.0208375594,-0.9210068826,-0.0409448599,2.9569565563,-1.0519656028,0.1929776778,3.0472649741,-1.053453123,0.4200765284,3.2148624887,-0.7535802463,-0.1166201565,3.0219421392,-0.7972624379,-0.0223153139,3.498869407,-0.8838210076,-0.043087666,4.0207677596,-0.9691086531,0.1980061156,3.2406731204,-1.0177997882,0.2431103252,3.1835464815,-0.8188389095,0.4970909264,3.2209024272,-0.8209972057,0.8548865218,3.4251130302,-0.9070232584,0.1762228085,3.3102644808,-0.7372972581,0.3693442789,3.4794552181,-0.8086474921,0.7326708668,3.6618325296,-0.717174775,-0.1447646796,3.0191296883,-0.6781491737,-0.1620427092,3.013916842,-0.7990628961,-0.1616243423,2.980890292,1,1,1,-0.6961110385,0.7718934076,3.6306917565,-0.6934688079,0.8465540711,3.4369120673,-0.8128562656,0.7397212138,3.5334181012,-0.6830140589,0.9283048501,3.3016942703,-0.7524112267,0.9436947628,3.3291202085,-0.8245097597,0.87584692,3.4281442095
49,-0.730458032,-0.1398799968,3.1902305448,-0.8493515877,-0.0834395158,3.0154783195,-0.920734867,-0.0479838178,2.9537264184,-1.0535958327,0.1870402716,3.0393588596,-1.0336093056,0.4092496053,3.1870735484,-0.7501816146,-0.1223960541,3.0192562086,-0.8082679433,-0.0179076305,3.528892027,-0.8873813943,-0.0152378927,4.0143467517,-0.9709703933,0.2066494622,3.2480556467,-1.0194748139,0.2444313013,3.1790763467,-0.8232049285,0.5189490153,3.2352470663,-0.8245099914,0.8476229609,3.4237317133,-0.9105290057,0.1794044899,3.3139752166,-0.7401886703,0.3849203301,3.4841950499,-0.8136055361,0.7343807215,3.6834902697,-0.7168574023,-0.1542837203,3.0053166854,-0.6770282486,-0.1733777319,2.9996210285,-0.7990459043,-0.1668587966,2.9787586806,1,1,1,-0.6882465106,0.7970467319,3.5251439516,-0.6873987198,0.7929134554,3.366965364,-0.8172175957,0.7416876231,3.5065596836,-0.7624361871,0.9584799887,3.2620639019,-0.8095732482,0.9589059724,3.2564157124,-0.8335573562,0.8718359323,3.4362099368
50,-0.7249311676,-0.1409930413,3.1512657672,-0.8452042609,-0.094937495,3.0148087861,-0.9221572754,-0.0550122511,2.949747985,-1.0577573642,0.1802754867,3.029806444,-1.0137232944,0.397835612,3.1565260269,-0.7466205195,-0.1282324943,3.0167555863,-0.8176510242,-0.0165818036,3.5526949432,-0.890790389,0.0142734026,4.0061483882,-0.9653051113,0.1980991634,3.2464196761,-1.0158345092,0.2389116583,3.1833782206,-0.8236898782,0.5008623229,3.226535321,-0.8300454945,0.8301646666,3.4238041926,-0.9224659727,0.1688676232,3.3170349466,-0.7333837946,0.3884538842,3.4511832981,-0.8110105409,0.728874743,3.713615316,-0.7190571756,-0.1552876963,3.0046908185,-0.6786415544,-0.1781384971,2.99972341,-0.7995738154,-0.1768927234,2.971799813,1,1,1,-0.6749422599,0.7997356691,3.4337922625,-0.6853999097,0.7632196527,3.3207780089,-0.8136467801,0.7366390457,3.5412586329,-0.7428671012,0.9437618813,3.2869010099,-0.7964508834,0.93785919,3.2690007471,-0.8490758432,0.8599933829,3.4523625938
51,-0.7208974199,-0.1428860147,3.1233678787,-0.8464998596,-0.1008978178,3.0135096626,-0.9210341616,-0.0601419094,2.9468443501,-1.05809307,0.1729068445,3.0209435794,-0.9935363323,0.3881543988,3.1228845472,-0.7432110078,-0.1341131212,3.0141200541,-0.8288217069,-0.0066990021,3.6141028163,-0.8943590475,0.0447271931,3.9966528328,-0.9600897156,0.1915886247,3.2454958294,-1.015068749,0.2348831812,3.1848969792,-0.8164794418,0.500629361,3.2269310132,-0.8286824228,0.8347128365,3.4227764663,-0.9147757133,0.1572866685,3.3094611316,,,,-0.8029030068,0.7183724897,3.7499201732,-0.7187715731,-0.1565607544,3.015310438,-0.7565433797,-0.203225609,3.3953068267,-0.7959067648,-0.1820546729,2.9672612392,1,1,1,-0.6690144221,0.8060206726,3.3722527678,-0.6861023403,0.7507331264,3.2919312665,-0.8042867373,0.7264706237,3.6211550004,-0.728044413,0.9362618366,3.2904397834,-0.7884945443,0.9368166059,3.2857502304,-0.8425716046,0.8616161078,3.4438897942
52,-0.7182235704,-0.1453482144,3.1032769343,-0.8398810704,-0.1122719838,3.0174243173,-0.9221055575,-0.0660470083,2.9441848377,-1.0596888638,0.1675288868,3.012313823,-0.9779925347,0.3673106587,3.0959001163,-0.739641972,-0.1397558412,3.0130069959,-0.8410269034,0.0096992104,3.7026862773,-0.8945322048,0.0677641716,3.9916136542,-0.9554728227,0.1865667923,3.2448215656,-1.0145098636,0.2319430222,3.1860054358,-0.8087855437,0.4996488666,3.2369454302,-0.8174216574,0.8326291658,3.4001437336,-0.9051106821,0.1482940682,3.3060946795,,,,-0.8088726468,0.7236749835,3.7275187733,-0.7191034402,-0.1631631684,3.0065815725,-0.7323526794,-0.2037049717,3.2790567644,-0.7970125777,-0.190144589,2.962327852,1,1,1,-0.6684702134,0.815200399,3.3327416741,-0.6887762545,0.750805224,3.2757404626,-0.8017778675,0.7222911386,3.6627171827,-0.7174963223,0.9334895377,3.293833004,-0.7824175035,0.9357855261,3.2966239557,-0.8383648389,0.8657721619,3.4395970676
53,-0.7154616094,-0.1468750794,3.0853718088,-0.832348826,-0.1181419424,3.0186604664,-0.9228875091,-0.0703568081,2.9417034968,-1.059502763,0.1633336616,3.0025034181,-0.9553014297,0.3512875158,3.0681010107,-0.7362266647,-0.1452249265,3.0130051059,-0.8542572897,0.0305824989,3.8113738286,-0.8919570204,0.0853880359,3.9900970906,-0.9510225873,0.1826314829,3.2445996145,-1.0141019646,0.2297971654,3.1868144359,-0.8139764484,0.4967720091,3.2304764235,-0.8078522766,0.8321890365,3.3776819375,-0.8964357819,0.1411905624,3.3036376953,,,,-0.8091772083,0.7332182562,3.7087378449,-0.7179948704,-0.1720342425,2.99480774,-0.7146972471,-0.2040548317,3.1942123786,-0.7975494922,-0.1957788078,2.9573764689,1,1,1,-0.6718552131,0.8262226646,3.3090377158,-0.6931592001,0.7603133113,3.2687865167,-0.8042692839,0.7224826419,3.6760312419,-0.7116889573,0.928224318,3.2936079628,-0.7779822129,0.932601593,3.3048302327,-0.8263794021,0.8631321516,3.4143112384
54,-0.7971942349,-0.1714930428,3.4751067761,-0.8244200583,-0.1245873448,3.0192925059,-0.921296962,-0.0778247881,2.9407029741,-1.0601774071,0.1600016463,2.9912910119,-0.9330671872,0.33635125,3.0364654452,-0.7329235553,-0.1508374416,3.0138141951,-0.8633730925,0.0382596633,3.9031259485,-0.8876461322,0.0990611724,3.9908813296,-0.9466939858,0.1794891655,3.2447077811,-1.013804262,0.2282310252,3.1874048796,-0.8091199992,0.495212665,3.2289969337,-0.795194843,0.828085624,3.3466998997,-0.8879432101,0.1354658003,3.3023847931,,,,-0.8050769912,0.7461267911,3.6928694512,-0.7112423509,-0.1825610839,2.9794607761,-0.6972188839,-0.2062012682,3.1314787621,-0.7957801062,-0.2020521571,2.9543030452,1,1,1,-0.6783780773,0.8388598524,3.2971406533,-0.6985193155,0.776438041,3.2688441905,-0.8101399718,0.7261344402,3.6689987402,-0.7044787697,0.9262726236,3.2910123119,-0.7715032691,0.9316286003,3.3073075023,-0.8087167505,0.8555320761,3.3734335674
55,-0.7736381707,-0.1662268762,3.3586406025,-0.8199840776,-0.1314527315,3.0162417653,-0.9225675169,-0.0900291522,2.9405130613,-1.0590488546,0.1551383897,2.9785150513,-0.920081538,0.3200469849,3.0025701758,-0.7294321765,-0.156284482,3.0149450163,-0.8697560483,0.0362984202,3.9825178491,-0.8820684514,0.1098508948,3.9933447951,-0.9427243143,0.1769256085,3.2447867259,-1.0135869856,0.2270879874,3.1878358113,-0.8088174245,0.4884013069,3.2222438568,-0.7908197056,0.82536093,3.3348941003,-0.8795837097,0.1307473059,3.3020106827,,,,-0.79803213,0.7612212855,3.6788565967,-0.7117171907,-0.1883529403,2.9731227017,-0.6858131902,-0.2074976754,3.0816406785,-0.8020531048,-0.2047396287,2.9558421129,1,1,1,-0.6869209361,0.8526756809,3.2935906242,-0.7048627683,0.7973918861,3.2737490952,-0.8187471564,0.732041557,3.6471164274,-0.6997567715,0.9256586603,3.2920896106,-0.7694762144,0.9311886238,3.3096558346,-0.8025796792,0.8521464579,3.3619698756
56,-0.7575265484,-0.162113241,3.2687756774,-0.817286817,-0.1343021416,3.0161764509,-0.9207932614,-0.0921825263,2.9384833611,-1.0544430006,0.1515889721,2.9648680964,-0.9114145112,0.2976113261,2.9799931737,-0.7258033906,-0.1616107517,3.0165808078,-0.8695517972,0.0348670191,4.0328971605,-0.8782677718,0.1177257066,3.9946024276,-0.9387464493,0.1747844561,3.2451144994,-1.0134284078,0.2262537484,3.1881503241,-0.8137295602,0.4812688299,3.2183957904,-0.8000537244,0.8212110793,3.3578859878,-0.871861643,0.1267632296,3.3017376405,,,,-0.7969428251,0.7673750967,3.6405331559,-0.712604062,-0.1928502469,2.9709283034,-0.6801903776,-0.2065527567,3.047968225,-0.8044701641,-0.2067010631,2.9569653919,1,1,1,-0.6969380756,0.867081577,3.2964027817,-0.7116537476,0.8218702309,3.2821917213,-0.8293515559,0.739594704,3.614125916,-0.6987418563,0.922779157,3.2926057142,-0.7685370935,0.9292465724,3.3140713124,-0.7945885451,0.8410304867,3.3387445797
57,-0.82357257,-0.1858563949,3.6046404509,-0.8123465198,-0.1363817659,3.0136973757,-0.9192281759,-0.0980766523,2.9359213722,-1.0516217591,0.1422445464,2.9503152955,-0.8980648741,0.2782650815,2.9548704902,-0.7223444751,-0.1671190338,3.0185851486,-0.8448185104,0.0230160714,3.9634947968,-0.8757640257,0.1234730891,3.9947098343,-0.9347626044,0.1729515932,3.2456238791,-1.0133126708,0.2256448843,3.1883798693,-0.8129921526,0.4857888594,3.2180187089,-0.8011198353,0.8222346798,3.3611586634,-0.8640644908,0.1233151638,3.3020786747,,,,-0.800470302,0.7670036058,3.5844667847,-0.7083885277,-0.1980236716,2.9663550171,-0.6720342595,-0.2080243633,3.0242030626,-0.7986698659,-0.2078624476,2.9542731794,1,1,1,-0.7080312095,0.8821882863,3.3035881855,-0.7187713513,0.8491910662,3.2932163313,-0.8411434542,0.7486193522,3.573298311,-0.6977309706,0.9228388191,3.2921719205,-0.7678516819,0.9348532398,3.3164834528,-0.7901070466,0.8383206884,3.328547647
58,-0.8323330417,-0.1948103457,3.6568777342,-0.8109021243,-0.1400608164,3.0113477256,-0.9180859079,-0.1045396933,2.9340515205,-1.0457805066,0.1373156689,2.9353715248,-0.8821081314,0.2617139391,2.9295107941,-0.7190095385,-0.1724900003,3.020858473,-0.8021828595,0.0035604823,3.8069406777,-0.8742068384,0.1276677805,3.9942479119,-0.9310445514,0.1713437333,3.2459956467,-1.0132282008,0.2252005086,3.1885474015,-0.817316772,0.4869265252,3.2180136546,-0.7962246492,0.8270340914,3.3497692386,-0.8562125381,0.120258302,3.3028678889,,,,-0.8087180895,0.7664623193,3.5457083416,-0.7058521586,-0.2020696198,2.9657187946,-0.6685129733,-0.2093685625,3.0087492999,-0.7982187412,-0.2108713266,2.9498768789,1,1,1,-0.7161274644,0.8905122622,3.3082920953,-0.7239660902,0.8691310082,3.3012625744,-0.8478586045,0.7538551546,3.5405288188,-0.6948319322,0.9228823631,3.2921254751,-0.7670812823,0.936243669,3.3174334699,-0.78845719,0.8417460832,3.3275892281
59,-0.7992840105,-0.1929704885,3.5021112557,-0.8095777849,-0.1427459486,3.0082820671,-0.9164417621,-0.1092567036,2.930255415,-1.0326021497,0.1312869523,2.9166303765,-0.8647889215,0.2466624724,2.8993854604,-0.7154949308,-0.1777607479,3.0233281133,-0.7734969004,-0.0090181212,3.6956523447,-0.8733404911,0.13072925,3.9933704683,-0.9272503286,0.1699000906,3.2465371352,-1.013166551,0.2248761837,3.1886696738,-0.8196626,0.4823537193,3.2150382474,-0.7931922405,0.8289159749,3.344428456,-0.8488609019,0.117486958,3.303443892,,,,-0.8201408103,0.7655269522,3.5193118262,-0.7048114741,-0.2050225299,2.9684963261,-0.7097082908,-0.2249380533,3.2014384071,-0.7949177724,-0.2192809311,2.9434263917,1,1,1,-0.7217663096,0.8938859021,3.3109147461,-0.7277574381,0.8836840509,3.307135075,-0.8508685217,0.7563256914,3.5139106463,-0.6935265557,0.9242649245,3.2966842328,-0.766519011,0.9375286214,3.3186671464,-0.7842813341,0.8420848366,3.3187850457
60,-0.8578311813,-0.2083773653,3.7768300667,-0.8080709117,-0.1444355194,3.0038833655,-0.9149716362,-0.114860634,2.9266743823,-1.014339009,0.1287780245,2.8964685167,-0.8516082913,0.2259516293,2.8900960147,-0.7129298163,-0.1834986638,3.0270216584,-0.7547218811,-0.0165775996,3.6171308083,-0.8729783491,0.1329636445,3.9921897592,-0.9263722321,0.1683061444,3.2374768698,-1.0131215562,0.2246394773,3.1887589135,-0.8216448442,0.4744236297,3.2131368211,-0.7844953068,0.8281282062,3.3229703652,-0.8413341062,0.1149239974,3.3044045966,,,,-0.8341508925,0.7645741242,3.502207743,-0.7040519369,-0.207177693,2.970253334,-0.7832695875,-0.2508897849,3.5460392951,-0.7935892056,-0.2192050358,2.9425007307,1,1,1,-0.7258817857,0.8939167264,3.312288559,-0.7305245298,0.8943054988,3.311421083,-0.8509040414,0.7570481725,3.4917819764,-0.6917633662,0.9266247594,3.2959590707,-0.7631369224,0.9376559673,3.3168659754,-0.7779917371,0.840170824,3.3042546815
61,-0.8162727321,-0.2015215124,3.5718274105,-0.8048098799,-0.1456686422,3.0009431567,-0.9133583616,-0.1186804716,2.9221696943,-0.9974977385,0.1266767428,2.8777011654,-0.8255089613,0.205702981,2.8689978912,-0.7107875272,-0.1895775395,3.0316084629,-0.7431802995,-0.0204739006,3.562794071,-0.8729841982,0.1343242472,3.9905175573,-0.9249208902,0.1671428128,3.2292433541,-1.013088717,0.2244667185,3.1888240445,-0.8268737597,0.4610715291,3.2082370462,-0.7830107155,0.8229606024,3.317575247,-0.839622908,0.1119728116,3.2861948261,,,,-0.8351907528,0.7649593334,3.4835108414,-0.7053886869,-0.2103715627,2.9615398955,-0.8366876867,-0.2730723696,3.7961933315,-0.7974823713,-0.2272543305,2.9361518623,1,1,1,-0.7286152841,0.8912376611,3.3127509154,-0.7325440745,0.9020574965,3.3145491994,-0.8490388717,0.7562246898,3.4726597858,-0.690206357,0.9253753519,3.2940790345,-0.7601282136,0.9369384412,3.3128498398,-0.7798850629,0.8382335813,3.3106696268
62,-0.8618554516,-0.2240737444,3.8193371267,-0.8021596799,-0.1465686292,2.9977166387,-0.9113704545,-0.1214683563,2.9167207261,-0.9819643673,0.1229818858,2.8599515874,-0.7997066221,0.1879529126,2.8354990906,-0.7089538345,-0.1956351065,3.0365770509,-0.7334059668,-0.0157532178,3.5158425232,-0.8732586234,0.1353172747,3.9887567987,-0.9227810125,0.1660236062,3.2213430803,-1.0130647496,0.2243406316,3.18887158,-0.8304198951,0.455919237,3.2038505073,-0.7824675082,0.8248623394,3.3163392156,-0.8367530634,0.109818907,3.2696626637,,,,-0.8267643772,0.7663211008,3.4636514309,-0.7036627434,-0.213242901,2.9627448204,-0.8756745546,-0.2892621912,3.9776860761,-0.796541587,-0.2312379647,2.9336794299,1,1,1,-0.7289893737,0.8900928307,3.3133585196,-0.7340180267,0.9077152439,3.3168322356,-0.8476775892,0.755623676,3.4587035738,-0.6896102959,0.9255441045,3.2959487763,-0.7617145132,0.9380356965,3.3158621248,-0.7812668949,0.8416825086,3.3153515348
63,-0.8978252785,-0.2470170999,3.9978193059,-0.8034673225,-0.1491165726,2.9910392852,-0.9091091242,-0.1232329204,2.9100422684,-0.9603614967,0.1181239677,2.841594044,-0.7714194777,0.1671636052,2.8142920737,-0.7076155254,-0.2019472776,3.0420944374,-0.7284334806,-0.0133884817,3.4861678832,-0.8737290671,0.1336106237,4.001519843,-0.9204087675,0.1652067602,3.2139561773,-1.0130472571,0.2242486079,3.1889062734,-0.8294959892,0.455130587,3.2052416748,-0.7850427701,0.82841156,3.3216506986,-0.8324972755,0.1077065807,3.2538145807,,,,-0.8225055328,0.7673149783,3.4494273198,-0.703213543,-0.2153385295,2.9660556333,-0.9038587217,-0.3008080757,4.1090668036,-0.7955848053,-0.2319841457,2.9310644718,1,1,1,-0.7273713072,0.8897975957,3.3140721319,-0.7350937815,0.9118445157,3.3184984955,-0.8466840656,0.7551850298,3.4485177191,-0.6891752645,0.9253971113,3.2962327709,-0.7596303895,0.935594647,3.3153590602,-0.7814649478,0.8336635946,3.3155267217
64,-0.9240776331,-0.2637621654,4.1278132594,-0.7995588854,-0.1577300786,2.9850852354,-0.9055676129,-0.128843276,2.9059785061,-0.9400021203,0.1143082901,2.8260346552,-0.7418591261,0.1538817519,2.7955723895,-0.7058283001,-0.2052033955,3.042609237,-0.726965592,-0.0130133747,3.4691026872,-0.8740724175,0.1299336291,4.0251531508,-0.9178669305,0.1646105902,3.2069439548,-1.0130344903,0.2241814449,3.1889315942,-0.8250394952,0.4480712466,3.2105795091,-0.7896238711,0.8331631863,3.3320110006,-0.8277702778,0.1061649125,3.2390060812,,,,-0.8210181789,0.7683105098,3.4395862531,-0.7020752282,-0.2168680109,2.9660406036,-0.9260496983,-0.309504924,4.20576468,-0.7897535361,-0.2400931152,2.9180795562,1,1,1,-0.7245694341,0.8903925889,3.3148631137,-0.7358789145,0.9148582391,3.3197146049,-0.8459589486,0.7548648867,3.4410836363,-0.690748853,0.9223181109,3.2948191054,-0.7608108669,0.9340832184,3.3160725265,-0.7894440256,0.8359157263,3.3326744221
65,-0.8632715124,-0.2519395446,3.8420384364,-0.7988675866,-0.1594239368,2.9807397092,-0.9040634877,-0.1329379591,2.8992304075,-0.9208204564,0.1055800048,2.814678732,-0.7151517191,0.1401357305,2.7859622875,-0.7037134362,-0.2062290718,3.0392027733,-0.7277853562,-0.0121992928,3.4353054191,-0.8335294217,0.1231976543,3.8708525792,-0.9149311617,0.1641754793,3.1999350342,-1.0130251725,0.2241324264,3.1889500745,-0.8215167946,0.4450802806,3.2133946694,-0.7956689213,0.838792381,3.3460561518,-0.8226993707,0.1050397355,3.2249563153,,,,-0.8218237364,0.7690370923,3.4326739679,-0.7012444362,-0.2179842934,2.9652191657,-0.9441367382,-0.3158522648,4.2771494931,-0.7854976204,-0.2460113962,2.9077921275,1,1,1,-0.720633411,0.8913671534,3.315710563,-0.7364519389,0.9170577864,3.3206021748,-0.8454297265,0.7546312322,3.4356579172,-0.6900062333,0.9230426399,3.2959486,-0.756539463,0.9327099553,3.3155126206,-0.8031020361,0.8453939608,3.3622094061
66,-0.857254725,-0.2554679077,3.8241977426,-0.7959316406,-0.1606601887,2.9762173727,-0.9008044615,-0.1359264382,2.8945755059,-0.8916920903,0.0989395638,2.8036891199,-0.682962142,0.1325346882,2.7857023196,-0.7021699159,-0.2069776552,3.0367165869,-0.7302747495,-0.0107946716,3.3895665084,-0.7628756238,0.1142291018,3.5864179147,-0.9119780405,0.16358776,3.1931986798,-1.013018372,0.2240966506,3.1889635622,-0.8140829616,0.45235281,3.2149089843,-0.8027824258,0.8450620634,3.3625205109,-0.8168371509,0.1042185321,3.210919994,,,,-0.8224116675,0.769567384,3.4276290794,-0.6995574629,-0.2206900988,2.9605673011,-0.8827743374,-0.2977917102,4.0266742982,-0.7802302172,-0.2524920665,2.9010943803,1,1,1,-0.7145188544,0.8826229658,3.3438850022,-0.7368701572,0.9186631123,3.3212499622,-0.845043477,0.7544607009,3.4316979898,-0.6894642369,0.9235714329,3.2962326423,-0.7590952859,0.9325181565,3.3180756951,-0.8092880633,0.8536623724,3.3783622064
67,-0.8912255921,-0.269929935,4.0016369524,-0.7932485462,-0.1615624595,2.9712958363,-0.8957243194,-0.1378374048,2.8895572176,-0.8663805901,0.0940930792,2.7959385759,-0.6529850301,0.1332007075,2.7841618025,-0.7010433872,-0.2075240042,3.0349020592,-0.7337125549,-0.009229205,3.3348419079,-0.7191439185,0.1033609601,3.4142155055,-0.9087420984,0.1631588168,3.1863911,-1.0130134087,0.2240705398,3.1889734061,-0.8154113301,0.4455035909,3.2143932603,-0.8090547977,0.8331584233,3.3785892644,-0.8109377089,0.1030788694,3.1974337975,,,,-0.8228407654,0.7699544141,3.423947099,-0.6972456112,-0.2207738205,2.9617648222,-0.829884684,-0.2848804828,3.8063148197,-0.7761156794,-0.2569517873,2.89485529,1,1,1,-0.707084465,0.8667856075,3.3917337191,-0.7371753913,0.9198347495,3.3217227458,-0.8447615752,0.7543362397,3.4288078614,-0.6920403825,0.9180139325,3.3107582279,-0.7615009497,0.9283258301,3.3226479012,-0.8192060211,0.8472698355,3.3917721647
68,-0.9122368315,-0.2837268303,4.1284382953,-0.7934515561,-0.1622209762,2.9671635711,-0.8831014543,-0.1370708623,2.8842737138,-0.8395323064,0.0905559025,2.7889311085,-0.6208404851,0.135577891,2.7833076219,-0.7002211973,-0.2079227537,3.0335777375,-0.7381127094,-0.0072761904,3.2735591573,-0.694790979,0.0908362587,3.3241952668,-0.9055698976,0.1628457552,3.1798016928,-1.0130097863,0.2240514831,3.1889805906,-0.8139494256,0.4429361368,3.21347655,-0.7995845263,0.8252810941,3.3522249184,-0.8044707882,0.1022470937,3.1838087938,,,,-0.8231539398,0.7702368856,3.4212598284,-0.692316446,-0.2232663302,2.9677717936,-0.7834489689,-0.2754573037,3.6082052659,-0.766088648,-0.2599365306,2.8878703228,1,1,1,-0.6984166474,0.8455011862,3.4542117415,-0.7373981644,0.9206898616,3.3220678039,-0.8445558309,0.7542454024,3.4266985192,-0.6909488481,0.9177400123,3.308121982,-0.7594745215,0.9285079613,3.3197713045,-0.8218519253,0.8534105306,3.4039907454
69,-0.9240597233,-0.2970382832,4.2199028429,-0.7892772222,-0.1670240899,2.964147663,-0.8741588908,-0.1386726557,2.8814982062,-0.8118325669,0.0901355658,2.7846272206,-0.5917067081,0.1394741133,2.7840349846,-0.699621127,-0.2082137784,3.0326111895,-0.7132278888,-0.0258423545,3.2977221566,-0.6848516675,0.0771025276,3.2938850185,-0.9024442179,0.1626172692,3.1733715176,-1.0130071424,0.2240375746,3.1889858342,-0.8126123076,0.443223546,3.2114567136,-0.8078014555,0.8297978104,3.3753975895,-0.7981300089,0.1016400274,3.170622795,,,,-0.8233825082,0.7704430457,3.4192985407,-0.6870979881,-0.230218441,2.9548659468,-0.7414534643,-0.268579855,3.4260645252,-0.7639034495,-0.2623850832,2.88547395,1,1,1,-0.6888486201,0.8205114161,3.5270967154,-0.7375607541,0.9213139598,3.3223196425,-0.8444056698,0.7541791054,3.4251590288,-0.6915029795,0.9167296248,3.312141371,-0.7582657018,0.9264796389,3.318482307,-0.8248636469,0.8562713416,3.4064246515
70,-0.9321482751,-0.307564033,4.3004356417,-0.7865007668,-0.1640458635,2.9627569899,-0.8654709667,-0.1376804649,2.8786620506,-0.7837815539,0.0919900353,2.783106992,-0.5680121961,0.142317747,2.7834852209,-0.6991831695,-0.2084261811,3.0319057604,-0.7080333552,-0.0375016605,3.3421028365,-0.6854320528,0.0627565499,3.3074238921,-0.8990823351,0.1621803539,3.1667874007,-1.0130052129,0.2240274236,3.1889896612,-0.8116364202,0.4434333099,3.2099825485,-0.7992100947,0.82580009,3.352056744,-0.7918812933,0.1011969638,3.1577572011,,,,-0.8235493275,0.7705935104,3.417867107,-0.6808579231,-0.2325908337,2.9640874733,-0.7108033062,-0.2635603917,3.2931302371,-0.7639295332,-0.262821363,2.889938565,1,1,1,-0.6788937365,0.7928173203,3.6078472945,-0.7376794191,0.921769454,3.3225034453,-0.8442960755,0.754130719,3.4240354413,-0.6897461592,0.9211251677,3.3161555219,-0.7552222024,0.9279709988,3.3197027898,-0.8278722019,0.8618713174,3.4119832097
71,-0.9410233726,-0.3152461861,4.3570507549,-0.7842042319,-0.1618722235,2.9612017033,-0.8569688895,-0.1369563207,2.8765921,-0.7622280716,0.0911822587,2.7849691809,-0.5420739049,0.1441229992,2.7806525733,-0.6988635289,-0.2085812018,3.0313909074,-0.711806531,-0.0395273835,3.2756166264,-0.6934200174,0.0476935716,3.3526956186,-0.8958182172,0.1618614739,3.1603610867,-1.0130038046,0.2240200149,3.1889924543,-0.8109241749,0.4435864047,3.2089066383,-0.7940203683,0.8142373798,3.3398843847,-0.7851594574,0.1003332842,3.1445851403,,,,-0.8236710795,0.7707033261,3.416822384,-0.6760334943,-0.2362134033,2.9689266537,-0.6884334787,-0.2598969677,3.1961089727,-0.7631381016,-0.2628696229,2.8904954745,1,1,1,-0.6716282265,0.7726049565,3.666782603,-0.737766026,0.9221018937,3.3226375926,-0.8442160889,0.7540954044,3.423215398,-0.6892744234,0.9229824464,3.3231375682,-0.752460611,0.9258175839,3.3181621457,-0.8316889143,0.8597448321,3.4219835255
