nan,nan,nan,nan,nan,nan,nan,nan,nan,nan,nan,nan,nan,nan,nan,nan,nan,nan,nan,nan,nan,nan,nan,nan,nan,nan,nan,nan,nan,nan,nan,nan,nan,nan,nan,nan,nan,nan,nan,nan,nan,nan,nan,nan,nan,nan,nan,nan,nan,nan,nan,0.000000,0.000000,0.000000,nan,nan,nan,nan,nan,nan,nan,nan,nan,nan,nan,nan,nan,nan,nan,nan,nan,nan,nan,nan,nan,
nan,nan,nan,nan,nan,nan,nan,nan,nan,nan,nan,nan,nan,nan,nan,nan,nan,nan,nan,nan,nan,nan,nan,nan,nan,nan,nan,nan,nan,nan,nan,nan,nan,nan,nan,nan,nan,nan,nan,nan,nan,nan,nan,nan,nan,nan,nan,nan,nan,nan,nan,0.000000,0.000000,0.000000,nan,nan,nan,nan,nan,nan,nan,nan,nan,nan,nan,nan,nan,nan,nan,nan,nan,nan,nan,nan,nan,
-1.643581,-0.930749,3.419000,-1.572919,-0.850312,3.512000,-1.713836,-0.853459,3.525000,-1.748181,-0.657720,3.616000,-1.809703,-0.518407,3.830000,-1.459069,-0.847161,3.539000,-1.386828,-0.644803,3.655000,-1.405070,-0.429426,3.785000,-1.574529,-0.468881,3.769000,-1.635087,-0.462660,3.719000,-1.724337,-0.208768,3.922000,-1.653267,0.084051,4.064000,-1.490405,-0.478690,3.765000,-1.475178,-0.173768,3.860000,nan,nan,nan,-1.656013,-0.959125,3.387000,-1.603794,-0.966771,3.414000,nan,nan,nan,-2.176584,-1.433643,4.920000,-1.505211,0.223220,3.967000,-1.330425,0.206226,3.665000,-1.370576,0.132769,3.863000,-1.718446,0.180507,3.983000,-1.804043,0.141911,4.129000,-1.607975,0.095130,4.062000,
-1.651006,-0.920312,3.415000,-1.576055,-0.842373,3.519000,-1.721129,-0.847400,3.540000,-1.749632,-0.658266,3.619000,-1.807356,-0.525163,3.803000,-1.458656,-0.846922,3.538000,-1.383792,-0.643391,3.647000,-1.409448,-0.427610,3.769000,-1.572022,-0.468134,3.763000,-1.646152,-0.452723,3.721000,-1.731977,-0.197678,3.915000,-1.673043,0.083927,4.058000,-1.489613,-0.468134,3.763000,-1.475178,-0.173768,3.860000,nan,nan,nan,-1.656013,-0.949853,3.387000,-1.609832,-0.955462,3.407000,nan,nan,nan,-2.188716,-1.419308,4.917000,-1.498381,0.233017,3.949000,-1.327884,0.215846,3.658000,nan,nan,nan,-1.759914,0.182546,4.028000,-1.813587,0.141773,4.125000,-1.622283,0.095317,4.070000,
-1.650040,-0.919773,3.413000,-1.583435,-0.841177,3.514000,-1.724046,-0.848837,3.546000,-1.751566,-0.658993,3.623000,-1.800703,-0.533602,3.789000,-1.458244,-0.837000,3.537000,-1.390718,-0.641980,3.639000,-1.414492,-0.415743,3.755000,-1.581482,-0.457590,3.761000,-1.655442,-0.445034,3.742000,-1.742694,-0.197678,3.915000,-1.694943,0.084465,4.084000,-1.496726,-0.467139,3.755000,-1.478235,-0.163539,3.868000,-1.431205,0.115664,4.003000,-1.677577,-0.956864,3.412000,-1.616308,-0.953779,3.401000,nan,nan,nan,-1.559931,-1.005379,3.483000,-1.478650,0.240617,3.897000,-1.319671,0.216141,3.663000,-1.330129,0.149376,3.749000,-1.783737,0.182727,4.032000,-1.817921,0.151544,4.084000,-1.634061,0.105778,4.044000,
-1.703929,-0.929636,3.485000,-1.581632,-0.830611,3.510000,-1.737665,-0.841023,3.554000,-1.752532,-0.659357,3.625000,-1.808207,-0.543113,3.783000,-1.463776,-0.834633,3.527000,-1.392629,-0.642862,3.644000,-1.420218,-0.414414,3.743000,-1.585687,-0.458806,3.771000,-1.664351,-0.444678,3.739000,-1.749380,-0.186531,3.906000,-1.753045,0.097636,4.169000,-1.497523,-0.467388,3.757000,-1.482439,-0.153386,3.879000,-1.406893,0.124471,3.935000,-1.690378,-0.958827,3.419000,-1.621316,-0.951255,3.392000,nan,nan,nan,-1.564509,-1.002204,3.472000,-1.479409,0.240740,3.899000,-1.317510,0.225798,3.657000,nan,nan,nan,-1.780530,0.192227,4.000000,-1.822383,0.162126,4.069000,-1.649606,0.117167,4.055000,
-1.712486,-0.929102,3.483000,-1.584894,-0.827298,3.496000,-1.751327,-0.842916,3.562000,-1.799893,-0.663228,3.702000,-1.812313,-0.561888,3.770000,-1.460456,-0.832740,3.519000,-1.377725,-0.635982,3.605000,-1.407317,-0.410650,3.709000,-1.593894,-0.447889,3.766000,-1.673242,-0.434094,3.736000,-1.758270,-0.186340,3.902000,-1.784772,0.098760,4.217000,-1.504597,-0.456130,3.749000,-1.479382,-0.153069,3.871000,-1.412614,0.124977,3.951000,-2.417430,-1.356212,4.836000,-1.633005,-0.952658,3.397000,nan,nan,nan,-1.561320,-0.984694,3.444000,-1.473338,0.239752,3.883000,-1.321713,0.224810,3.641000,-1.321614,0.158617,3.725000,-1.805134,0.192515,4.006000,-1.860074,0.163481,4.103000,-1.657430,0.116936,4.047000,
-1.728447,-0.923000,3.496000,-1.600393,-0.830374,3.509000,-1.755640,-0.830592,3.551000,-1.808158,-0.666274,3.719000,nan,nan,nan,-1.472178,-0.833923,3.524000,-1.390672,-0.637393,3.613000,-1.414031,-0.399525,3.700000,-1.605482,-0.448245,3.769000,-1.688877,-0.435488,3.748000,-1.768045,-0.175569,3.900000,-1.801002,0.099017,4.228000,-1.507807,-0.457103,3.757000,-1.492673,-0.153346,3.878000,-1.415831,0.125262,3.960000,-2.409558,-1.344433,4.794000,-1.657924,-0.956303,3.410000,nan,nan,nan,-1.563451,-0.980119,3.428000,-1.468785,0.249608,3.871000,-1.323528,0.225119,3.646000,-1.322678,0.158745,3.728000,-1.816100,0.192515,4.006000,-1.845309,0.172286,4.046000,nan,nan,nan,
nan,nan,nan,-1.612752,-0.822171,3.515000,-1.766355,-0.831060,3.553000,nan,nan,nan,-2.451465,-0.784070,4.986000,-1.476779,-0.831084,3.512000,-1.383744,-0.634218,3.595000,-1.413382,-0.396501,3.672000,-1.601648,-0.447175,3.760000,-1.692482,-0.426135,3.756000,-1.765039,-0.174218,3.870000,-1.799286,0.109780,4.197000,-1.520113,-0.457711,3.762000,-1.486515,-0.152714,3.862000,nan,nan,nan,-2.412941,-1.331814,4.749000,-1.670192,-0.957986,3.416000,nan,nan,nan,-1.559141,-0.965824,3.378000,-1.465370,0.249028,3.862000,-1.324254,0.225243,3.648000,-1.323388,0.158830,3.730000,-1.833907,0.193236,4.021000,-1.868315,0.173393,4.072000,-1.694113,0.140296,4.082000,
-2.403024,-1.262260,4.781000,-1.618220,-0.820066,3.506000,-1.775081,-0.830592,3.551000,-2.434257,-0.886992,4.951000,-2.466335,-0.807300,4.961000,-1.495581,-0.830847,3.511000,-1.383119,-0.629454,3.568000,-1.403374,-0.393694,3.646000,-1.615370,-0.437812,3.768000,-1.711831,-0.428404,3.776000,-1.763215,-0.163455,3.866000,-1.776691,0.107714,4.118000,-1.528784,-0.457225,3.758000,-1.497474,-0.142178,3.863000,nan,nan,nan,-2.421855,-1.329570,4.741000,-1.685434,-0.956023,3.409000,nan,nan,nan,-1.569317,-0.966395,3.380000,-1.464232,0.248835,3.859000,-1.323891,0.225181,3.647000,-1.316292,0.157978,3.710000,-1.835738,0.203228,4.001000,-1.852256,0.182954,4.037000,-1.696603,0.140502,4.088000,
-2.428692,-1.261996,4.780000,-1.641152,-0.821938,3.514000,nan,nan,nan,-2.447315,-0.886813,4.950000,-2.480930,-0.830256,4.936000,-1.504335,-0.830374,3.509000,-1.379630,-0.627867,3.559000,-1.399525,-0.392614,3.636000,-1.616193,-0.435255,3.746000,-1.734481,-0.421057,3.803000,-1.767776,-0.153267,3.876000,-1.720172,0.115202,3.987000,-1.533259,-0.458563,3.769000,-1.493986,-0.141847,3.854000,-1.423429,0.124977,3.951000,-2.438518,-1.311593,4.723000,nan,nan,nan,nan,nan,nan,-1.577957,-0.960391,3.359000,-1.458161,0.247803,3.843000,-1.322802,0.224996,3.644000,-1.321969,0.158660,3.726000,-1.842076,0.202720,3.991000,-1.862384,0.182863,4.035000,-1.691083,0.150208,4.048000,
-2.428157,-1.248268,4.728000,-1.647953,-0.820534,3.508000,nan,nan,nan,-2.455894,-0.871498,4.940000,-2.501349,-0.841546,4.923000,-1.508764,-0.827534,3.497000,-1.385469,-0.626103,3.549000,-1.405215,-0.391426,3.625000,-1.616028,-0.432467,3.722000,-1.747645,-0.421721,3.809000,-1.770586,-0.152595,3.859000,-1.729349,0.115086,3.983000,-1.537843,-0.456860,3.755000,-1.504926,-0.141884,3.855000,nan,nan,nan,-2.450928,-1.311315,4.722000,nan,nan,nan,nan,nan,nan,-1.586680,-0.960105,3.358000,-1.483968,0.261012,3.883000,-1.323891,0.225181,3.647000,-1.321614,0.158617,3.725000,-1.835152,0.201958,3.976000,nan,nan,nan,-1.687741,0.160971,4.040000,
-2.418898,-1.224090,4.685000,-1.660505,-0.817259,3.494000,nan,nan,nan,-2.465419,-0.870087,4.932000,-2.514826,-0.841546,4.923000,-1.519171,-0.822801,3.477000,-1.389287,-0.623456,3.534000,-1.399400,-0.389806,3.610000,-1.618352,-0.430375,3.704000,-1.755303,-0.421057,3.803000,-1.770586,-0.142031,3.859000,-1.721534,0.114566,3.965000,-1.542762,-0.455278,3.742000,-1.510369,-0.141405,3.842000,nan,nan,nan,-2.443736,-1.293820,4.659000,-2.409893,-1.317147,4.743000,nan,nan,nan,-1.599807,-0.956960,3.347000,-1.477089,0.259802,3.865000,-1.334240,0.225243,3.648000,-1.353263,0.150811,3.785000,-1.764072,0.194135,3.822000,-1.865073,0.182047,4.017000,-1.697767,0.161927,4.064000,
-2.428895,-1.216251,4.655000,-1.671982,-0.818195,3.498000,-2.426616,-1.092260,4.725000,-2.476407,-0.869205,4.927000,-2.521113,-0.825714,4.909000,-1.525612,-0.821145,3.470000,-1.384570,-0.621339,3.522000,-1.397462,-0.389267,3.605000,-1.635087,-0.421938,3.719000,-1.757356,-0.419064,3.785000,-1.766457,-0.141700,3.850000,-1.721100,0.114537,3.964000,-1.556326,-0.445986,3.750000,-1.526032,-0.141884,3.855000,nan,nan,nan,-2.454908,-1.292987,4.656000,nan,nan,nan,nan,nan,nan,-1.615218,-0.951479,3.360000,-1.479764,0.260272,3.872000,-1.330948,0.224687,3.639000,nan,nan,nan,nan,nan,nan,-1.852537,0.180824,3.990000,nan,nan,nan,
-2.439015,-1.214945,4.650000,-1.675308,-0.815154,3.485000,-2.443661,-1.088331,4.708000,-2.487367,-0.854849,4.922000,-2.536616,-0.812938,4.913000,-1.540159,-0.818778,3.460000,-1.389065,-0.619046,3.509000,-1.398237,-0.389482,3.607000,-1.634207,-0.419101,3.694000,-1.779393,-0.411402,3.810000,-1.779304,-0.131331,3.855000,-1.722836,0.114653,3.968000,-1.559907,-0.444083,3.734000,-1.540970,-0.142289,3.866000,-1.484561,0.128394,4.059000,-2.468714,-1.293542,4.658000,nan,nan,nan,nan,nan,nan,-1.609913,-0.942984,3.330000,-1.494213,0.260944,3.882000,-1.351596,0.226477,3.668000,nan,nan,nan,-1.797285,0.207221,3.871000,nan,nan,nan,-1.689129,0.160055,4.017000,
-2.450163,-1.214161,4.647000,-1.677597,-0.802147,3.470000,nan,nan,nan,-2.494744,-0.852764,4.910000,-2.542295,-0.774320,4.924000,-1.546047,-0.807436,3.452000,-1.394685,-0.617282,3.499000,-1.400563,-0.390130,3.613000,-1.637197,-0.417286,3.678000,-1.769623,-0.406759,3.767000,-1.773304,-0.130888,3.842000,-1.719797,0.114451,3.961000,-1.563401,-0.442180,3.718000,-1.542322,-0.141442,3.843000,-1.504885,0.129184,4.084000,-2.479867,-1.279966,4.655000,-1.713623,-0.921697,3.319000,-2.689807,-2.028240,4.017000,-1.625349,-0.946665,3.343000,-1.507941,0.261482,3.890000,-1.356755,0.227342,3.682000,nan,nan,nan,-1.773142,0.204438,3.819000,nan,nan,nan,-1.685765,0.159736,4.009000,
-2.463944,-1.214684,4.649000,-1.673968,-0.795905,3.443000,nan,nan,nan,-2.507674,-0.852591,4.909000,-2.551589,-0.750093,4.942000,-1.550540,-0.804863,3.441000,-1.393489,-0.616753,3.496000,-1.396400,-0.386243,3.577000,-1.658911,-0.410096,3.704000,-1.770012,-0.404492,3.746000,-1.774688,-0.130990,3.845000,-1.719797,0.114451,3.961000,-1.570193,-0.441229,3.710000,-1.566177,-0.142657,3.876000,nan,nan,nan,-2.508674,-1.288215,4.685000,-1.719075,-0.919754,3.312000,nan,nan,nan,-1.635478,-0.947231,3.345000,-1.506390,0.261213,3.886000,-1.393191,0.231726,3.753000,nan,nan,nan,nan,nan,nan,nan,nan,nan,-1.683242,0.159497,4.003000,
-2.474014,-1.219648,4.668000,-1.679971,-0.794287,3.436000,nan,nan,nan,-2.522140,-0.839494,4.911000,-2.550557,-0.722743,4.940000,-1.554067,-0.801822,3.428000,-1.399448,-0.605619,3.487000,-1.397180,-0.386459,3.579000,-1.670402,-0.410428,3.707000,-1.783594,-0.405248,3.753000,-1.783821,-0.120371,3.842000,-1.722402,0.114624,3.967000,-1.578645,-0.430608,3.706000,-1.581669,-0.132455,3.888000,-1.553869,0.141773,4.125000,-2.518808,-1.274029,4.680000,-1.715961,-0.909037,3.306000,-2.493800,-1.788904,3.834000,-1.642812,-0.951479,3.360000,-1.519370,0.261617,3.892000,-1.417301,0.244385,3.790000,-1.563663,0.119941,4.151000,nan,nan,nan,nan,nan,nan,-1.682401,0.159417,4.001000,
nan,nan,nan,-1.677085,-0.788508,3.411000,-1.834841,-0.790820,3.462000,nan,nan,nan,-2.560366,-0.684798,4.959000,-1.544093,-0.796676,3.406000,-1.408589,-0.605445,3.486000,-1.396400,-0.386243,3.577000,-1.673296,-0.408657,3.691000,-1.769490,-0.399741,3.702000,-1.781035,-0.120183,3.836000,-1.725397,0.114104,3.949000,-1.570552,-0.428400,3.687000,-1.569787,-0.130581,3.833000,-1.558711,0.141189,4.108000,nan,nan,nan,-1.706618,-0.904088,3.288000,-2.728840,-1.912749,4.249000,-1.651518,-0.951196,3.359000,-1.515086,0.269613,3.854000,-1.437470,0.246062,3.816000,-1.605451,0.097682,4.171000,-1.825607,0.210487,3.932000,nan,nan,nan,-1.692508,0.159337,3.999000,
-1.799568,-0.873352,3.378000,-1.671677,-0.785965,3.400000,-1.837925,-0.788079,3.450000,nan,nan,nan,-2.551413,-0.658841,4.968000,-1.553417,-0.796676,3.406000,-1.415054,-0.598638,3.502000,-1.399132,-0.377188,3.584000,-1.660603,-0.405557,3.663000,-1.764233,-0.388449,3.691000,-1.780571,-0.120151,3.835000,-1.728456,0.114306,3.956000,-1.569499,-0.415357,3.661000,-1.555453,-0.129389,3.798000,-1.578123,0.152138,4.100000,-1.770700,-0.895631,3.290000,-1.707137,-0.904363,3.289000,-2.716136,-1.858141,4.284000,-1.650043,-0.950346,3.356000,-1.526032,0.269683,3.855000,-1.469544,0.249737,3.873000,-1.676265,0.076515,4.264000,nan,nan,nan,nan,nan,nan,-1.691661,0.148316,3.997000,
-1.787848,-0.867664,3.356000,-1.675546,-0.783422,3.389000,-1.844318,-0.790820,3.462000,nan,nan,nan,-2.557063,-0.646670,4.979000,-1.546120,-0.783653,3.390000,-1.415458,-0.598809,3.503000,-1.402646,-0.378135,3.593000,-1.679296,-0.397581,3.682000,-1.773375,-0.388238,3.689000,-1.790135,-0.120089,3.833000,-1.725397,0.114104,3.949000,-1.578658,-0.415130,3.659000,-1.555131,-0.118177,3.772000,-1.571515,0.161529,4.054000,-1.768010,-0.885278,3.285000,-1.705580,-0.903538,3.286000,-2.700852,-1.828491,4.297000,-1.656927,-0.945086,3.370000,-1.542165,0.270662,3.869000,-1.480528,0.260407,3.874000,-1.731350,0.053793,4.314000,nan,nan,nan,nan,nan,nan,-1.700899,0.148167,3.993000,
-1.741032,-0.849307,3.285000,-1.668130,-0.779955,3.374000,-1.834196,-0.786480,3.443000,-1.833020,-0.600518,3.513000,nan,nan,nan,-1.545663,-0.783422,3.389000,-1.425048,-0.589219,3.503000,-1.404988,-0.378766,3.599000,-1.675647,-0.396717,3.674000,-1.777672,-0.386975,3.677000,-1.795460,-0.119744,3.822000,-1.726271,0.114162,3.951000,-1.575206,-0.404228,3.651000,-1.537815,-0.116862,3.730000,-1.603538,0.162525,4.079000,-1.754016,-0.878271,3.259000,-1.697275,-0.890187,3.270000,-2.690967,-1.806225,4.300000,-2.370340,-1.352005,4.821000,-1.554763,0.271012,3.874000,-1.478618,0.260071,3.869000,-1.784389,0.018548,4.357000,nan,nan,nan,-1.881673,0.193621,4.029000,-1.705828,0.147648,3.979000,
-1.733082,-0.845429,3.270000,-1.667141,-0.770262,3.372000,-1.829699,-0.780541,3.417000,-1.832671,-0.587705,3.494000,-1.927426,-0.456616,3.753000,-1.539734,-0.780417,3.376000,-1.425454,-0.579795,3.504000,-1.413967,-0.371272,3.622000,-1.674234,-0.394018,3.649000,-1.765586,-0.384344,3.652000,-1.802143,-0.119493,3.814000,-1.735768,0.114075,3.948000,-1.583030,-0.403675,3.646000,-1.540970,-0.116329,3.713000,-1.597286,0.171817,4.035000,-1.742714,-0.863748,3.238000,-1.691047,-0.886920,3.258000,-2.723509,-1.816154,4.352000,-2.363987,-1.355932,4.835000,-1.548743,0.269962,3.859000,-1.489979,0.260205,3.871000,-1.865706,-0.017665,4.466000,-1.824228,0.219787,3.906000,-1.893816,0.194870,4.055000,-1.709257,0.137031,3.987000,
-1.724602,-0.841292,3.254000,-1.662197,-0.767977,3.362000,-1.823273,-0.777800,3.405000,-1.838965,-0.589724,3.506000,-1.911506,-0.442656,3.722000,-1.540190,-0.771404,3.377000,-1.435218,-0.574109,3.528000,-1.418261,-0.372399,3.633000,-1.682493,-0.395961,3.667000,-1.762202,-0.383608,3.645000,-1.811158,-0.108967,3.811000,-1.743479,0.113873,3.941000,-1.579991,-0.392938,3.639000,-1.538065,-0.105965,3.706000,-1.592787,0.181096,3.996000,-1.740023,-0.862414,3.233000,-1.694680,-0.879888,3.265000,-2.722257,-1.827227,4.350000,-2.374255,-1.361821,4.856000,-1.566177,0.271152,3.876000,-1.491133,0.260407,3.874000,-1.914281,-0.042653,4.523000,-1.813954,0.218549,3.884000,-1.876730,0.191987,3.995000,-1.709386,0.136171,3.962000,
-1.716122,-0.828292,3.238000,-1.653792,-0.764094,3.345000,-1.806138,-0.761257,3.373000,-1.831097,-0.587201,3.491000,-1.898153,-0.439564,3.696000,-1.533349,-0.767977,3.362000,-1.440913,-0.576387,3.542000,-1.430363,-0.365547,3.664000,-1.677904,-0.384870,3.657000,-1.775097,-0.384239,3.651000,-1.820157,-0.108881,3.808000,-1.746133,0.114046,3.947000,-1.574780,-0.391642,3.627000,-1.531010,-0.105478,3.689000,-1.538977,0.174978,3.861000,-1.722800,-0.853878,3.201000,-1.670253,-0.871803,3.235000,-2.714121,-1.833639,4.337000,-2.369854,-1.346028,4.847000,-1.534255,0.276019,3.797000,-1.484682,0.267934,3.830000,-1.608082,-0.045642,3.751000,nan,nan,nan,-1.885777,0.202720,3.991000,-1.715455,0.146609,3.951000,
-1.699349,-0.824455,3.223000,-1.650826,-0.762724,3.339000,-1.802390,-0.759677,3.366000,-1.827472,-0.582996,3.466000,-1.901042,-0.437899,3.682000,-1.526052,-0.764323,3.346000,-1.440100,-0.566371,3.540000,-1.444324,-0.366545,3.674000,-1.677761,-0.382555,3.635000,-1.765859,-0.372297,3.632000,-1.834907,-0.109138,3.817000,-1.751151,0.124440,3.934000,-1.573478,-0.391318,3.624000,-1.536513,-0.105164,3.678000,-1.544329,0.184922,3.848000,-1.724953,-0.846171,3.205000,-1.667672,-0.870456,3.230000,nan,nan,nan,-2.373277,-1.347972,4.854000,-1.537488,0.276601,3.805000,-1.487008,0.268353,3.836000,-1.608859,-0.055582,3.729000,nan,nan,nan,nan,nan,nan,-1.725397,0.146535,3.949000,
-1.697767,-0.823687,3.220000,-1.645387,-0.760211,3.328000,-1.791145,-0.754937,3.345000,-1.817982,-0.579968,3.448000,-1.899493,-0.437542,3.679000,-1.524227,-0.763409,3.342000,-1.437659,-0.565411,3.534000,-1.451007,-0.358137,3.691000,-1.675453,-0.382029,3.630000,-1.756621,-0.370349,3.613000,-1.835687,-0.108566,3.797000,-1.782603,0.135965,3.956000,-1.571741,-0.380977,3.620000,-1.538184,-0.095199,3.682000,-1.548342,0.185403,3.858000,-1.719571,-0.843531,3.195000,-1.662508,-0.858946,3.220000,-2.705992,-1.886252,4.268000,-2.374744,-1.348805,4.857000,-1.535699,0.274420,3.775000,-1.484682,0.267934,3.830000,-1.611447,-0.035222,3.735000,-1.840148,0.239073,3.872000,-1.897112,0.223332,3.969000,-1.733570,0.157106,3.943000,
-1.691742,-0.807787,3.192000,-1.633521,-0.745684,3.304000,-1.807299,-0.757871,3.358000,-1.826361,-0.579632,3.446000,-1.887246,-0.432428,3.636000,-1.518754,-0.760668,3.330000,-1.435218,-0.554793,3.528000,-1.443931,-0.356390,3.673000,-1.657914,-0.378030,3.592000,-1.753311,-0.367582,3.586000,-1.862343,-0.108910,3.809000,-1.806126,0.147834,3.984000,-1.571165,-0.378451,3.596000,-1.534424,-0.094966,3.673000,-1.555267,0.184970,3.849000,-1.705577,-0.836667,3.169000,-1.652638,-0.849343,3.184000,-2.717848,-1.936468,4.250000,-2.362520,-1.341863,4.832000,nan,nan,nan,-1.494761,0.269753,3.856000,-1.601223,-0.014773,3.735000,-1.875768,0.251607,3.902000,-1.882499,0.231070,3.916000,-1.746576,0.168113,3.948000,
-1.691742,-0.807787,3.192000,-1.630555,-0.744330,3.298000,-1.801916,-0.746449,3.348000,-1.831532,-0.578286,3.438000,-1.890416,-0.440800,3.623000,-1.515562,-0.759069,3.323000,-1.423827,-0.550390,3.500000,-1.445673,-0.344355,3.652000,-1.657453,-0.368094,3.591000,-1.737665,-0.364302,3.554000,nan,nan,nan,nan,nan,nan,-1.565922,-0.377188,3.584000,-1.534006,-0.084888,3.672000,-1.556883,0.195710,3.853000,-1.713712,-0.827730,3.168000,-1.644333,-0.836403,3.168000,-2.498850,-1.821225,3.858000,nan,nan,nan,-1.544242,0.275947,3.796000,-1.488171,0.268563,3.839000,-1.580351,0.015896,3.734000,-1.866145,0.270032,3.860000,-1.899563,0.241234,3.907000,-1.755603,0.178739,3.944000,
-1.699947,-0.807534,3.191000,-1.635109,-0.742299,3.289000,-1.805131,-0.743997,3.337000,-1.832598,-0.578622,3.440000,-1.887221,-0.447607,3.598000,-1.512369,-0.748392,3.316000,-1.419759,-0.548817,3.490000,-1.441319,-0.333351,3.641000,-1.658461,-0.366147,3.572000,-1.750344,-0.364917,3.560000,-2.143255,-0.112082,4.335000,-1.863307,0.182954,4.037000,-1.564174,-0.376767,3.580000,-1.540694,-0.084703,3.664000,-1.556075,0.195608,3.851000,-1.703434,-0.822766,3.149000,-1.656136,-0.837987,3.174000,nan,nan,nan,nan,nan,nan,-1.511291,0.270058,3.715000,-1.490497,0.268983,3.845000,-1.587369,0.057406,3.775000,-1.866743,0.277546,3.818000,-1.905712,0.249931,3.876000,-1.737288,0.186412,3.879000,
-1.733314,-0.810314,3.237000,-1.629116,-0.735528,3.259000,-1.793230,-0.739092,3.315000,-1.887491,-0.589892,3.507000,-1.901090,-0.446239,3.587000,-1.512270,-0.743878,3.296000,-1.412931,-0.542527,3.450000,-1.430160,-0.328498,3.588000,-1.651033,-0.364507,3.556000,-1.757123,-0.354573,3.554000,nan,nan,nan,nan,nan,nan,-1.562543,-0.364302,3.554000,-1.540694,-0.074673,3.664000,-1.554054,0.195355,3.846000,-1.737607,-0.835046,3.196000,-1.654334,-0.824072,3.154000,-2.672808,-2.023696,4.008000,-1.590508,-0.884565,3.217000,-1.512105,0.270204,3.717000,-1.487396,0.268423,3.837000,-1.569607,0.098925,3.782000,-1.885175,0.287620,3.813000,-1.902479,0.269193,3.848000,-1.762776,0.209416,3.912000,
-1.761551,-0.819325,3.273000,-1.632006,-0.732819,3.247000,-1.795237,-0.727154,3.302000,-1.904665,-0.601886,3.521000,-1.901320,-0.453770,3.569000,-1.505847,-0.740719,3.282000,-1.409245,-0.541112,3.441000,-1.433160,-0.317166,3.571000,-1.638817,-0.359689,3.509000,-1.759101,-0.354972,3.558000,nan,nan,nan,-1.803916,0.205562,3.840000,-1.559905,-0.363687,3.548000,-1.543638,-0.064767,3.671000,-1.556075,0.206151,3.851000,-2.537104,-1.194459,4.620000,-1.655702,-0.816234,3.124000,-2.738128,-2.114551,4.056000,-1.580127,-0.869167,3.161000,nan,nan,nan,-1.490884,0.269053,3.846000,-1.571622,0.131016,3.812000,-1.881693,0.306231,3.785000,-1.909550,0.277691,3.820000,-1.777112,0.220575,3.920000,
-1.800674,-0.829088,3.312000,-1.646453,-0.726383,3.258000,nan,nan,nan,nan,nan,nan,-2.610841,-0.630045,4.851000,-1.510677,-0.738687,3.273000,-1.417840,-0.540797,3.439000,-1.425133,-0.305669,3.551000,-1.654999,-0.351480,3.523000,-1.755915,-0.342709,3.532000,nan,nan,nan,-1.826241,0.228061,3.865000,-1.570945,-0.363994,3.551000,-1.541837,-0.064273,3.643000,-1.552842,0.205722,3.843000,-2.533746,-1.186962,4.591000,-1.669582,-0.810268,3.134000,nan,nan,nan,-1.582247,-0.856975,3.148000,nan,nan,nan,-1.493605,0.267654,3.826000,-1.564583,0.163769,3.846000,-1.889850,0.314501,3.760000,-1.917996,0.287847,3.816000,-1.775529,0.240370,3.893000,
nan,nan,nan,-1.650799,-0.724377,3.249000,nan,nan,nan,-2.615084,-0.814024,4.762000,-2.631420,-0.641866,4.840000,-1.511744,-0.734851,3.256000,-1.405259,-0.532463,3.386000,-1.416267,-0.301710,3.505000,-1.634875,-0.345194,3.460000,-1.768083,-0.343194,3.537000,-1.861735,-0.064996,3.684000,-1.811633,0.235369,3.812000,-1.558409,-0.358869,3.501000,-1.547976,-0.054166,3.634000,-1.553246,0.205776,3.844000,-2.563898,-1.189289,4.600000,-1.686740,-0.810268,3.134000,nan,nan,nan,-1.579158,-0.846086,3.108000,nan,nan,nan,nan,nan,nan,-1.554458,0.184874,3.847000,-1.882960,0.332057,3.726000,-1.905702,0.305098,3.771000,-1.777009,0.249737,3.873000,
nan,nan,nan,-1.663452,-0.722147,3.239000,nan,nan,nan,-2.640047,-0.813682,4.760000,-2.640346,-0.637622,4.808000,-1.524403,-0.732368,3.245000,-1.418288,-0.524584,3.395000,-1.418539,-0.300160,3.487000,-1.636743,-0.343598,3.444000,-1.792501,-0.334454,3.547000,-1.841521,-0.054315,3.644000,-1.790044,0.241484,3.745000,-1.556348,-0.356204,3.475000,-1.551493,-0.053942,3.619000,-1.556075,0.206151,3.851000,-2.583212,-1.192391,4.612000,-1.695743,-0.806389,3.119000,nan,nan,nan,-1.584090,-0.844180,3.101000,nan,nan,nan,-1.485797,0.276674,3.806000,-1.556075,0.206151,3.851000,-1.881982,0.340236,3.704000,-1.915109,0.313581,3.749000,-1.772380,0.268633,3.840000,
-2.542718,-1.129511,4.562000,-1.671286,-0.721701,3.237000,-2.665548,-1.034982,4.759000,-2.658266,-0.811289,4.746000,-2.668333,-0.624850,4.811000,-1.526199,-0.728983,3.230000,-1.413705,-0.519485,3.362000,-1.435569,-0.290198,3.482000,-1.644259,-0.333782,3.440000,-1.802719,-0.334549,3.548000,-1.857594,-0.044486,3.656000,-1.817601,0.254155,3.781000,-1.554596,-0.353641,3.450000,-1.554065,-0.044108,3.625000,-1.543145,0.214892,3.819000,-2.585274,-1.169278,4.571000,nan,nan,nan,nan,nan,nan,-1.593323,-0.840097,3.086000,-1.524309,0.282642,3.747000,-1.496728,0.278709,3.834000,nan,nan,nan,-1.887524,0.349524,3.695000,-1.910512,0.323067,3.740000,-1.768226,0.278491,3.831000,
-2.525482,-1.098658,4.487000,-1.679616,-0.708876,3.219000,-2.681988,-1.018303,4.742000,-2.656624,-0.793924,4.720000,-2.698034,-0.625629,4.817000,-1.540537,-0.727403,3.223000,-1.411904,-0.515468,3.336000,-1.444270,-0.290031,3.480000,-1.646946,-0.332424,3.426000,-1.810900,-0.324562,3.545000,-1.842571,-0.034015,3.607000,-1.791693,0.259259,3.706000,-1.554067,-0.351386,3.428000,-1.573043,-0.034166,3.623000,-1.567837,0.216861,3.854000,-2.617152,-1.172348,4.583000,nan,nan,nan,nan,nan,nan,-1.597175,-0.833291,3.061000,nan,nan,nan,-1.493858,0.276237,3.800000,nan,nan,nan,-1.879151,0.356135,3.659000,-1.887368,0.327512,3.675000,-1.761999,0.286263,3.795000,
nan,nan,nan,-1.696185,-0.708436,3.217000,-2.688534,-1.011002,4.708000,-2.680193,-0.780341,4.716000,-2.746464,-0.604108,4.856000,-1.541668,-0.723792,3.207000,-1.413795,-0.512841,3.319000,-1.454215,-0.290115,3.481000,-1.647139,-0.330580,3.407000,-1.806738,-0.322090,3.518000,-1.838485,-0.024088,3.599000,-1.785408,0.268459,3.693000,-1.561626,-0.341603,3.424000,-1.579029,-0.034081,3.614000,-1.553599,0.214892,3.819000,-2.664729,-1.182324,4.622000,nan,nan,nan,nan,nan,nan,-1.609715,-0.831113,3.053000,-1.532109,0.302671,3.741000,-1.486050,0.283170,3.754000,nan,nan,nan,-1.884004,0.355162,3.649000,-1.888395,0.337756,3.677000,-1.738320,0.282416,3.744000,
-2.577483,-1.087586,4.492000,-1.699162,-0.706013,3.206000,-2.704865,-0.999386,4.714000,-2.691961,-0.767106,4.714000,-2.757484,-0.590328,4.852000,-1.554851,-0.721761,3.198000,-1.419880,-0.511760,3.312000,-1.463323,-0.290031,3.480000,-1.673126,-0.322668,3.422000,-1.835860,-0.314147,3.537000,-1.836525,-0.014144,3.576000,-1.774772,0.266860,3.671000,-1.565035,-0.340306,3.411000,-1.597716,-0.024322,3.634000,-1.570606,0.215792,3.835000,-2.660003,-1.174650,4.592000,nan,nan,nan,nan,nan,nan,-1.617013,-0.822217,3.051000,-1.553481,0.315170,3.768000,-1.500712,0.294306,3.765000,nan,nan,nan,-1.875227,0.363450,3.632000,-1.884521,0.345268,3.650000,-1.747142,0.294150,3.763000,
-2.599581,-1.091702,4.509000,-1.711360,-0.695062,3.196000,-2.734729,-1.000870,4.721000,-2.713734,-0.753081,4.707000,-2.790754,-0.567831,4.887000,-1.555782,-0.718150,3.182000,-1.430632,-0.509133,3.295000,-1.446186,-0.284781,3.417000,-1.664793,-0.319273,3.386000,-1.846586,-0.304636,3.539000,-1.825226,-0.014057,3.554000,-1.783848,0.266714,3.669000,-1.564680,-0.338211,3.390000,-1.603682,-0.024262,3.625000,nan,nan,nan,-2.671695,-1.156259,4.569000,nan,nan,nan,nan,nan,nan,-1.628898,-0.819791,3.042000,-1.553421,0.323326,3.743000,-1.513828,0.305179,3.772000,nan,nan,nan,-1.855091,0.359547,3.593000,nan,nan,nan,-1.750856,0.294775,3.771000,
nan,nan,nan,-1.710959,-0.691365,3.179000,-2.741833,-0.985854,4.711000,-2.724302,-0.739567,4.703000,-2.787492,-0.537864,4.858000,-1.562526,-0.708547,3.178000,-1.440526,-0.509442,3.297000,-1.471753,-0.286114,3.433000,-1.668130,-0.308906,3.374000,-1.834769,-0.301107,3.498000,-1.833923,-0.004326,3.552000,-1.783362,0.266642,3.668000,-1.572567,-0.328640,3.387000,-1.620728,-0.014402,3.641000,-1.601148,0.227648,3.858000,-2.666578,-1.148667,4.539000,-1.749146,-0.783526,3.063000,nan,nan,nan,-1.635072,-0.810397,3.038000,-1.553223,0.341522,3.718000,-1.520517,0.314752,3.763000,nan,nan,nan,nan,nan,nan,nan,nan,nan,-1.755108,0.293759,3.758000,
nan,nan,nan,-1.710466,-0.679012,3.162000,-2.744203,-0.982087,4.693000,-2.742996,-0.728238,4.713000,-2.801367,-0.511372,4.859000,-1.564799,-0.705649,3.165000,-1.453948,-0.501934,3.307000,-1.484171,-0.277281,3.440000,-1.680846,-0.300291,3.381000,-1.834854,-0.290031,3.480000,-1.830825,0.005388,3.546000,-1.779959,0.266133,3.661000,-1.592113,-0.321442,3.409000,nan,nan,nan,-1.619647,0.239382,3.877000,-2.701432,-1.158283,4.577000,-1.763843,-0.786340,3.074000,nan,nan,nan,-1.641225,-0.809330,3.034000,-1.557514,0.350376,3.704000,-1.527156,0.324276,3.754000,-1.519674,0.257860,3.686000,nan,nan,nan,nan,nan,nan,-1.754174,0.293603,3.756000,
-1.860675,-0.765294,3.197000,-1.719122,-0.679012,3.162000,nan,nan,nan,-2.768178,-0.718523,4.734000,-2.791566,-0.483073,4.842000,-1.570977,-0.695884,3.160000,-1.463885,-0.502238,3.309000,-1.469708,-0.272847,3.385000,-1.689602,-0.300202,3.380000,-1.822121,-0.277119,3.438000,-1.835471,0.005402,3.555000,-1.782876,0.266569,3.667000,-1.600036,-0.321159,3.406000,nan,nan,nan,-1.647222,0.250962,3.892000,-2.698481,-1.157018,4.572000,-1.727694,-0.770224,3.011000,nan,nan,nan,-1.669895,-0.815017,3.087000,-1.576941,0.360321,3.702000,-1.543174,0.333572,3.743000,nan,nan,nan,nan,nan,nan,-1.839602,0.346792,3.563000,-1.749036,0.292743,3.745000,
-1.826155,-0.739030,3.123000,-1.706074,-0.665268,3.138000,-1.859780,-0.650773,3.151000,-2.776365,-0.707651,4.748000,nan,nan,nan,-1.567497,-0.694342,3.153000,-1.481401,-0.496011,3.328000,-1.492082,-0.275265,3.415000,-1.692320,-0.289831,3.367000,-1.819279,-0.275265,3.415000,-1.833784,0.015040,3.533000,-1.778986,0.265988,3.659000,-1.622118,-0.314307,3.433000,nan,nan,nan,-1.646375,0.259802,3.865000,-2.737680,-1.168406,4.617000,-1.732858,-0.772527,3.020000,-2.690917,-1.963959,3.954000,-1.673141,-0.816601,3.093000,-1.560067,0.374112,3.639000,-1.540555,0.351132,3.712000,-1.613440,0.278927,3.837000,-1.852509,0.368869,3.588000,nan,nan,nan,-1.754641,0.293681,3.757000,
-1.812122,-0.733351,3.099000,-1.703735,-0.661028,3.118000,-1.866863,-0.653251,3.163000,-2.801699,-0.710780,4.769000,nan,nan,nan,-1.572129,-0.683971,3.145000,-1.477395,-0.494670,3.319000,-1.510224,-0.267474,3.435000,-1.704569,-0.281114,3.373000,-1.827557,-0.265761,3.413000,-1.831189,0.015019,3.528000,-1.781417,0.266351,3.664000,-1.621535,-0.303044,3.412000,nan,nan,nan,-1.645809,0.268563,3.839000,nan,nan,nan,-1.723677,-0.768434,3.004000,-2.756932,-2.012139,4.051000,-1.663945,-0.812113,3.076000,-1.567009,0.383335,3.632000,-1.543615,0.359639,3.695000,-1.612093,0.287319,3.809000,nan,nan,nan,nan,nan,nan,-1.750362,0.291258,3.726000,
-1.769300,-0.719389,3.040000,-1.698271,-0.658908,3.108000,-1.863321,-0.652012,3.157000,-1.980400,-0.493192,3.371000,-2.472946,-0.377385,4.249000,-1.568630,-0.682449,3.138000,-1.482450,-0.484267,3.310000,-1.495275,-0.264827,3.401000,-1.698505,-0.280113,3.361000,-1.816312,-0.264126,3.392000,-1.838975,0.024782,3.543000,-1.778500,0.265915,3.658000,-1.620838,-0.291897,3.391000,-1.599446,0.014840,3.486000,-1.648552,0.277764,3.821000,-1.761081,-0.751606,2.970000,-1.720809,-0.767155,2.999000,nan,nan,nan,nan,nan,nan,-1.560537,0.391653,3.617000,-1.545320,0.367753,3.675000,-1.615279,0.296417,3.792000,-1.863868,0.371131,3.610000,-1.819982,0.333443,3.525000,-1.753181,0.281510,3.732000,
-1.750094,-0.711580,3.007000,-1.694446,-0.648935,3.101000,-1.863662,-0.649120,3.143000,-1.978414,-0.490412,3.352000,-2.412417,-0.356801,4.145000,-1.566131,-0.672785,3.133000,-1.477523,-0.482658,3.299000,-1.516973,-0.267007,3.429000,-1.703641,-0.270268,3.353000,-1.805067,-0.253263,3.371000,-1.845543,0.024740,3.537000,-1.774611,0.265333,3.650000,-1.617014,-0.291208,3.383000,-1.602527,0.024285,3.472000,-1.650762,0.286791,3.802000,-1.760488,-0.751353,2.969000,-1.712201,-0.763318,2.984000,nan,nan,nan,-2.506195,-1.210503,4.633000,-1.559150,0.398668,3.591000,-1.546915,0.365752,3.655000,-1.614942,0.304775,3.767000,-1.854575,0.369280,3.592000,nan,nan,nan,-1.754121,0.281661,3.734000,
-1.744179,-0.712527,3.011000,-1.687588,-0.649563,3.104000,-1.844434,-0.645403,3.125000,-1.974282,-0.480231,3.345000,nan,nan,nan,-1.566631,-0.672999,3.134000,-1.482002,-0.475063,3.309000,-1.518742,-0.257921,3.433000,-1.706182,-0.261479,3.358000,-1.808280,-0.253714,3.377000,-1.846065,0.024747,3.538000,-1.780931,0.266278,3.663000,-1.611756,-0.281030,3.372000,-1.593758,0.024152,3.453000,-1.651631,0.286942,3.804000,-1.753541,-0.743726,2.971000,-1.705746,-0.764085,2.987000,nan,nan,nan,-2.512146,-1.213377,4.644000,-1.563737,0.407134,3.579000,-1.555643,0.375449,3.652000,-1.619214,0.313916,3.753000,nan,nan,nan,-1.896589,0.345646,3.654000,-1.755365,0.280228,3.715000,
-1.740124,-0.710870,3.004000,-1.675627,-0.644959,3.082000,-1.820235,-0.636935,3.084000,-1.929426,-0.469320,3.269000,-1.964854,-0.281364,3.376000,-1.549600,-0.660816,3.117000,-1.478867,-0.474058,3.302000,-1.532146,-0.258597,3.442000,-1.707706,-0.261712,3.361000,-1.796500,-0.242876,3.355000,-1.845543,0.034422,3.537000,-1.778986,0.265988,3.659000,-1.608888,-0.271316,3.366000,-1.591450,0.033556,3.448000,-1.585146,0.283597,3.628000,-1.739375,-0.737718,2.947000,-1.699464,-0.753125,2.976000,nan,nan,nan,-2.503200,-1.215206,4.651000,-1.562863,0.406906,3.577000,-1.537346,0.378480,3.586000,nan,nan,nan,-1.838975,0.364243,3.543000,nan,nan,nan,-1.755837,0.280304,3.716000,
-1.723829,-0.707557,2.990000,-1.671821,-0.635076,3.075000,-1.816104,-0.635489,3.077000,-1.862904,-0.455251,3.171000,-1.968928,-0.281947,3.383000,-1.547114,-0.659756,3.112000,-1.484241,-0.466709,3.314000,-1.532146,-0.249175,3.442000,-1.709230,-0.261946,3.364000,-1.782578,-0.240994,3.329000,-1.847882,0.034286,3.523000,-1.785091,0.265406,3.651000,-1.604587,-0.270590,3.357000,-1.596989,0.043144,3.460000,-1.575971,0.291830,3.607000,-1.726021,-0.735465,2.938000,-1.688476,-0.751859,2.971000,nan,nan,nan,-2.505891,-1.216513,4.656000,-1.555069,0.412038,3.537000,-1.498333,0.368876,3.495000,-1.547861,0.307950,3.565000,nan,nan,nan,nan,nan,nan,-1.745099,0.276985,3.672000,
-1.712299,-0.702824,2.970000,-1.660158,-0.633837,3.069000,-1.811382,-0.633837,3.069000,-1.856441,-0.453671,3.160000,-1.963722,-0.282530,3.390000,-1.536123,-0.650191,3.107000,-1.478867,-0.455979,3.302000,-1.526805,-0.238916,3.430000,-1.702117,-0.251685,3.350000,-1.775616,-0.240053,3.316000,-1.852254,0.034189,3.513000,-1.784114,0.275250,3.649000,-1.599329,-0.260544,3.346000,-1.584065,0.042795,3.432000,-1.602186,0.296684,3.667000,-1.720146,-0.732962,2.928000,-1.669721,-0.743508,2.938000,nan,nan,nan,-2.491004,-1.215467,4.652000,-1.539241,0.407845,3.501000,nan,nan,nan,-1.596506,0.315638,3.654000,nan,nan,nan,nan,nan,nan,-1.755151,0.287037,3.672000,
-1.716334,-0.704481,2.977000,-1.655831,-0.632185,3.061000,-1.804743,-0.626047,3.072000,-1.864666,-0.455681,3.174000,-1.962564,-0.282364,3.388000,-1.533157,-0.648935,3.101000,-1.475732,-0.455013,3.295000,-1.518347,-0.228255,3.411000,-1.696528,-0.250859,3.339000,-1.775081,-0.230906,3.315000,-1.850145,0.034150,3.509000,-1.794594,0.275325,3.650000,-1.593593,-0.259610,3.334000,-1.592835,0.052479,3.451000,-1.596943,0.305719,3.655000,-1.714858,-0.722718,2.919000,-1.676950,-0.742224,2.965000,nan,nan,nan,-2.489397,-1.201957,4.649000,-1.573974,0.417048,3.580000,-1.533356,0.375103,3.554000,-1.599128,0.326175,3.660000,-1.935811,0.391568,3.710000,-1.926560,0.357498,3.673000,-1.760887,0.287975,3.684000,
-1.705316,-0.695162,2.972000,-1.645298,-0.631359,3.057000,-1.800043,-0.624417,3.064000,-1.857616,-0.453958,3.162000,nan,nan,nan,-1.528213,-0.646842,3.091000,-1.470273,-0.447076,3.303000,-1.510337,-0.219110,3.414000,-1.686874,-0.249431,3.320000,-1.767049,-0.229861,3.300000,-1.853920,0.034043,3.498000,-1.803597,0.285161,3.648000,-1.591203,-0.250107,3.329000,-1.584988,0.052221,3.434000,-1.589362,0.302373,3.615000,-1.716621,-0.723461,2.922000,-1.671859,-0.739971,2.956000,nan,nan,nan,-2.483063,-1.205060,4.661000,-1.527810,0.404816,3.475000,-1.556654,0.390679,3.608000,-1.596506,0.325641,3.654000,-1.907153,0.383757,3.636000,nan,nan,nan,-1.764722,0.297008,3.671000,
-1.688084,-0.684870,2.928000,-1.637763,-0.628467,3.043000,-1.807680,-0.627066,3.077000,-1.831418,-0.441078,3.132000,nan,nan,nan,-1.516309,-0.636935,3.084000,-1.455138,-0.442474,3.269000,-1.493968,-0.216736,3.377000,-1.689922,-0.240777,3.326000,-1.764372,-0.229513,3.295000,-1.856570,0.033916,3.485000,-1.800136,0.284613,3.641000,-1.584511,-0.249055,3.315000,-1.576680,0.051947,3.416000,-1.589802,0.302457,3.616000,-1.702521,-0.717519,2.898000,-1.657720,-0.725689,2.931000,nan,nan,nan,-2.471343,-1.199372,4.639000,-1.554190,0.411805,3.535000,-1.550182,0.389055,3.593000,-1.580340,0.332245,3.617000,-1.895260,0.387214,3.576000,-1.944549,0.367153,3.669000,-1.769263,0.304380,3.639000,
-1.697885,-0.688846,2.945000,-1.633458,-0.618507,3.035000,-1.779376,-0.620137,3.043000,-1.829079,-0.440514,3.128000,-2.343949,-0.340453,4.085000,-1.511884,-0.635076,3.075000,-1.452913,-0.432862,3.264000,-1.479811,-0.205525,3.345000,-1.684333,-0.239981,3.315000,-1.750985,-0.227772,3.270000,-1.856570,0.033916,3.485000,-1.811098,0.294742,3.643000,-1.571159,-0.248379,3.306000,-1.578988,0.061388,3.421000,-1.583207,0.311060,3.601000,-1.701346,-0.709096,2.896000,-1.656023,-0.724947,2.928000,nan,nan,nan,nan,nan,nan,-1.562983,0.414135,3.555000,-1.531630,0.384399,3.550000,-1.586457,0.333531,3.631000,-1.908246,0.397669,3.582000,-1.929022,0.372262,3.621000,-1.781180,0.314688,3.643000,
-1.699615,-0.681478,2.948000,-1.623770,-0.614839,3.017000,-1.791818,-0.621564,3.050000,-1.842528,-0.435128,3.151000,-2.382967,-0.334752,4.153000,-1.504018,-0.631772,3.059000,-1.443565,-0.430077,3.243000,-1.477157,-0.196016,3.339000,-1.680269,-0.239402,3.307000,-1.742953,-0.226727,3.255000,-1.862362,0.033848,3.478000,-1.824006,0.303544,3.629000,-1.568783,-0.238967,3.301000,-1.575295,0.061244,3.413000,-1.592137,0.314774,3.644000,-1.707221,-0.703589,2.906000,-1.666312,-0.717911,2.932000,nan,nan,nan,-1.607479,-0.776140,3.002000,-1.573534,0.416931,3.579000,-1.546299,0.388080,3.584000,-1.603934,0.337205,3.671000,-1.907342,0.405200,3.562000,-1.946694,0.381752,3.617000,-1.796561,0.335643,3.654000,
-1.727960,-0.689569,2.983000,-1.622694,-0.614431,3.015000,-1.785944,-0.619526,3.040000,-1.856562,-0.438442,3.175000,nan,nan,nan,-1.501068,-0.630533,3.053000,-1.428430,-0.416783,3.209000,-1.465212,-0.194431,3.312000,-1.677728,-0.230000,3.302000,-1.741882,-0.217682,3.253000,-1.861292,0.043344,3.476000,-1.838489,0.324215,3.638000,-1.563080,-0.238099,3.289000,-1.569757,0.061029,3.401000,-1.590389,0.314428,3.640000,nan,nan,nan,-1.653809,-0.704558,2.910000,nan,nan,nan,-1.594092,-0.761527,2.977000,-1.529129,0.405165,3.478000,nan,nan,nan,-1.598691,0.346119,3.659000,-1.925762,0.414718,3.560000,-1.948481,0.390029,3.602000,-1.808047,0.345930,3.657000,
-1.734379,-0.688875,2.980000,-1.628783,-0.613616,3.011000,-1.788881,-0.612209,3.045000,-1.882291,-0.435706,3.219000,nan,nan,nan,-1.496642,-0.628674,3.044000,-1.424869,-0.415744,3.201000,-1.459461,-0.184637,3.299000,-1.678236,-0.230070,3.303000,-1.738946,-0.216210,3.231000,-1.859505,0.043082,3.455000,-1.847940,0.334082,3.637000,-1.559753,-0.237592,3.282000,-1.569757,0.061029,3.401000,-1.580340,0.322343,3.617000,-1.839944,-0.751286,3.103000,-1.653780,-0.701168,2.896000,0.000000,0.000000,0.000000,-1.596321,-0.758713,2.966000,-1.527370,0.404699,3.474000,-1.546299,0.388080,3.584000,-1.589952,0.344227,3.639000,-1.930070,0.423271,3.550000,-1.957820,0.397780,3.583000,-1.806624,0.363650,3.634000,
-1.748345,-0.687951,2.976000,-1.620669,-0.610559,2.996000,-1.793675,-0.611003,3.039000,-1.905202,-0.438954,3.243000,-1.906718,-0.267850,3.323000,-1.499537,-0.626402,3.033000,-1.433184,-0.415614,3.200000,-1.453710,-0.183909,3.286000,-1.664518,-0.228189,3.276000,-1.750787,-0.217682,3.253000,-1.863012,0.052373,3.444000,nan,nan,nan,-1.568738,-0.237592,3.282000,-1.566987,0.060921,3.395000,-1.589515,0.324215,3.638000,nan,nan,nan,-1.656543,-0.698989,2.887000,0.000000,0.000000,0.000000,-1.591458,-0.752574,2.942000,-1.531327,0.405748,3.483000,-1.518687,0.381150,3.520000,-1.592574,0.344795,3.645000,-1.935228,0.429818,3.524000,-1.964334,0.406906,3.577000,-1.815572,0.373393,3.632000,
-1.782461,-0.698122,3.020000,-1.617453,-0.606279,2.975000,-1.793100,-0.607987,3.024000,-1.915190,-0.432331,3.260000,-1.911308,-0.268495,3.331000,-1.504360,-0.624956,3.026000,-1.427810,-0.414056,3.188000,-1.447074,-0.183070,3.271000,-1.665823,-0.227145,3.261000,-1.758610,-0.208649,3.251000,-1.849488,0.051993,3.419000,nan,nan,nan,-1.570172,-0.237809,3.285000,-1.565603,0.070153,3.392000,-1.581651,0.322610,3.620000,nan,nan,nan,-1.666557,-0.688692,2.877000,0.000000,0.000000,0.000000,-1.572328,-0.739784,2.892000,-1.526931,0.404583,3.473000,-1.550182,0.389055,3.593000,nan,nan,nan,-1.938804,0.438093,3.513000,-1.958673,0.413436,3.549000,-1.810938,0.390137,3.603000,
-1.787764,-0.696966,3.015000,-1.631608,-0.608521,2.986000,-1.805548,-0.609394,3.031000,-1.934738,-0.434718,3.278000,-1.941182,-0.262179,3.367000,-1.507644,-0.622891,3.016000,-1.424821,-0.410679,3.162000,-1.455583,-0.183014,3.270000,-1.646922,-0.224567,3.224000,-1.771593,-0.210189,3.275000,-1.851236,0.051780,3.405000,-1.841147,0.358747,3.585000,-1.574357,-0.237085,3.275000,-1.566531,0.069781,3.374000,-1.582525,0.322789,3.622000,nan,nan,nan,-1.663375,-0.684144,2.858000,0.000000,0.000000,0.000000,-1.584317,-0.737993,2.885000,-1.543198,0.408893,3.510000,-1.542848,0.387214,3.576000,-1.552377,0.336092,3.553000,-1.953968,0.448984,3.523000,-1.965060,0.422436,3.543000,-1.818780,0.399557,3.599000,
nan,nan,nan,-1.657890,-0.612189,3.004000,-1.842570,-0.610616,3.079000,nan,nan,nan,nan,nan,nan,-1.512382,-0.621445,3.009000,-1.428490,-0.409250,3.151000,-1.462296,-0.173796,3.265000,-1.640855,-0.222547,3.195000,-1.769684,-0.208906,3.255000,-1.849083,0.060724,3.384000,-1.848895,0.368149,3.581000,-1.569550,-0.236361,3.265000,-1.562352,0.069595,3.365000,-1.583835,0.323056,3.625000,-2.751736,-1.085822,4.536000,-1.675497,-0.682708,2.852000,0.000000,0.000000,0.000000,-1.586696,-0.735435,2.875000,-1.532207,0.405981,3.485000,nan,nan,nan,-1.591263,0.344511,3.642000,-1.941874,0.453551,3.484000,-1.956923,0.428232,3.511000,-1.807292,0.404631,3.557000,
nan,nan,nan,-1.656685,-0.608725,2.987000,-1.855207,-0.612005,3.086000,nan,nan,nan,-2.396703,-0.320658,4.118000,-1.515060,-0.619174,2.998000,-1.431643,-0.407692,3.139000,-1.469882,-0.173636,3.262000,-1.646503,-0.222129,3.189000,-1.779141,-0.208970,3.256000,-1.845258,0.060598,3.377000,-1.828759,0.373836,3.542000,-1.562534,-0.233972,3.232000,-1.573899,0.069698,3.370000,-1.589078,0.324126,3.637000,-2.746481,-1.078880,4.507000,-1.700006,-0.686299,2.867000,0.000000,0.000000,0.000000,-1.599092,-0.733900,2.869000,-1.555019,0.419098,3.515000,-1.552203,0.387106,3.575000,-1.600875,0.346592,3.664000,-1.928497,0.459898,3.460000,-1.969895,0.438592,3.517000,-1.796114,0.411805,3.535000,
-2.705044,-1.013995,4.439000,-1.666878,-0.606483,2.976000,nan,nan,nan,nan,nan,nan,-2.413238,-0.310061,4.127000,-1.529942,-0.618554,2.995000,-1.435189,-0.406263,3.128000,-1.479265,-0.173690,3.263000,-1.655233,-0.213400,3.189000,-1.793546,-0.200671,3.266000,-1.839126,0.069264,3.349000,-1.803679,0.376277,3.475000,-1.557282,-0.231873,3.203000,-1.568762,0.069471,3.359000,-1.582328,0.320739,3.599000,-2.762549,-1.075528,4.493000,-1.680994,-0.672415,2.809000,0.000000,0.000000,0.000000,-1.569210,-0.713180,2.788000,-1.541747,0.415521,3.485000,-1.537441,0.393117,3.541000,-1.572475,0.340443,3.599000,-1.922846,0.465707,3.433000,nan,nan,nan,-1.796114,0.421482,3.535000,
-2.678020,-0.999376,4.375000,-1.674461,-0.606279,2.975000,nan,nan,nan,nan,nan,nan,-2.420424,-0.309535,4.120000,-1.529924,-0.615250,2.979000,-1.446521,-0.398463,3.134000,-1.494582,-0.174435,3.277000,-1.660310,-0.212931,3.182000,-1.799175,-0.200302,3.260000,-1.843327,0.069078,3.340000,-1.796932,0.384347,3.462000,-1.561161,-0.231149,3.193000,-1.579366,0.069533,3.362000,-1.584526,0.321185,3.604000,-2.789009,-1.076246,4.496000,-1.709055,-0.677442,2.830000,0.000000,0.000000,0.000000,-1.584194,-0.716506,2.801000,-1.565636,0.421959,3.539000,-1.516166,0.387678,3.492000,-1.576408,0.341295,3.608000,-1.909964,0.471922,3.410000,nan,nan,nan,-1.793020,0.418502,3.510000,
nan,nan,nan,-1.690181,-0.606076,2.974000,-2.900892,-0.935657,4.718000,nan,nan,nan,nan,nan,nan,-1.544157,-0.614423,2.975000,-1.453707,-0.398082,3.131000,-1.504929,-0.174594,3.280000,-1.663251,-0.212195,3.171000,-1.810873,-0.200610,3.265000,-1.838912,0.078033,3.332000,-1.801603,0.385346,3.471000,-1.573204,-0.230353,3.182000,-1.588097,0.078713,3.361000,-1.595276,0.331234,3.606000,-2.812373,-1.075768,4.494000,nan,nan,nan,0.000000,0.000000,0.000000,-1.593819,-0.713948,2.791000,-1.556628,0.426524,3.497000,-1.533589,0.389676,3.510000,-1.589802,0.342051,3.616000,-1.902122,0.479281,3.396000,nan,nan,nan,-1.788934,0.427134,3.502000,
nan,nan,nan,-1.686330,-0.593712,2.953000,nan,nan,nan,nan,nan,nan,-2.965364,-0.360369,4.978000,-1.542909,-0.602611,2.957000,-1.457608,-0.396810,3.121000,-1.507447,-0.173849,3.266000,-1.656641,-0.210255,3.142000,-1.803089,-0.198766,3.235000,-1.834167,0.077448,3.307000,-1.800565,0.394620,3.469000,-1.570977,-0.228760,3.160000,-1.590169,0.078361,3.346000,-1.588641,0.329856,3.591000,-2.816504,-1.072656,4.481000,-1.740254,-0.680553,2.843000,0.000000,0.000000,0.000000,nan,nan,nan,-1.571128,0.427866,3.508000,-1.534463,0.399512,3.512000,nan,nan,nan,nan,nan,nan,-1.967655,0.447710,3.513000,-1.778717,0.424695,3.482000,
-2.727263,-0.983562,4.358000,-1.701299,-0.596125,2.965000,nan,nan,nan,-2.871449,-0.596423,4.691000,-2.916755,-0.339498,4.874000,-1.553627,-0.603630,2.962000,-1.467561,-0.397192,3.124000,-1.508030,-0.172891,3.248000,-1.657822,-0.209318,3.128000,-1.808584,-0.198398,3.229000,-1.842105,0.077401,3.305000,-1.793818,0.393142,3.456000,-1.577128,-0.228398,3.155000,-1.594549,0.078127,3.336000,-1.596245,0.329397,3.586000,nan,nan,nan,nan,nan,nan,0.000000,0.000000,0.000000,-1.620215,-0.707826,2.797000,-1.580731,0.437469,3.508000,-1.559905,0.413320,3.548000,-1.589525,0.339876,3.593000,-1.884759,0.474906,3.365000,-1.916685,0.445480,3.422000,-1.771055,0.422865,3.467000,
-2.716566,-0.975438,4.322000,-1.710002,-0.593511,2.952000,nan,nan,nan,nan,nan,nan,-2.928895,-0.339359,4.872000,-1.554881,-0.600981,2.949000,-1.489816,-0.392247,3.153000,-1.520190,-0.164353,3.255000,-1.669049,-0.201076,3.133000,-1.811795,-0.188971,3.219000,-1.838204,0.086265,3.298000,-1.810427,0.396782,3.488000,-1.587775,-0.220040,3.159000,-1.606085,0.078244,3.341000,-1.606062,0.339214,3.586000,-2.848847,-1.058733,4.474000,nan,nan,nan,0.000000,0.000000,0.000000,-1.634856,-0.710863,2.809000,-1.587161,0.446180,3.501000,-1.539092,0.405282,3.479000,-1.563866,0.344066,3.535000,-1.869636,0.480233,3.338000,-1.973256,0.458628,3.523000,-1.780250,0.425061,3.485000,
nan,nan,nan,-1.705279,-0.581067,2.930000,nan,nan,nan,nan,nan,nan,nan,nan,nan,-1.559774,-0.591702,2.943000,-1.488942,-0.389759,3.133000,-1.505612,-0.161829,3.205000,-1.669582,-0.201140,3.134000,-1.810427,-0.187915,3.201000,-1.842751,0.086056,3.290000,-1.801084,0.394734,3.470000,-1.591875,-0.219413,3.150000,-1.614747,0.087364,3.340000,-1.607767,0.337511,3.568000,nan,nan,nan,-1.753938,-0.666145,2.815000,0.000000,0.000000,0.000000,-1.643715,-0.711369,2.811000,-1.585343,0.452510,3.476000,nan,nan,nan,-1.573098,0.343969,3.534000,-1.871876,0.480809,3.342000,nan,nan,nan,-1.801194,0.430062,3.526000,
nan,nan,nan,-1.698295,-0.570699,2.918000,-1.858492,-0.559666,2.944000,nan,nan,nan,nan,nan,nan,-1.563035,-0.589892,2.934000,-1.494173,-0.388888,3.126000,-1.515331,-0.161930,3.207000,-1.677625,-0.201076,3.133000,-1.809528,-0.186917,3.184000,-1.854513,0.095669,3.311000,-1.803679,0.395303,3.475000,-1.602022,-0.219622,3.153000,-1.628752,0.087626,3.350000,-1.627055,0.349322,3.589000,nan,nan,nan,-1.758515,-0.664962,2.810000,0.000000,0.000000,0.000000,-1.656580,-0.716936,2.833000,-1.592564,0.461360,3.471000,-1.575607,0.429086,3.518000,nan,nan,nan,-1.906043,0.489585,3.403000,-1.938529,0.441082,3.461000,-1.800683,0.429940,3.525000,
nan,nan,nan,-1.705113,-0.570308,2.916000,-1.860845,-0.557955,2.935000,-1.943974,-0.396683,3.120000,nan,nan,nan,-1.564633,-0.582455,2.937000,-1.496961,-0.378871,3.114000,-1.510133,-0.161374,3.196000,-1.688893,-0.192806,3.138000,-1.821671,-0.187269,3.190000,-1.845551,0.095207,3.295000,-1.803160,0.385679,3.474000,-1.617265,-0.212998,3.183000,-1.628144,0.087102,3.330000,-1.651018,0.362249,3.620000,nan,nan,nan,-1.734735,-0.648381,2.772000,0.000000,0.000000,0.000000,-1.669035,-0.711183,2.841000,-1.596527,0.469234,3.459000,-1.576676,0.436347,3.499000,-1.594249,0.363729,3.538000,nan,nan,nan,-1.936289,0.440573,3.457000,-1.772076,0.413613,3.469000,
-1.819633,-0.632021,2.870000,-1.695758,-0.559240,2.900000,-1.877794,-0.552544,2.949000,-1.961902,-0.398590,3.135000,-1.955107,-0.204991,3.194000,-1.560372,-0.580869,2.929000,-1.486866,-0.376316,3.093000,-1.515556,-0.161021,3.189000,-1.688893,-0.192806,3.138000,-1.820075,-0.177529,3.172000,-1.855697,0.095265,3.297000,-1.803800,0.374328,3.457000,-1.632108,-0.205055,3.195000,-1.622018,0.095323,3.299000,-1.668728,0.363950,3.637000,-1.796320,-0.654229,2.797000,-1.744748,-0.652124,2.788000,0.000000,0.000000,0.000000,-1.680197,-0.715940,2.860000,-1.598103,0.476351,3.442000,-1.578547,0.443759,3.482000,nan,nan,nan,nan,nan,nan,-1.951972,0.434601,3.485000,-1.781782,0.406330,3.488000,
-1.775794,-0.619468,2.813000,-1.690495,-0.557505,2.891000,-1.873973,-0.551420,2.943000,-1.968599,-0.398209,3.132000,-1.961841,-0.205697,3.205000,-1.560904,-0.573046,2.930000,-1.491193,-0.368919,3.102000,-1.510328,-0.160465,3.178000,-1.697483,-0.184216,3.138000,-1.824722,-0.177137,3.165000,-1.855134,0.104259,3.296000,-1.801713,0.364443,3.453000,-1.627511,-0.204477,3.186000,-1.603827,0.094253,3.262000,-1.662305,0.372467,3.623000,-1.770758,-0.640099,2.769000,-1.742870,-0.651422,2.785000,0.000000,0.000000,0.000000,-1.660223,-0.707429,2.826000,-1.614531,0.478427,3.457000,-1.580814,0.453942,3.487000,-1.640072,0.389380,3.596000,-1.886439,0.456890,3.368000,-1.970455,0.429086,3.518000,-1.780761,0.396554,3.486000,
-1.759380,-0.613743,2.787000,-1.690495,-0.549591,2.891000,-1.865695,-0.548984,2.930000,-1.967072,-0.396174,3.116000,-1.962621,-0.196124,3.192000,-1.561970,-0.565411,2.932000,-1.492635,-0.369276,3.105000,-1.515556,-0.152291,3.189000,-1.679632,-0.182279,3.105000,-1.828758,-0.177529,3.172000,-1.855697,0.104290,3.297000,-1.812739,0.355299,3.456000,-1.632124,-0.195264,3.178000,-1.599902,0.093502,3.236000,-1.661607,0.379958,3.600000,-1.767560,-0.638943,2.764000,-1.729016,-0.649083,2.775000,0.000000,0.000000,0.000000,nan,nan,nan,-1.600987,0.483797,3.428000,-1.588079,0.453291,3.482000,-1.636152,0.386131,3.566000,-1.960933,0.465348,3.501000,-1.996220,0.415184,3.564000,-1.803237,0.382233,3.530000,
-1.747980,-0.612421,2.781000,-1.686986,-0.548450,2.885000,-1.854871,-0.545799,2.913000,-1.914676,-0.385622,3.033000,-1.951554,-0.195018,3.174000,-1.559306,-0.564447,2.927000,-1.483982,-0.358685,3.087000,-1.509853,-0.151718,3.177000,-1.674764,-0.181751,3.096000,-1.816008,-0.175458,3.135000,-1.863014,0.113762,3.310000,-1.809592,0.335793,3.450000,-1.626988,-0.194650,3.168000,-1.589025,0.101665,3.214000,-1.651497,0.375419,3.557000,-1.765002,-0.638019,2.760000,-1.730885,-0.642180,2.778000,0.000000,0.000000,0.000000,nan,nan,nan,-1.602855,0.490879,3.412000,-1.577882,0.457107,3.439000,-1.592373,0.383015,3.450000,-1.960386,0.443886,3.483000,-2.009354,0.406110,3.570000,-1.800061,0.360336,3.505000,
-1.744837,-0.611320,2.776000,-1.682581,-0.541677,2.891000,-1.842135,-0.534132,2.893000,-1.896350,-0.380282,2.991000,-1.957772,-0.194773,3.170000,-1.548114,-0.563290,2.921000,-1.481267,-0.360079,3.099000,-1.510328,-0.151766,3.178000,-1.683960,-0.174227,3.113000,-1.789941,-0.172940,3.090000,-1.872075,0.113762,3.310000,-1.813764,0.306569,3.440000,-1.627502,-0.186036,3.169000,-1.589519,0.101696,3.215000,nan,nan,nan,-1.758720,-0.638481,2.762000,-1.719558,-0.640793,2.772000,0.000000,0.000000,0.000000,-2.648130,-1.126539,4.550000,-1.600506,0.490160,3.407000,-1.565035,0.453385,3.411000,nan,nan,nan,-1.976142,0.416594,3.494000,-2.036094,0.379958,3.600000,-1.800362,0.329849,3.487000,
-1.739741,-0.612201,2.780000,-1.677925,-0.540178,2.883000,-1.820267,-0.530070,2.871000,-1.888107,-0.378629,2.978000,-1.951596,-0.194158,3.160000,-1.541172,-0.555674,2.923000,-1.485569,-0.361125,3.108000,-1.511279,-0.151861,3.180000,-1.684501,-0.174283,3.114000,-1.802685,-0.165652,3.112000,-1.870378,0.113659,3.307000,-1.813111,0.276781,3.421000,-1.623907,-0.185625,3.162000,-1.599811,0.101791,3.218000,-1.599586,0.370863,3.425000,-1.741528,-0.632240,2.735000,-1.710735,-0.640330,2.770000,0.000000,0.000000,0.000000,-2.619454,-1.107228,4.522000,-1.595657,0.485844,3.377000,nan,nan,nan,-1.608317,0.403534,3.464000,-2.029872,0.398446,3.589000,-2.071160,0.356427,3.662000,-1.805756,0.300521,3.479000,
-1.725277,-0.609779,2.769000,-1.669453,-0.539990,2.882000,-1.818365,-0.529516,2.868000,-1.888741,-0.378756,2.979000,-1.957765,-0.193912,3.156000,-1.536954,-0.554153,2.915000,-1.480311,-0.351369,3.097000,-1.520056,-0.144822,3.217000,-1.679977,-0.172940,3.090000,-1.798400,-0.164481,3.090000,-1.870907,0.113144,3.292000,-1.820060,0.247087,3.399000,-1.621339,-0.185332,3.157000,-1.595834,0.101538,3.210000,-1.618734,0.384791,3.466000,-1.729603,-0.630621,2.728000,-1.701471,-0.636863,2.755000,0.000000,0.000000,0.000000,-2.634172,-1.118736,4.569000,-1.590932,0.484405,3.367000,nan,nan,nan,-1.632461,0.409592,3.516000,-2.061862,0.372981,3.628000,-2.107199,0.328849,3.690000,nan,nan,nan,
-1.713439,-0.605595,2.750000,-1.661923,-0.529701,2.869000,-1.820902,-0.530255,2.872000,-1.898170,-0.379010,2.981000,-1.953943,-0.192684,3.136000,-1.527925,-0.545799,2.913000,-1.485140,-0.354546,3.125000,nan,nan,nan,-1.673996,-0.172324,3.079000,-1.783850,-0.163150,3.065000,-1.877063,0.121970,3.287000,-1.828827,0.219109,3.398000,-1.618771,-0.176410,3.152000,-1.604783,0.110944,3.228000,-1.627608,0.386900,3.485000,-1.729603,-0.630621,2.728000,-1.687780,-0.634551,2.745000,0.000000,0.000000,0.000000,-2.599581,-1.104045,4.509000,-1.560219,0.475054,3.302000,-1.597912,0.469641,3.462000,-1.642211,0.412038,3.537000,-2.098939,0.346024,3.658000,-2.156892,0.304127,3.759000,-1.812182,0.240441,3.437000,
-1.704050,-0.604934,2.747000,-1.659606,-0.528962,2.865000,-1.822170,-0.530624,2.874000,-1.885435,-0.376467,2.961000,-1.963154,-0.192745,3.137000,-1.525303,-0.544862,2.908000,-1.490843,-0.347320,3.137000,nan,nan,nan,-1.669103,-0.171820,3.070000,-1.781522,-0.162937,3.061000,-1.881471,0.121673,3.279000,-1.831664,0.189571,3.369000,-1.617230,-0.176242,3.149000,-1.603291,0.110841,3.225000,-1.619201,0.384902,3.467000,-1.696252,-0.621144,2.687000,-1.681632,-0.632240,2.735000,0.000000,0.000000,0.000000,-2.597566,-1.108452,4.527000,-1.576757,0.480089,3.337000,-1.588219,0.466793,3.441000,-1.636639,0.420290,3.525000,-2.167182,0.324708,3.759000,-2.194850,0.275438,3.789000,-1.818411,0.211844,3.431000,
-1.717077,-0.601981,2.768000,-1.647727,-0.527670,2.858000,-1.818999,-0.529701,2.869000,-1.898170,-0.379010,2.981000,-1.945343,-0.190164,3.095000,-1.511602,-0.542801,2.897000,-1.480863,-0.344994,3.116000,nan,nan,nan,-1.666385,-0.163150,3.065000,-1.769882,-0.161872,3.041000,-1.882376,0.121154,3.265000,-1.841323,0.170313,3.353000,-1.607986,-0.175234,3.131000,-1.597326,0.110429,3.213000,-1.619668,0.385013,3.468000,-1.714560,-0.627847,2.716000,-1.671179,-0.628310,2.718000,0.000000,0.000000,0.000000,-2.577483,-1.087586,4.492000,-1.573449,0.479082,3.330000,-1.573911,0.462587,3.410000,-1.625961,0.417548,3.502000,-2.188344,0.293915,3.760000,-2.275645,0.262827,3.910000,-1.809886,0.180937,3.380000,
-1.698467,-0.595457,2.738000,-1.642538,-0.526008,2.849000,-1.827242,-0.532101,2.882000,-1.903772,-0.378502,2.977000,-1.943715,-0.197610,3.079000,-1.507428,-0.541302,2.889000,-1.472805,-0.345105,3.117000,nan,nan,nan,-1.665297,-0.163044,3.063000,-1.772792,-0.162139,3.046000,-1.895636,0.131008,3.288000,-1.844150,0.150687,3.325000,-1.611581,-0.175626,3.138000,-1.594957,0.119707,3.226000,-1.619201,0.384902,3.467000,-1.708878,-0.625767,2.707000,-1.663127,-0.628079,2.717000,0.000000,0.000000,0.000000,nan,nan,nan,-1.592350,0.484837,3.370000,-1.563295,0.459467,3.387000,-1.628282,0.418144,3.507000,-2.221855,0.285282,3.782000,-2.275903,0.249802,3.874000,-1.819737,0.170872,3.364000,
-1.695365,-0.586888,2.733000,-1.640809,-0.525454,2.846000,-1.818999,-0.529701,2.869000,-1.947245,-0.377194,3.032000,-1.961020,-0.198509,3.093000,-1.505341,-0.532655,2.885000,-1.458051,-0.331281,3.068000,-1.499738,-0.125508,3.174000,-1.659317,-0.162458,3.052000,-1.782300,-0.162245,3.048000,-1.894789,0.130331,3.271000,-1.857874,0.159404,3.317000,-1.600796,-0.165918,3.117000,-1.592980,0.119558,3.222000,-1.615465,0.393483,3.459000,-1.699409,-0.614930,2.692000,-1.659454,-0.619270,2.711000,0.000000,0.000000,0.000000,nan,nan,nan,-1.594240,0.485412,3.374000,nan,nan,nan,nan,nan,nan,-2.252048,0.286489,3.798000,-2.304822,0.250640,3.887000,-1.829958,0.179278,3.349000,
-1.704670,-0.590109,2.748000,-1.634697,-0.521023,2.822000,-1.810757,-0.527301,2.856000,-1.952382,-0.378190,3.040000,nan,nan,nan,-1.505341,-0.532655,2.885000,-1.450922,-0.329662,3.053000,-1.495958,-0.116525,3.166000,-1.649531,-0.161500,3.034000,-1.799257,-0.155366,3.077000,-1.910727,0.139796,3.283000,-1.871457,0.187095,3.325000,-1.598742,-0.165705,3.113000,-1.593969,0.128458,3.224000,-1.620602,0.394734,3.470000,-1.700671,-0.615387,2.694000,-1.662571,-0.617671,2.704000,0.000000,0.000000,0.000000,-1.599164,-0.667148,2.787000,nan,nan,nan,-1.594219,0.459101,3.454000,-1.631997,0.419098,3.515000,-2.242788,0.304613,3.765000,-2.307718,0.281617,3.874000,-1.843519,0.207275,3.357000,
-1.740231,-0.592127,2.793000,-1.635276,-0.521208,2.823000,-1.811571,-0.525270,2.845000,-1.945225,-0.375204,3.016000,nan,nan,nan,-1.509567,-0.531362,2.878000,-1.448546,-0.320778,3.048000,-1.494645,-0.107143,3.145000,-1.654011,-0.161127,3.027000,-1.795749,-0.155063,3.071000,-1.902757,0.138561,3.254000,-1.912232,0.227268,3.381000,-1.596174,-0.165439,3.108000,-1.596935,0.128697,3.230000,-1.619201,0.394393,3.467000,-1.712666,-0.619727,2.713000,-1.658882,-0.616301,2.698000,0.000000,0.000000,0.000000,-1.599875,-0.664276,2.775000,-1.571559,0.478507,3.326000,-1.613143,0.464550,3.495000,-1.628746,0.418263,3.508000,-2.190058,0.344606,3.643000,-2.257990,0.314167,3.756000,-1.848294,0.243452,3.349000,
-1.743346,-0.593187,2.798000,-1.636602,-0.519177,2.812000,-1.809767,-0.522500,2.830000,-1.993609,-0.372909,3.065000,-3.142292,-0.310053,4.831000,-1.509537,-0.528593,2.863000,-1.453066,-0.319936,3.040000,-1.491793,-0.106938,3.139000,-1.648547,-0.160595,3.017000,-1.798672,-0.155315,3.076000,-1.897494,0.147061,3.245000,-1.922412,0.284306,3.399000,-1.594633,-0.165279,3.105000,-1.590014,0.128139,3.216000,-1.614998,0.393369,3.458000,nan,nan,nan,-1.657652,-0.615844,2.696000,0.000000,0.000000,0.000000,-1.605154,-0.655733,2.771000,-1.560106,0.477787,3.321000,nan,nan,nan,-1.602282,0.411467,3.451000,-2.173459,0.399557,3.599000,-2.219356,0.367753,3.675000,-1.888521,0.303450,3.405000,
-1.739115,-0.581551,2.779000,-1.651317,-0.513662,2.824000,-1.807209,-0.514026,2.826000,nan,nan,nan,-3.139882,-0.307229,4.787000,-1.516844,-0.528408,2.862000,-1.463792,-0.320462,3.045000,-1.499430,-0.098283,3.137000,-1.650765,-0.160009,3.006000,-1.802181,-0.147181,3.082000,-1.902853,0.146789,3.239000,-2.070386,0.374523,3.643000,-1.593093,-0.165120,3.102000,-1.601800,0.137198,3.222000,-1.617333,0.393938,3.463000,nan,nan,nan,-1.663180,-0.615159,2.693000,0.000000,0.000000,0.000000,-1.588878,-0.646030,2.730000,-1.570910,0.481096,3.344000,-1.596065,0.459633,3.458000,-1.644997,0.422436,3.543000,-2.112334,0.443759,3.482000,-2.145699,0.421721,3.537000,-2.005414,0.389596,3.598000,
-1.749866,-0.582598,2.784000,-1.654935,-0.512389,2.817000,-1.816229,-0.514389,2.828000,nan,nan,nan,-3.159573,-0.294739,4.797000,-1.517753,-0.526008,2.849000,-1.461388,-0.319936,3.040000,-1.498884,-0.089152,3.118000,-1.644724,-0.159424,2.995000,-1.798672,-0.146895,3.076000,-1.883466,0.154070,3.206000,-1.985707,0.426159,3.494000,-1.579740,-0.163736,3.076000,-1.589869,0.136176,3.198000,-1.615465,0.393483,3.459000,nan,nan,nan,-1.657004,-0.605530,2.683000,0.000000,0.000000,0.000000,-1.572376,-0.636328,2.689000,-1.612250,0.493757,3.432000,-1.551270,0.449398,3.381000,-1.610639,0.413613,3.469000,-2.057881,0.495088,3.377000,-2.068850,0.469846,3.395000,nan,nan,nan,
-1.792371,-0.591596,2.827000,-1.657285,-0.513116,2.821000,-1.829131,-0.515844,2.836000,-3.025875,-0.544103,4.575000,-3.165248,-0.292835,4.766000,-1.521268,-0.524531,2.841000,-1.472611,-0.312229,3.046000,-1.506453,-0.089095,3.116000,-1.650716,-0.159211,2.991000,-1.811205,-0.147229,3.083000,-1.883979,0.153397,3.192000,nan,nan,nan,-1.579226,-0.163682,3.075000,-1.593846,0.145294,3.206000,-1.616866,0.393824,3.462000,nan,nan,nan,-1.663728,-0.605304,2.682000,0.000000,0.000000,0.000000,-1.573275,-0.633725,2.678000,-1.576078,0.482679,3.355000,-1.580635,0.457905,3.445000,-1.633854,0.429208,3.519000,-2.008362,0.552868,3.281000,-2.038356,0.524661,3.330000,-1.872203,0.501645,3.359000,
